batch,idx,key,session,ext,src_path,width,height,qa_path
1,1,20260912_051706_fcc95395_auto_00000001_20260912051706447,20260912_051706_fcc95395,jpg,F:\CODE\JianChanChan\src\ChanSight.Cli\bin\Debug\net8.0-windows10.0.22621.0\datasets\recordings\20260912_051706_fcc95395\auto_00000001_20260912051706447.jpg,3840,2088,F:\CODE\JianChanChan\scripts\..\docs\qa_runs\a1\bulk\img_0001.jpg
1,2,20260912_051706_fcc95395_auto_00000104_20260912051708470,20260912_051706_fcc95395,jpg,F:\CODE\JianChanChan\src\ChanSight.Cli\bin\Debug\net8.0-windows10.0.22621.0\datasets\recordings\20260912_051706_fcc95395\auto_00000104_20260912051708470.jpg,3840,2088,F:\CODE\JianChanChan\scripts\..\docs\qa_runs\a1\bulk\img_0002.jpg
1,3,20260912_051706_fcc95395_auto_00000202_20260912051710486,20260912_051706_fcc95395,jpg,F:\CODE\JianChanChan\src\ChanSight.Cli\bin\Debug\net8.0-windows10.0.22621.0\datasets\recordings\20260912_051706_fcc95395\auto_00000202_20260912051710486.jpg,3840,2088,F:\CODE\JianChanChan\scripts\..\docs\qa_runs\a1\bulk\img_0003.jpg
1,4,20260912_051706_fcc95395_auto_00000300_20260912051712491,20260912_051706_fcc95395,jpg,F:\CODE\JianChanChan\src\ChanSight.Cli\bin\Debug\net8.0-windows10.0.22621.0\datasets\recordings\20260912_051706_fcc95395\auto_00000300_20260912051712491.jpg,3840,2088,F:\CODE\JianChanChan\scripts\..\docs\qa_runs\a1\bulk\img_0004.jpg
1,5,20260912_051706_fcc95395_auto_00000400_20260912051714506,20260912_051706_fcc95395,jpg,F:\CODE\JianChanChan\src\ChanSight.Cli\bin\Debug\net8.0-windows10.0.22621.0\datasets\recordings\20260912_051706_fcc95395\auto_00000400_20260912051714506.jpg,3840,2088,F:\CODE\JianChanChan\scripts\..\docs\qa_runs\a1\bulk\img_0005.jpg
1,6,20260912_051706_fcc95395_auto_00000498_20260912051716519,20260912_051706_fcc95395,jpg,F:\CODE\JianChanChan\src\ChanSight.Cli\bin\Debug\net8.0-windows10.0.22621.0\datasets\recordings\20260912_051706_fcc95395\auto_00000498_20260912051716519.jpg,3840,2088,F:\CODE\JianChanChan\scripts\..\docs\qa_runs\a1\bulk\img_0006.jpg
1,7,20260912_051706_fcc95395_auto_00000598_20260912051718581,20260912_051706_fcc95395,jpg,F:\CODE\JianChanChan\src\ChanSight.Cli\bin\Debug\net8.0-windows10.0.22621.0\datasets\recordings\20260912_051706_fcc95395\auto_00000598_20260912051718581.jpg,3840,2088,F:\CODE\JianChanChan\scripts\..\docs\qa_runs\a1\bulk\img_0007.jpg
1,8,20260912_051706_fcc95395_auto_00000696_20260912051720590,20260912_051706_fcc95395,jpg,F:\CODE\JianChanChan\src\ChanSight.Cli\bin\Debug\net8.0-windows10.0.22621.0\datasets\recordings\20260912_051706_fcc95395\auto_00000696_20260912051720590.jpg,3840,2088,F:\CODE\JianChanChan\scripts\..\docs\qa_runs\a1\bulk\img_0008.jpg
1,9,20260912_051706_fcc95395_auto_00000795_20260912051722630,20260912_051706_fcc95395,jpg,F:\CODE\JianChanChan\src\ChanSight.Cli\bin\Debug\net8.0-windows10.0.22621.0\datasets\recordings\20260912_051706_fcc95395\auto_00000795_20260912051722630.jpg,3840,2088,F:\CODE\JianChanChan\scripts\..\docs\qa_runs\a1\bulk\img_0009.jpg
1,10,20260912_051706_fcc95395_auto_00000893_20260912051724640,20260912_051706_fcc95395,jpg,F:\CODE\JianChanChan\src\ChanSight.Cli\bin\Debug\net8.0-windows10.0.22621.0\datasets\recordings\20260912_051706_fcc95395\auto_00000893_20260912051724640.jpg,3840,2088,F:\CODE\JianChanChan\scripts\..\docs\qa_runs\a1\bulk\img_0010.jpg
1,11,20260912_051706_fcc95395_auto_00000991_20260912051726645,20260912_051706_fcc95395,jpg,F:\CODE\JianChanChan\src\ChanSight.Cli\bin\Debug\net8.0-windows10.0.22621.0\datasets\recordings\20260912_051706_fcc95395\auto_00000991_20260912051726645.jpg,3840,2088,F:\CODE\JianChanChan\scripts\..\docs\qa_runs\a1\bulk\img_0011.jpg
1,12,20260912_051706_fcc95395_auto_00001089_20260912051728715,20260912_051706_fcc95395,jpg,F:\CODE\JianChanChan\src\ChanSight.Cli\bin\Debug\net8.0-windows10.0.22621.0\datasets\recordings\20260912_051706_fcc95395\auto_00001089_20260912051728715.jpg,3840,2088,F:\CODE\JianChanChan\scripts\..\docs\qa_runs\a1\bulk\img_0012.jpg
1,13,20260912_051706_fcc95395_auto_00001181_20260912051730742,20260912_051706_fcc95395,jpg,F:\CODE\JianChanChan\src\ChanSight.Cli\bin\Debug\net8.0-windows10.0.22621.0\datasets\recordings\20260912_051706_fcc95395\auto_00001181_20260912051730742.jpg,3840,2088,F:\CODE\JianChanChan\scripts\..\docs\qa_runs\a1\bulk\img_0013.jpg
1,14,20260912_051706_fcc95395_auto_00001263_20260912051732763,20260912_051706_fcc95395,jpg,F:\CODE\JianChanChan\src\ChanSight.Cli\bin\Debug\net8.0-windows10.0.22621.0\datasets\recordings\20260912_051706_fcc95395\auto_00001263_20260912051732763.jpg,3840,2088,F:\CODE\JianChanChan\scripts\..\docs\qa_runs\a1\bulk\img_0014.jpg
1,15,20260912_051706_fcc95395_auto_00001353_20260912051734793,20260912_051706_fcc95395,jpg,F:\CODE\JianChanChan\src\ChanSight.Cli\bin\Debug\net8.0-windows10.0.22621.0\datasets\recordings\20260912_051706_fcc95395\auto_00001353_20260912051734793.jpg,3840,2088,F:\CODE\JianChanChan\scripts\..\docs\qa_runs\a1\bulk\img_0015.jpg
1,16,20260912_051706_fcc95395_auto_00001455_20260912051736855,20260912_051706_fcc95395,jpg,F:\CODE\JianChanChan\src\ChanSight.Cli\bin\Debug\net8.0-windows10.0.22621.0\datasets\recordings\20260912_051706_fcc95395\auto_00001455_20260912051736855.jpg,3840,2088,F:\CODE\JianChanChan\scripts\..\docs\qa_runs\a1\bulk\img_0016.jpg
1,17,20260912_051706_fcc95395_auto_00001536_20260912051738895,20260912_051706_fcc95395,jpg,F:\CODE\JianChanChan\src\ChanSight.Cli\bin\Debug\net8.0-windows10.0.22621.0\datasets\recordings\20260912_051706_fcc95395\auto_00001536_20260912051738895.jpg,3840,2088,F:\CODE\JianChanChan\scripts\..\docs\qa_runs\a1\bulk\img_0017.jpg
1,18,20260912_051706_fcc95395_auto_00001583_20260912051740987,20260912_051706_fcc95395,jpg,F:\CODE\JianChanChan\src\ChanSight.Cli\bin\Debug\net8.0-windows10.0.22621.0\datasets\recordings\20260912_051706_fcc95395\auto_00001583_20260912051740987.jpg,3840,2088,F:\CODE\JianChanChan\scripts\..\docs\qa_runs\a1\bulk\img_0018.jpg
1,19,20260912_051706_fcc95395_auto_00001606_20260912051743376,20260912_051706_fcc95395,jpg,F:\CODE\JianChanChan\src\ChanSight.Cli\bin\Debug\net8.0-windows10.0.22621.0\datasets\recordings\20260912_051706_fcc95395\auto_00001606_20260912051743376.jpg,3840,2088,F:\CODE\JianChanChan\scripts\..\docs\qa_runs\a1\bulk\img_0019.jpg
1,20,20260912_051706_fcc95395_auto_00001659_20260912051745495,20260912_051706_fcc95395,jpg,F:\CODE\JianChanChan\src\ChanSight.Cli\bin\Debug\net8.0-windows10.0.22621.0\datasets\recordings\20260912_051706_fcc95395\auto_00001659_20260912051745495.jpg,3840,2088,F:\CODE\JianChanChan\scripts\..\docs\qa_runs\a1\bulk\img_0020.jpg
1,21,20260912_051706_fcc95395_frame_00000001,20260912_051706_fcc95395,png,F:\CODE\JianChanChan\src\ChanSight.Cli\bin\Debug\net8.0-windows10.0.22621.0\datasets\recordings\20260912_051706_fcc95395\frame_00000001.png,3840,2088,F:\CODE\JianChanChan\scripts\..\docs\qa_runs\a1\bulk\img_0021.jpg
1,22,20260912_051706_fcc95395_frame_00000002,20260912_051706_fcc95395,png,F:\CODE\JianChanChan\src\ChanSight.Cli\bin\Debug\net8.0-windows10.0.22621.0\datasets\recordings\20260912_051706_fcc95395\frame_00000002.png,3840,2088,F:\CODE\JianChanChan\scripts\..\docs\qa_runs\a1\bulk\img_0022.jpg
1,23,20260912_051706_fcc95395_frame_00000003,20260912_051706_fcc95395,png,F:\CODE\JianChanChan\src\ChanSight.Cli\bin\Debug\net8.0-windows10.0.22621.0\datasets\recordings\20260912_051706_fcc95395\frame_00000003.png,3840,2088,F:\CODE\JianChanChan\scripts\..\docs\qa_runs\a1\bulk\img_0023.jpg
1,24,20260912_051706_fcc95395_frame_00000004,20260912_051706_fcc95395,png,F:\CODE\JianChanChan\src\ChanSight.Cli\bin\Debug\net8.0-windows10.0.22621.0\datasets\recordings\20260912_051706_fcc95395\frame_00000004.png,3840,2088,F:\CODE\JianChanChan\scripts\..\docs\qa_runs\a1\bulk\img_0024.jpg
1,25,20260912_051706_fcc95395_frame_00000005,20260912_051706_fcc95395,png,F:\CODE\JianChanChan\src\ChanSight.Cli\bin\Debug\net8.0-windows10.0.22621.0\datasets\recordings\20260912_051706_fcc95395\frame_00000005.png,3840,2088,F:\CODE\JianChanChan\scripts\..\docs\qa_runs\a1\bulk\img_0025.jpg
1,26,20260912_051706_fcc95395_frame_00000006,20260912_051706_fcc95395,png,F:\CODE\JianChanChan\src\ChanSight.Cli\bin\Debug\net8.0-windows10.0.22621.0\datasets\recordings\20260912_051706_fcc95395\frame_00000006.png,3840,2088,F:\CODE\JianChanChan\scripts\..\docs\qa_runs\a1\bulk\img_0026.jpg
1,27,20260912_051706_fcc95395_frame_00000007,20260912_051706_fcc95395,png,F:\CODE\JianChanChan\src\ChanSight.Cli\bin\Debug\net8.0-windows10.0.22621.0\datasets\recordings\20260912_051706_fcc95395\frame_00000007.png,3840,2088,F:\CODE\JianChanChan\scripts\..\docs\qa_runs\a1\bulk\img_0027.jpg
1,28,20260912_051706_fcc95395_frame_00000008,20260912_051706_fcc95395,png,F:\CODE\JianChanChan\src\ChanSight.Cli\bin\Debug\net8.0-windows10.0.22621.0\datasets\recordings\20260912_051706_fcc95395\frame_00000008.png,3840,2088,F:\CODE\JianChanChan\scripts\..\docs\qa_runs\a1\bulk\img_0028.jpg
1,29,20260912_051706_fcc95395_frame_00000009,20260912_051706_fcc95395,png,F:\CODE\JianChanChan\src\ChanSight.Cli\bin\Debug\net8.0-windows10.0.22621.0\datasets\recordings\20260912_051706_fcc95395\frame_00000009.png,3840,2088,F:\CODE\JianChanChan\scripts\..\docs\qa_runs\a1\bulk\img_0029.jpg
1,30,20260912_051706_fcc95395_frame_00000010,20260912_051706_fcc95395,png,F:\CODE\JianChanChan\src\ChanSight.Cli\bin\Debug\net8.0-windows10.0.22621.0\datasets\recordings\20260912_051706_fcc95395\frame_00000010.png,3840,2088,F:\CODE\JianChanChan\scripts\..\docs\qa_runs\a1\bulk\img_0030.jpg
1,31,20260912_051706_fcc95395_frame_00000011,20260912_051706_fcc95395,png,F:\CODE\JianChanChan\src\ChanSight.Cli\bin\Debug\net8.0-windows10.0.22621.0\datasets\recordings\20260912_051706_fcc95395\frame_00000011.png,3840,2088,F:\CODE\JianChanChan\scripts\..\docs\qa_runs\a1\bulk\img_0031.jpg
1,32,20260912_051706_fcc95395_frame_00000012,20260912_051706_fcc95395,png,F:\CODE\JianChanChan\src\ChanSight.Cli\bin\Debug\net8.0-windows10.0.22621.0\datasets\recordings\20260912_051706_fcc95395\frame_00000012.png,3840,2088,F:\CODE\JianChanChan\scripts\..\docs\qa_runs\a1\bulk\img_0032.jpg
1,33,20260912_051706_fcc95395_frame_00000013,20260912_051706_fcc95395,png,F:\CODE\JianChanChan\src\ChanSight.Cli\bin\Debug\net8.0-windows10.0.22621.0\datasets\recordings\20260912_051706_fcc95395\frame_00000013.png,3840,2088,F:\CODE\JianChanChan\scripts\..\docs\qa_runs\a1\bulk\img_0033.jpg
1,34,20260912_051706_fcc95395_frame_00000014,20260912_051706_fcc95395,png,F:\CODE\JianChanChan\src\ChanSight.Cli\bin\Debug\net8.0-windows10.0.22621.0\datasets\recordings\20260912_051706_fcc95395\frame_00000014.png,3840,2088,F:\CODE\JianChanChan\scripts\..\docs\qa_runs\a1\bulk\img_0034.jpg
1,35,20260912_051706_fcc95395_frame_00000015,20260912_051706_fcc95395,png,F:\CODE\JianChanChan\src\ChanSight.Cli\bin\Debug\net8.0-windows10.0.22621.0\datasets\recordings\20260912_051706_fcc95395\frame_00000015.png,3840,2088,F:\CODE\JianChanChan\scripts\..\docs\qa_runs\a1\bulk\img_0035.jpg
1,36,20260912_051706_fcc95395_frame_00000016,20260912_051706_fcc95395,png,F:\CODE\JianChanChan\src\ChanSight.Cli\bin\Debug\net8.0-windows10.0.22621.0\datasets\recordings\20260912_051706_fcc95395\frame_00000016.png,3840,2088,F:\CODE\JianChanChan\scripts\..\docs\qa_runs\a1\bulk\img_0036.jpg
1,37,20260912_051706_fcc95395_frame_00000017,20260912_051706_fcc95395,png,F:\CODE\JianChanChan\src\ChanSight.Cli\bin\Debug\net8.0-windows10.0.22621.0\datasets\recordings\20260912_051706_fcc95395\frame_00000017.png,3840,2088,F:\CODE\JianChanChan\scripts\..\docs\qa_runs\a1\bulk\img_0037.jpg
1,38,20260912_051706_fcc95395_frame_00000018,20260912_051706_fcc95395,png,F:\CODE\JianChanChan\src\ChanSight.Cli\bin\Debug\net8.0-windows10.0.22621.0\datasets\recordings\20260912_051706_fcc95395\frame_00000018.png,3840,2088,F:\CODE\JianChanChan\scripts\..\docs\qa_runs\a1\bulk\img_0038.jpg
1,39,20260912_051706_fcc95395_frame_00000019,20260912_051706_fcc95395,png,F:\CODE\JianChanChan\src\ChanSight.Cli\bin\Debug\net8.0-windows10.0.22621.0\datasets\recordings\20260912_051706_fcc95395\frame_00000019.png,3840,2088,F:\CODE\JianChanChan\scripts\..\docs\qa_runs\a1\bulk\img_0039.jpg
1,40,20260912_051706_fcc95395_frame_00000020,20260912_051706_fcc95395,png,F:\CODE\JianChanChan\src\ChanSight.Cli\bin\Debug\net8.0-windows10.0.22621.0\datasets\recordings\20260912_051706_fcc95395\frame_00000020.png,3840,2088,F:\CODE\JianChanChan\scripts\..\docs\qa_runs\a1\bulk\img_0040.jpg
1,41,20260912_051706_fcc95395_frame_00000021,20260912_051706_fcc95395,png,F:\CODE\JianChanChan\src\ChanSight.Cli\bin\Debug\net8.0-windows10.0.22621.0\datasets\recordings\20260912_051706_fcc95395\frame_00000021.png,3840,2088,F:\CODE\JianChanChan\scripts\..\docs\qa_runs\a1\bulk\img_0041.jpg
1,42,20260912_051706_fcc95395_frame_00000022,20260912_051706_fcc95395,png,F:\CODE\JianChanChan\src\ChanSight.Cli\bin\Debug\net8.0-windows10.0.22621.0\datasets\recordings\20260912_051706_fcc95395\frame_00000022.png,3840,2088,F:\CODE\JianChanChan\scripts\..\docs\qa_runs\a1\bulk\img_0042.jpg
1,43,20260912_051706_fcc95395_frame_00000023,20260912_051706_fcc95395,png,F:\CODE\JianChanChan\src\ChanSight.Cli\bin\Debug\net8.0-windows10.0.22621.0\datasets\recordings\20260912_051706_fcc95395\frame_00000023.png,3840,2088,F:\CODE\JianChanChan\scripts\..\docs\qa_runs\a1\bulk\img_0043.jpg
1,44,20260912_051706_fcc95395_frame_00000024,20260912_051706_fcc95395,png,F:\CODE\JianChanChan\src\ChanSight.Cli\bin\Debug\net8.0-windows10.0.22621.0\datasets\recordings\20260912_051706_fcc95395\frame_00000024.png,3840,2088,F:\CODE\JianChanChan\scripts\..\docs\qa_runs\a1\bulk\img_0044.jpg
1,45,20260912_051706_fcc95395_frame_00000025,20260912_051706_fcc95395,png,F:\CODE\JianChanChan\src\ChanSight.Cli\bin\Debug\net8.0-windows10.0.22621.0\datasets\recordings\20260912_051706_fcc95395\frame_00000025.png,3840,2088,F:\CODE\JianChanChan\scripts\..\docs\qa_runs\a1\bulk\img_0045.jpg
1,46,20260912_051706_fcc95395_frame_00000026,20260912_051706_fcc95395,png,F:\CODE\JianChanChan\src\ChanSight.Cli\bin\Debug\net8.0-windows10.0.22621.0\datasets\recordings\20260912_051706_fcc95395\frame_00000026.png,3840,2088,F:\CODE\JianChanChan\scripts\..\docs\qa_runs\a1\bulk\img_0046.jpg
1,47,20260912_051706_fcc95395_frame_00000027,20260912_051706_fcc95395,png,F:\CODE\JianChanChan\src\ChanSight.Cli\bin\Debug\net8.0-windows10.0.22621.0\datasets\recordings\20260912_051706_fcc95395\frame_00000027.png,3840,2088,F:\CODE\JianChanChan\scripts\..\docs\qa_runs\a1\bulk\img_0047.jpg
1,48,20260912_051706_fcc95395_frame_00000028,20260912_051706_fcc95395,png,F:\CODE\JianChanChan\src\ChanSight.Cli\bin\Debug\net8.0-windows10.0.22621.0\datasets\recordings\20260912_051706_fcc95395\frame_00000028.png,3840,2088,F:\CODE\JianChanChan\scripts\..\docs\qa_runs\a1\bulk\img_0048.jpg
1,49,20260912_051706_fcc95395_frame_00000029,20260912_051706_fcc95395,png,F:\CODE\JianChanChan\src\ChanSight.Cli\bin\Debug\net8.0-windows10.0.22621.0\datasets\recordings\20260912_051706_fcc95395\frame_00000029.png,3840,2088,F:\CODE\JianChanChan\scripts\..\docs\qa_runs\a1\bulk\img_0049.jpg
1,50,20260912_051706_fcc95395_frame_00000030,20260912_051706_fcc95395,png,F:\CODE\JianChanChan\src\ChanSight.Cli\bin\Debug\net8.0-windows10.0.22621.0\datasets\recordings\20260912_051706_fcc95395\frame_00000030.png,3840,2088,F:\CODE\JianChanChan\scripts\..\docs\qa_runs\a1\bulk\img_0050.jpg
1,51,20260912_051706_fcc95395_frame_00000031,20260912_051706_fcc95395,png,F:\CODE\JianChanChan\src\ChanSight.Cli\bin\Debug\net8.0-windows10.0.22621.0\datasets\recordings\20260912_051706_fcc95395\frame_00000031.png,3840,2088,F:\CODE\JianChanChan\scripts\..\docs\qa_runs\a1\bulk\img_0051.jpg
2,52,20260912_051706_fcc95395_frame_00000032,20260912_051706_fcc95395,png,F:\CODE\JianChanChan\src\ChanSight.Cli\bin\Debug\net8.0-windows10.0.22621.0\datasets\recordings\20260912_051706_fcc95395\frame_00000032.png,3840,2088,F:\CODE\JianChanChan\scripts\..\docs\qa_runs\a1\bulk\img_0052.jpg
2,53,20260912_051706_fcc95395_frame_00000033,20260912_051706_fcc95395,png,F:\CODE\JianChanChan\src\ChanSight.Cli\bin\Debug\net8.0-windows10.0.22621.0\datasets\recordings\20260912_051706_fcc95395\frame_00000033.png,3840,2088,F:\CODE\JianChanChan\scripts\..\docs\qa_runs\a1\bulk\img_0053.jpg
2,54,20260912_051706_fcc95395_frame_00000034,20260912_051706_fcc95395,png,F:\CODE\JianChanChan\src\ChanSight.Cli\bin\Debug\net8.0-windows10.0.22621.0\datasets\recordings\20260912_051706_fcc95395\frame_00000034.png,3840,2088,F:\CODE\JianChanChan\scripts\..\docs\qa_runs\a1\bulk\img_0054.jpg
2,55,20260912_051706_fcc95395_frame_00000035,20260912_051706_fcc95395,png,F:\CODE\JianChanChan\src\ChanSight.Cli\bin\Debug\net8.0-windows10.0.22621.0\datasets\recordings\20260912_051706_fcc95395\frame_00000035.png,3840,2088,F:\CODE\JianChanChan\scripts\..\docs\qa_runs\a1\bulk\img_0055.jpg
2,56,20260912_051706_fcc95395_frame_00000036,20260912_051706_fcc95395,png,F:\CODE\JianChanChan\src\ChanSight.Cli\bin\Debug\net8.0-windows10.0.22621.0\datasets\recordings\20260912_051706_fcc95395\frame_00000036.png,3840,2088,F:\CODE\JianChanChan\scripts\..\docs\qa_runs\a1\bulk\img_0056.jpg
2,57,20260912_051706_fcc95395_frame_00000037,20260912_051706_fcc95395,png,F:\CODE\JianChanChan\src\ChanSight.Cli\bin\Debug\net8.0-windows10.0.22621.0\datasets\recordings\20260912_051706_fcc95395\frame_00000037.png,3840,2088,F:\CODE\JianChanChan\scripts\..\docs\qa_runs\a1\bulk\img_0057.jpg
2,58,20260912_051706_fcc95395_frame_00000038,20260912_051706_fcc95395,png,F:\CODE\JianChanChan\src\ChanSight.Cli\bin\Debug\net8.0-windows10.0.22621.0\datasets\recordings\20260912_051706_fcc95395\frame_00000038.png,3840,2088,F:\CODE\JianChanChan\scripts\..\docs\qa_runs\a1\bulk\img_0058.jpg
2,59,20260912_051706_fcc95395_frame_00000039,20260912_051706_fcc95395,png,F:\CODE\JianChanChan\src\ChanSight.Cli\bin\Debug\net8.0-windows10.0.22621.0\datasets\recordings\20260912_051706_fcc95395\frame_00000039.png,3840,2088,F:\CODE\JianChanChan\scripts\..\docs\qa_runs\a1\bulk\img_0059.jpg
2,60,20260912_051706_fcc95395_frame_00000040,20260912_051706_fcc95395,png,F:\CODE\JianChanChan\src\ChanSight.Cli\bin\Debug\net8.0-windows10.0.22621.0\datasets\recordings\20260912_051706_fcc95395\frame_00000040.png,3840,2088,F:\CODE\JianChanChan\scripts\..\docs\qa_runs\a1\bulk\img_0060.jpg
2,61,20260912_051706_fcc95395_frame_00000041,20260912_051706_fcc95395,png,F:\CODE\JianChanChan\src\ChanSight.Cli\bin\Debug\net8.0-windows10.0.22621.0\datasets\recordings\20260912_051706_fcc95395\frame_00000041.png,3840,2088,F:\CODE\JianChanChan\scripts\..\docs\qa_runs\a1\bulk\img_0061.jpg
2,62,20260912_051706_fcc95395_frame_00000042,20260912_051706_fcc95395,png,F:\CODE\JianChanChan\src\ChanSight.Cli\bin\Debug\net8.0-windows10.0.22621.0\datasets\recordings\20260912_051706_fcc95395\frame_00000042.png,3840,2088,F:\CODE\JianChanChan\scripts\..\docs\qa_runs\a1\bulk\img_0062.jpg
2,63,20260912_051706_fcc95395_frame_00000043,20260912_051706_fcc95395,png,F:\CODE\JianChanChan\src\ChanSight.Cli\bin\Debug\net8.0-windows10.0.22621.0\datasets\recordings\20260912_051706_fcc95395\frame_00000043.png,3840,2088,F:\CODE\JianChanChan\scripts\..\docs\qa_runs\a1\bulk\img_0063.jpg
2,64,20260912_051706_fcc95395_frame_00000044,20260912_051706_fcc95395,png,F:\CODE\JianChanChan\src\ChanSight.Cli\bin\Debug\net8.0-windows10.0.22621.0\datasets\recordings\20260912_051706_fcc95395\frame_00000044.png,3840,2088,F:\CODE\JianChanChan\scripts\..\docs\qa_runs\a1\bulk\img_0064.jpg
2,65,20260912_051706_fcc95395_frame_00000045,20260912_051706_fcc95395,png,F:\CODE\JianChanChan\src\ChanSight.Cli\bin\Debug\net8.0-windows10.0.22621.0\datasets\recordings\20260912_051706_fcc95395\frame_00000045.png,3840,2088,F:\CODE\JianChanChan\scripts\..\docs\qa_runs\a1\bulk\img_0065.jpg
2,66,20260912_051706_fcc95395_frame_00000046,20260912_051706_fcc95395,png,F:\CODE\JianChanChan\src\ChanSight.Cli\bin\Debug\net8.0-windows10.0.22621.0\datasets\recordings\20260912_051706_fcc95395\frame_00000046.png,3840,2088,F:\CODE\JianChanChan\scripts\..\docs\qa_runs\a1\bulk\img_0066.jpg
2,67,20260912_051706_fcc95395_frame_00000047,20260912_051706_fcc95395,png,F:\CODE\JianChanChan\src\ChanSight.Cli\bin\Debug\net8.0-windows10.0.22621.0\datasets\recordings\20260912_051706_fcc95395\frame_00000047.png,3840,2088,F:\CODE\JianChanChan\scripts\..\docs\qa_runs\a1\bulk\img_0067.jpg
2,68,20260912_051706_fcc95395_frame_00000048,20260912_051706_fcc95395,png,F:\CODE\JianChanChan\src\ChanSight.Cli\bin\Debug\net8.0-windows10.0.22621.0\datasets\recordings\20260912_051706_fcc95395\frame_00000048.png,3840,2088,F:\CODE\JianChanChan\scripts\..\docs\qa_runs\a1\bulk\img_0068.jpg
2,69,20260912_051706_fcc95395_frame_00000049,20260912_051706_fcc95395,png,F:\CODE\JianChanChan\src\ChanSight.Cli\bin\Debug\net8.0-windows10.0.22621.0\datasets\recordings\20260912_051706_fcc95395\frame_00000049.png,3840,2088,F:\CODE\JianChanChan\scripts\..\docs\qa_runs\a1\bulk\img_0069.jpg
2,70,20260912_051706_fcc95395_frame_00000050,20260912_051706_fcc95395,png,F:\CODE\JianChanChan\src\ChanSight.Cli\bin\Debug\net8.0-windows10.0.22621.0\datasets\recordings\20260912_051706_fcc95395\frame_00000050.png,3840,2088,F:\CODE\JianChanChan\scripts\..\docs\qa_runs\a1\bulk\img_0070.jpg
2,71,20260912_051706_fcc95395_frame_00000051,20260912_051706_fcc95395,png,F:\CODE\JianChanChan\src\ChanSight.Cli\bin\Debug\net8.0-windows10.0.22621.0\datasets\recordings\20260912_051706_fcc95395\frame_00000051.png,3840,2088,F:\CODE\JianChanChan\scripts\..\docs\qa_runs\a1\bulk\img_0071.jpg
2,72,20260912_051706_fcc95395_frame_00000052,20260912_051706_fcc95395,png,F:\CODE\JianChanChan\src\ChanSight.Cli\bin\Debug\net8.0-windows10.0.22621.0\datasets\recordings\20260912_051706_fcc95395\frame_00000052.png,3840,2088,F:\CODE\JianChanChan\scripts\..\docs\qa_runs\a1\bulk\img_0072.jpg
2,73,20260912_051706_fcc95395_frame_00000053,20260912_051706_fcc95395,png,F:\CODE\JianChanChan\src\ChanSight.Cli\bin\Debug\net8.0-windows10.0.22621.0\datasets\recordings\20260912_051706_fcc95395\frame_00000053.png,3840,2088,F:\CODE\JianChanChan\scripts\..\docs\qa_runs\a1\bulk\img_0073.jpg
2,74,20260912_051706_fcc95395_frame_00000054,20260912_051706_fcc95395,png,F:\CODE\JianChanChan\src\ChanSight.Cli\bin\Debug\net8.0-windows10.0.22621.0\datasets\recordings\20260912_051706_fcc95395\frame_00000054.png,3840,2088,F:\CODE\JianChanChan\scripts\..\docs\qa_runs\a1\bulk\img_0074.jpg
2,75,20260912_051706_fcc95395_frame_00000055,20260912_051706_fcc95395,png,F:\CODE\JianChanChan\src\ChanSight.Cli\bin\Debug\net8.0-windows10.0.22621.0\datasets\recordings\20260912_051706_fcc95395\frame_00000055.png,3840,2088,F:\CODE\JianChanChan\scripts\..\docs\qa_runs\a1\bulk\img_0075.jpg
2,76,20260912_051706_fcc95395_frame_00000056,20260912_051706_fcc95395,png,F:\CODE\JianChanChan\src\ChanSight.Cli\bin\Debug\net8.0-windows10.0.22621.0\datasets\recordings\20260912_051706_fcc95395\frame_00000056.png,3840,2088,F:\CODE\JianChanChan\scripts\..\docs\qa_runs\a1\bulk\img_0076.jpg
2,77,20260912_051706_fcc95395_frame_00000057,20260912_051706_fcc95395,png,F:\CODE\JianChanChan\src\ChanSight.Cli\bin\Debug\net8.0-windows10.0.22621.0\datasets\recordings\20260912_051706_fcc95395\frame_00000057.png,3840,2088,F:\CODE\JianChanChan\scripts\..\docs\qa_runs\a1\bulk\img_0077.jpg
2,78,20260912_051706_fcc95395_frame_00000058,20260912_051706_fcc95395,png,F:\CODE\JianChanChan\src\ChanSight.Cli\bin\Debug\net8.0-windows10.0.22621.0\datasets\recordings\20260912_051706_fcc95395\frame_00000058.png,3840,2088,F:\CODE\JianChanChan\scripts\..\docs\qa_runs\a1\bulk\img_0078.jpg
2,79,20260912_051706_fcc95395_frame_00000059,20260912_051706_fcc95395,png,F:\CODE\JianChanChan\src\ChanSight.Cli\bin\Debug\net8.0-windows10.0.22621.0\datasets\recordings\20260912_051706_fcc95395\frame_00000059.png,3840,2088,F:\CODE\JianChanChan\scripts\..\docs\qa_runs\a1\bulk\img_0079.jpg
2,80,20260912_051706_fcc95395_frame_00000060,20260912_051706_fcc95395,png,F:\CODE\JianChanChan\src\ChanSight.Cli\bin\Debug\net8.0-windows10.0.22621.0\datasets\recordings\20260912_051706_fcc95395\frame_00000060.png,3840,2088,F:\CODE\JianChanChan\scripts\..\docs\qa_runs\a1\bulk\img_0080.jpg
2,81,20260912_051706_fcc95395_frame_00000061,20260912_051706_fcc95395,png,F:\CODE\JianChanChan\src\ChanSight.Cli\bin\Debug\net8.0-windows10.0.22621.0\datasets\recordings\20260912_051706_fcc95395\frame_00000061.png,3840,2088,F:\CODE\JianChanChan\scripts\..\docs\qa_runs\a1\bulk\img_0081.jpg
2,82,20260912_051706_fcc95395_frame_00000062,20260912_051706_fcc95395,png,F:\CODE\JianChanChan\src\ChanSight.Cli\bin\Debug\net8.0-windows10.0.22621.0\datasets\recordings\20260912_051706_fcc95395\frame_00000062.png,3840,2088,F:\CODE\JianChanChan\scripts\..\docs\qa_runs\a1\bulk\img_0082.jpg
2,83,20260912_051706_fcc95395_frame_00000063,20260912_051706_fcc95395,png,F:\CODE\JianChanChan\src\ChanSight.Cli\bin\Debug\net8.0-windows10.0.22621.0\datasets\recordings\20260912_051706_fcc95395\frame_00000063.png,3840,2088,F:\CODE\JianChanChan\scripts\..\docs\qa_runs\a1\bulk\img_0083.jpg
2,84,20260912_051706_fcc95395_frame_00000064,20260912_051706_fcc95395,png,F:\CODE\JianChanChan\src\ChanSight.Cli\bin\Debug\net8.0-windows10.0.22621.0\datasets\recordings\20260912_051706_fcc95395\frame_00000064.png,3840,2088,F:\CODE\JianChanChan\scripts\..\docs\qa_runs\a1\bulk\img_0084.jpg
2,85,20260912_051706_fcc95395_frame_00000065,20260912_051706_fcc95395,png,F:\CODE\JianChanChan\src\ChanSight.Cli\bin\Debug\net8.0-windows10.0.22621.0\datasets\recordings\20260912_051706_fcc95395\frame_00000065.png,3840,2088,F:\CODE\JianChanChan\scripts\..\docs\qa_runs\a1\bulk\img_0085.jpg
2,86,20260912_051706_fcc95395_frame_00000066,20260912_051706_fcc95395,png,F:\CODE\JianChanChan\src\ChanSight.Cli\bin\Debug\net8.0-windows10.0.22621.0\datasets\recordings\20260912_051706_fcc95395\frame_00000066.png,3840,2088,F:\CODE\JianChanChan\scripts\..\docs\qa_runs\a1\bulk\img_0086.jpg
2,87,20260912_051706_fcc95395_frame_00000067,20260912_051706_fcc95395,png,F:\CODE\JianChanChan\src\ChanSight.Cli\bin\Debug\net8.0-windows10.0.22621.0\datasets\recordings\20260912_051706_fcc95395\frame_00000067.png,3840,2088,F:\CODE\JianChanChan\scripts\..\docs\qa_runs\a1\bulk\img_0087.jpg
2,88,20260912_051706_fcc95395_frame_00000068,20260912_051706_fcc95395,png,F:\CODE\JianChanChan\src\ChanSight.Cli\bin\Debug\net8.0-windows10.0.22621.0\datasets\recordings\20260912_051706_fcc95395\frame_00000068.png,3840,2088,F:\CODE\JianChanChan\scripts\..\docs\qa_runs\a1\bulk\img_0088.jpg
2,89,20260912_051706_fcc95395_frame_00000069,20260912_051706_fcc95395,png,F:\CODE\JianChanChan\src\ChanSight.Cli\bin\Debug\net8.0-windows10.0.22621.0\datasets\recordings\20260912_051706_fcc95395\frame_00000069.png,3840,2088,F:\CODE\JianChanChan\scripts\..\docs\qa_runs\a1\bulk\img_0089.jpg
2,90,20260912_051706_fcc95395_frame_00000070,20260912_051706_fcc95395,png,F:\CODE\JianChanChan\src\ChanSight.Cli\bin\Debug\net8.0-windows10.0.22621.0\datasets\recordings\20260912_051706_fcc95395\frame_00000070.png,3840,2088,F:\CODE\JianChanChan\scripts\..\docs\qa_runs\a1\bulk\img_0090.jpg
2,91,20260912_051706_fcc95395_frame_00000071,20260912_051706_fcc95395,png,F:\CODE\JianChanChan\src\ChanSight.Cli\bin\Debug\net8.0-windows10.0.22621.0\datasets\recordings\20260912_051706_fcc95395\frame_00000071.png,3840,2088,F:\CODE\JianChanChan\scripts\..\docs\qa_runs\a1\bulk\img_0091.jpg
2,92,20260912_051706_fcc95395_frame_00000072,20260912_051706_fcc95395,png,F:\CODE\JianChanChan\src\ChanSight.Cli\bin\Debug\net8.0-windows10.0.22621.0\datasets\recordings\20260912_051706_fcc95395\frame_00000072.png,3840,2088,F:\CODE\JianChanChan\scripts\..\docs\qa_runs\a1\bulk\img_0092.jpg
2,93,20260912_051706_fcc95395_frame_00000073,20260912_051706_fcc95395,png,F:\CODE\JianChanChan\src\ChanSight.Cli\bin\Debug\net8.0-windows10.0.22621.0\datasets\recordings\20260912_051706_fcc95395\frame_00000073.png,3840,2088,F:\CODE\JianChanChan\scripts\..\docs\qa_runs\a1\bulk\img_0093.jpg
2,94,20260912_051706_fcc95395_frame_00000074,20260912_051706_fcc95395,png,F:\CODE\JianChanChan\src\ChanSight.Cli\bin\Debug\net8.0-windows10.0.22621.0\datasets\recordings\20260912_051706_fcc95395\frame_00000074.png,3840,2088,F:\CODE\JianChanChan\scripts\..\docs\qa_runs\a1\bulk\img_0094.jpg
2,95,20260912_051706_fcc95395_frame_00000075,20260912_051706_fcc95395,png,F:\CODE\JianChanChan\src\ChanSight.Cli\bin\Debug\net8.0-windows10.0.22621.0\datasets\recordings\20260912_051706_fcc95395\frame_00000075.png,3840,2088,F:\CODE\JianChanChan\scripts\..\docs\qa_runs\a1\bulk\img_0095.jpg
2,96,20260912_051706_fcc95395_frame_00000076,20260912_051706_fcc95395,png,F:\CODE\JianChanChan\src\ChanSight.Cli\bin\Debug\net8.0-windows10.0.22621.0\datasets\recordings\20260912_051706_fcc95395\frame_00000076.png,3840,2088,F:\CODE\JianChanChan\scripts\..\docs\qa_runs\a1\bulk\img_0096.jpg
2,97,20260912_051706_fcc95395_frame_00000077,20260912_051706_fcc95395,png,F:\CODE\JianChanChan\src\ChanSight.Cli\bin\Debug\net8.0-windows10.0.22621.0\datasets\recordings\20260912_051706_fcc95395\frame_00000077.png,3840,2088,F:\CODE\JianChanChan\scripts\..\docs\qa_runs\a1\bulk\img_0097.jpg
2,98,20260912_051706_fcc95395_frame_00000078,20260912_051706_fcc95395,png,F:\CODE\JianChanChan\src\ChanSight.Cli\bin\Debug\net8.0-windows10.0.22621.0\datasets\recordings\20260912_051706_fcc95395\frame_00000078.png,3840,2088,F:\CODE\JianChanChan\scripts\..\docs\qa_runs\a1\bulk\img_0098.jpg
2,99,20260912_051706_fcc95395_frame_00000079,20260912_051706_fcc95395,png,F:\CODE\JianChanChan\src\ChanSight.Cli\bin\Debug\net8.0-windows10.0.22621.0\datasets\recordings\20260912_051706_fcc95395\frame_00000079.png,3840,2088,F:\CODE\JianChanChan\scripts\..\docs\qa_runs\a1\bulk\img_0099.jpg
2,100,20260912_051706_fcc95395_frame_00000080,20260912_051706_fcc95395,png,F:\CODE\JianChanChan\src\ChanSight.Cli\bin\Debug\net8.0-windows10.0.22621.0\datasets\recordings\20260912_051706_fcc95395\frame_00000080.png,3840,2088,F:\CODE\JianChanChan\scripts\..\docs\qa_runs\a1\bulk\img_0100.jpg
2,101,20260912_051706_fcc95395_frame_00000081,20260912_051706_fcc95395,png,F:\CODE\JianChanChan\src\ChanSight.Cli\bin\Debug\net8.0-windows10.0.22621.0\datasets\recordings\20260912_051706_fcc95395\frame_00000081.png,3840,2088,F:\CODE\JianChanChan\scripts\..\docs\qa_runs\a1\bulk\img_0101.jpg
2,102,20260912_051706_fcc95395_frame_00000082,20260912_051706_fcc95395,png,F:\CODE\JianChanChan\src\ChanSight.Cli\bin\Debug\net8.0-windows10.0.22621.0\datasets\recordings\20260912_051706_fcc95395\frame_00000082.png,3840,2088,F:\CODE\JianChanChan\scripts\..\docs\qa_runs\a1\bulk\img_0102.jpg
3,103,20260912_051706_fcc95395_frame_00000083,20260912_051706_fcc95395,png,F:\CODE\JianChanChan\src\ChanSight.Cli\bin\Debug\net8.0-windows10.0.22621.0\datasets\recordings\20260912_051706_fcc95395\frame_00000083.png,3840,2088,F:\CODE\JianChanChan\scripts\..\docs\qa_runs\a1\bulk\img_0103.jpg
3,104,20260912_051706_fcc95395_frame_00000084,20260912_051706_fcc95395,png,F:\CODE\JianChanChan\src\ChanSight.Cli\bin\Debug\net8.0-windows10.0.22621.0\datasets\recordings\20260912_051706_fcc95395\frame_00000084.png,3840,2088,F:\CODE\JianChanChan\scripts\..\docs\qa_runs\a1\bulk\img_0104.jpg
3,105,20260912_051706_fcc95395_frame_00000085,20260912_051706_fcc95395,png,F:\CODE\JianChanChan\src\ChanSight.Cli\bin\Debug\net8.0-windows10.0.22621.0\datasets\recordings\20260912_051706_fcc95395\frame_00000085.png,3840,2088,F:\CODE\JianChanChan\scripts\..\docs\qa_runs\a1\bulk\img_0105.jpg
3,106,20260912_051706_fcc95395_frame_00000086,20260912_051706_fcc95395,png,F:\CODE\JianChanChan\src\ChanSight.Cli\bin\Debug\net8.0-windows10.0.22621.0\datasets\recordings\20260912_051706_fcc95395\frame_00000086.png,3840,2088,F:\CODE\JianChanChan\scripts\..\docs\qa_runs\a1\bulk\img_0106.jpg
3,107,20260912_051706_fcc95395_frame_00000087,20260912_051706_fcc95395,png,F:\CODE\JianChanChan\src\ChanSight.Cli\bin\Debug\net8.0-windows10.0.22621.0\datasets\recordings\20260912_051706_fcc95395\frame_00000087.png,3840,2088,F:\CODE\JianChanChan\scripts\..\docs\qa_runs\a1\bulk\img_0107.jpg
3,108,20260912_051706_fcc95395_frame_00000088,20260912_051706_fcc95395,png,F:\CODE\JianChanChan\src\ChanSight.Cli\bin\Debug\net8.0-windows10.0.22621.0\datasets\recordings\20260912_051706_fcc95395\frame_00000088.png,3840,2088,F:\CODE\JianChanChan\scripts\..\docs\qa_runs\a1\bulk\img_0108.jpg
3,109,20260912_051706_fcc95395_frame_00000089,20260912_051706_fcc95395,png,F:\CODE\JianChanChan\src\ChanSight.Cli\bin\Debug\net8.0-windows10.0.22621.0\datasets\recordings\20260912_051706_fcc95395\frame_00000089.png,3840,2088,F:\CODE\JianChanChan\scripts\..\docs\qa_runs\a1\bulk\img_0109.jpg
3,110,20260912_051706_fcc95395_frame_00000090,20260912_051706_fcc95395,png,F:\CODE\JianChanChan\src\ChanSight.Cli\bin\Debug\net8.0-windows10.0.22621.0\datasets\recordings\20260912_051706_fcc95395\frame_00000090.png,3840,2088,F:\CODE\JianChanChan\scripts\..\docs\qa_runs\a1\bulk\img_0110.jpg
3,111,20260912_051706_fcc95395_frame_00000091,20260912_051706_fcc95395,png,F:\CODE\JianChanChan\src\ChanSight.Cli\bin\Debug\net8.0-windows10.0.22621.0\datasets\recordings\20260912_051706_fcc95395\frame_00000091.png,3840,2088,F:\CODE\JianChanChan\scripts\..\docs\qa_runs\a1\bulk\img_0111.jpg
3,112,20260912_051706_fcc95395_frame_00000092,20260912_051706_fcc95395,png,F:\CODE\JianChanChan\src\ChanSight.Cli\bin\Debug\net8.0-windows10.0.22621.0\datasets\recordings\20260912_051706_fcc95395\frame_00000092.png,3840,2088,F:\CODE\JianChanChan\scripts\..\docs\qa_runs\a1\bulk\img_0112.jpg
3,113,20260912_051706_fcc95395_frame_00000093,20260912_051706_fcc95395,png,F:\CODE\JianChanChan\src\ChanSight.Cli\bin\Debug\net8.0-windows10.0.22621.0\datasets\recordings\20260912_051706_fcc95395\frame_00000093.png,3840,2088,F:\CODE\JianChanChan\scripts\..\docs\qa_runs\a1\bulk\img_0113.jpg
3,114,20260912_051706_fcc95395_frame_00000094,20260912_051706_fcc95395,png,F:\CODE\JianChanChan\src\ChanSight.Cli\bin\Debug\net8.0-windows10.0.22621.0\datasets\recordings\20260912_051706_fcc95395\frame_00000094.png,3840,2088,F:\CODE\JianChanChan\scripts\..\docs\qa_runs\a1\bulk\img_0114.jpg
3,115,20260912_051706_fcc95395_frame_00000095,20260912_051706_fcc95395,png,F:\CODE\JianChanChan\src\ChanSight.Cli\bin\Debug\net8.0-windows10.0.22621.0\datasets\recordings\20260912_051706_fcc95395\frame_00000095.png,3840,2088,F:\CODE\JianChanChan\scripts\..\docs\qa_runs\a1\bulk\img_0115.jpg
3,116,20260912_051706_fcc95395_frame_00000096,20260912_051706_fcc95395,png,F:\CODE\JianChanChan\src\ChanSight.Cli\bin\Debug\net8.0-windows10.0.22621.0\datasets\recordings\20260912_051706_fcc95395\frame_00000096.png,3840,2088,F:\CODE\JianChanChan\scripts\..\docs\qa_runs\a1\bulk\img_0116.jpg
3,117,20260912_051706_fcc95395_frame_00000097,20260912_051706_fcc95395,png,F:\CODE\JianChanChan\src\ChanSight.Cli\bin\Debug\net8.0-windows10.0.22621.0\datasets\recordings\20260912_051706_fcc95395\frame_00000097.png,3840,2088,F:\CODE\JianChanChan\scripts\..\docs\qa_runs\a1\bulk\img_0117.jpg
3,118,20260912_051706_fcc95395_frame_00000098,20260912_051706_fcc95395,png,F:\CODE\JianChanChan\src\ChanSight.Cli\bin\Debug\net8.0-windows10.0.22621.0\datasets\recordings\20260912_051706_fcc95395\frame_00000098.png,3840,2088,F:\CODE\JianChanChan\scripts\..\docs\qa_runs\a1\bulk\img_0118.jpg
3,119,20260912_051706_fcc95395_frame_00000099,20260912_051706_fcc95395,png,F:\CODE\JianChanChan\src\ChanSight.Cli\bin\Debug\net8.0-windows10.0.22621.0\datasets\recordings\20260912_051706_fcc95395\frame_00000099.png,3840,2088,F:\CODE\JianChanChan\scripts\..\docs\qa_runs\a1\bulk\img_0119.jpg
3,120,20260912_051706_fcc95395_frame_00000100,20260912_051706_fcc95395,png,F:\CODE\JianChanChan\src\ChanSight.Cli\bin\Debug\net8.0-windows10.0.22621.0\datasets\recordings\20260912_051706_fcc95395\frame_00000100.png,3840,2088,F:\CODE\JianChanChan\scripts\..\docs\qa_runs\a1\bulk\img_0120.jpg
3,121,20260912_051706_fcc95395_frame_00000101,20260912_051706_fcc95395,png,F:\CODE\JianChanChan\src\ChanSight.Cli\bin\Debug\net8.0-windows10.0.22621.0\datasets\recordings\20260912_051706_fcc95395\frame_00000101.png,3840,2088,F:\CODE\JianChanChan\scripts\..\docs\qa_runs\a1\bulk\img_0121.jpg
3,122,20260912_051706_fcc95395_frame_00000102,20260912_051706_fcc95395,png,F:\CODE\JianChanChan\src\ChanSight.Cli\bin\Debug\net8.0-windows10.0.22621.0\datasets\recordings\20260912_051706_fcc95395\frame_00000102.png,3840,2088,F:\CODE\JianChanChan\scripts\..\docs\qa_runs\a1\bulk\img_0122.jpg
3,123,20260912_051706_fcc95395_frame_00000103,20260912_051706_fcc95395,png,F:\CODE\JianChanChan\src\ChanSight.Cli\bin\Debug\net8.0-windows10.0.22621.0\datasets\recordings\20260912_051706_fcc95395\frame_00000103.png,3840,2088,F:\CODE\JianChanChan\scripts\..\docs\qa_runs\a1\bulk\img_0123.jpg
3,124,20260912_051706_fcc95395_frame_00000104,20260912_051706_fcc95395,png,F:\CODE\JianChanChan\src\ChanSight.Cli\bin\Debug\net8.0-windows10.0.22621.0\datasets\recordings\20260912_051706_fcc95395\frame_00000104.png,3840,2088,F:\CODE\JianChanChan\scripts\..\docs\qa_runs\a1\bulk\img_0124.jpg
3,125,20260912_051706_fcc95395_frame_00000105,20260912_051706_fcc95395,png,F:\CODE\JianChanChan\src\ChanSight.Cli\bin\Debug\net8.0-windows10.0.22621.0\datasets\recordings\20260912_051706_fcc95395\frame_00000105.png,3840,2088,F:\CODE\JianChanChan\scripts\..\docs\qa_runs\a1\bulk\img_0125.jpg
3,126,20260912_051706_fcc95395_frame_00000106,20260912_051706_fcc95395,png,F:\CODE\JianChanChan\src\ChanSight.Cli\bin\Debug\net8.0-windows10.0.22621.0\datasets\recordings\20260912_051706_fcc95395\frame_00000106.png,3840,2088,F:\CODE\JianChanChan\scripts\..\docs\qa_runs\a1\bulk\img_0126.jpg
3,127,20260912_051706_fcc95395_frame_00000107,20260912_051706_fcc95395,png,F:\CODE\JianChanChan\src\ChanSight.Cli\bin\Debug\net8.0-windows10.0.22621.0\datasets\recordings\20260912_051706_fcc95395\frame_00000107.png,3840,2088,F:\CODE\JianChanChan\scripts\..\docs\qa_runs\a1\bulk\img_0127.jpg
3,128,20260912_051706_fcc95395_frame_00000108,20260912_051706_fcc95395,png,F:\CODE\JianChanChan\src\ChanSight.Cli\bin\Debug\net8.0-windows10.0.22621.0\datasets\recordings\20260912_051706_fcc95395\frame_00000108.png,3840,2088,F:\CODE\JianChanChan\scripts\..\docs\qa_runs\a1\bulk\img_0128.jpg
3,129,20260912_051706_fcc95395_frame_00000109,20260912_051706_fcc95395,png,F:\CODE\JianChanChan\src\ChanSight.Cli\bin\Debug\net8.0-windows10.0.22621.0\datasets\recordings\20260912_051706_fcc95395\frame_00000109.png,3840,2088,F:\CODE\JianChanChan\scripts\..\docs\qa_runs\a1\bulk\img_0129.jpg
3,130,20260912_051706_fcc95395_frame_00000110,20260912_051706_fcc95395,png,F:\CODE\JianChanChan\src\ChanSight.Cli\bin\Debug\net8.0-windows10.0.22621.0\datasets\recordings\20260912_051706_fcc95395\frame_00000110.png,3840,2088,F:\CODE\JianChanChan\scripts\..\docs\qa_runs\a1\bulk\img_0130.jpg
3,131,20260912_051706_fcc95395_frame_00000111,20260912_051706_fcc95395,png,F:\CODE\JianChanChan\src\ChanSight.Cli\bin\Debug\net8.0-windows10.0.22621.0\datasets\recordings\20260912_051706_fcc95395\frame_00000111.png,3840,2088,F:\CODE\JianChanChan\scripts\..\docs\qa_runs\a1\bulk\img_0131.jpg
3,132,20260912_051706_fcc95395_frame_00000112,20260912_051706_fcc95395,png,F:\CODE\JianChanChan\src\ChanSight.Cli\bin\Debug\net8.0-windows10.0.22621.0\datasets\recordings\20260912_051706_fcc95395\frame_00000112.png,3840,2088,F:\CODE\JianChanChan\scripts\..\docs\qa_runs\a1\bulk\img_0132.jpg
3,133,20260912_051706_fcc95395_frame_00000113,20260912_051706_fcc95395,png,F:\CODE\JianChanChan\src\ChanSight.Cli\bin\Debug\net8.0-windows10.0.22621.0\datasets\recordings\20260912_051706_fcc95395\frame_00000113.png,3840,2088,F:\CODE\JianChanChan\scripts\..\docs\qa_runs\a1\bulk\img_0133.jpg
3,134,20260912_051706_fcc95395_frame_00000114,20260912_051706_fcc95395,png,F:\CODE\JianChanChan\src\ChanSight.Cli\bin\Debug\net8.0-windows10.0.22621.0\datasets\recordings\20260912_051706_fcc95395\frame_00000114.png,3840,2088,F:\CODE\JianChanChan\scripts\..\docs\qa_runs\a1\bulk\img_0134.jpg
3,135,20260912_051706_fcc95395_frame_00000115,20260912_051706_fcc95395,png,F:\CODE\JianChanChan\src\ChanSight.Cli\bin\Debug\net8.0-windows10.0.22621.0\datasets\recordings\20260912_051706_fcc95395\frame_00000115.png,3840,2088,F:\CODE\JianChanChan\scripts\..\docs\qa_runs\a1\bulk\img_0135.jpg
3,136,20260912_051706_fcc95395_frame_00000116,20260912_051706_fcc95395,png,F:\CODE\JianChanChan\src\ChanSight.Cli\bin\Debug\net8.0-windows10.0.22621.0\datasets\recordings\20260912_051706_fcc95395\frame_00000116.png,3840,2088,F:\CODE\JianChanChan\scripts\..\docs\qa_runs\a1\bulk\img_0136.jpg
3,137,20260912_051706_fcc95395_frame_00000117,20260912_051706_fcc95395,png,F:\CODE\JianChanChan\src\ChanSight.Cli\bin\Debug\net8.0-windows10.0.22621.0\datasets\recordings\20260912_051706_fcc95395\frame_00000117.png,3840,2088,F:\CODE\JianChanChan\scripts\..\docs\qa_runs\a1\bulk\img_0137.jpg
3,138,20260912_051706_fcc95395_frame_00000118,20260912_051706_fcc95395,png,F:\CODE\JianChanChan\src\ChanSight.Cli\bin\Debug\net8.0-windows10.0.22621.0\datasets\recordings\20260912_051706_fcc95395\frame_00000118.png,3840,2088,F:\CODE\JianChanChan\scripts\..\docs\qa_runs\a1\bulk\img_0138.jpg
3,139,20260912_051706_fcc95395_frame_00000119,20260912_051706_fcc95395,png,F:\CODE\JianChanChan\src\ChanSight.Cli\bin\Debug\net8.0-windows10.0.22621.0\datasets\recordings\20260912_051706_fcc95395\frame_00000119.png,3840,2088,F:\CODE\JianChanChan\scripts\..\docs\qa_runs\a1\bulk\img_0139.jpg
3,140,20260912_051706_fcc95395_frame_00000120,20260912_051706_fcc95395,png,F:\CODE\JianChanChan\src\ChanSight.Cli\bin\Debug\net8.0-windows10.0.22621.0\datasets\recordings\20260912_051706_fcc95395\frame_00000120.png,3840,2088,F:\CODE\JianChanChan\scripts\..\docs\qa_runs\a1\bulk\img_0140.jpg
3,141,20260912_051706_fcc95395_frame_00000121,20260912_051706_fcc95395,png,F:\CODE\JianChanChan\src\ChanSight.Cli\bin\Debug\net8.0-windows10.0.22621.0\datasets\recordings\20260912_051706_fcc95395\frame_00000121.png,3840,2088,F:\CODE\JianChanChan\scripts\..\docs\qa_runs\a1\bulk\img_0141.jpg
3,142,20260912_051706_fcc95395_frame_00000122,20260912_051706_fcc95395,png,F:\CODE\JianChanChan\src\ChanSight.Cli\bin\Debug\net8.0-windows10.0.22621.0\datasets\recordings\20260912_051706_fcc95395\frame_00000122.png,3840,2088,F:\CODE\JianChanChan\scripts\..\docs\qa_runs\a1\bulk\img_0142.jpg
3,143,20260912_051706_fcc95395_frame_00000123,20260912_051706_fcc95395,png,F:\CODE\JianChanChan\src\ChanSight.Cli\bin\Debug\net8.0-windows10.0.22621.0\datasets\recordings\20260912_051706_fcc95395\frame_00000123.png,3840,2088,F:\CODE\JianChanChan\scripts\..\docs\qa_runs\a1\bulk\img_0143.jpg
3,144,20260912_051706_fcc95395_frame_00000124,20260912_051706_fcc95395,png,F:\CODE\JianChanChan\src\ChanSight.Cli\bin\Debug\net8.0-windows10.0.22621.0\datasets\recordings\20260912_051706_fcc95395\frame_00000124.png,3840,2088,F:\CODE\JianChanChan\scripts\..\docs\qa_runs\a1\bulk\img_0144.jpg
3,145,20260912_051706_fcc95395_frame_00000125,20260912_051706_fcc95395,png,F:\CODE\JianChanChan\src\ChanSight.Cli\bin\Debug\net8.0-windows10.0.22621.0\datasets\recordings\20260912_051706_fcc95395\frame_00000125.png,3840,2088,F:\CODE\JianChanChan\scripts\..\docs\qa_runs\a1\bulk\img_0145.jpg
3,146,20260912_051706_fcc95395_frame_00000126,20260912_051706_fcc95395,png,F:\CODE\JianChanChan\src\ChanSight.Cli\bin\Debug\net8.0-windows10.0.22621.0\datasets\recordings\20260912_051706_fcc95395\frame_00000126.png,3840,2088,F:\CODE\JianChanChan\scripts\..\docs\qa_runs\a1\bulk\img_0146.jpg
3,147,20260912_051706_fcc95395_frame_00000127,20260912_051706_fcc95395,png,F:\CODE\JianChanChan\src\ChanSight.Cli\bin\Debug\net8.0-windows10.0.22621.0\datasets\recordings\20260912_051706_fcc95395\frame_00000127.png,3840,2088,F:\CODE\JianChanChan\scripts\..\docs\qa_runs\a1\bulk\img_0147.jpg
3,148,20260912_051706_fcc95395_frame_00000128,20260912_051706_fcc95395,png,F:\CODE\JianChanChan\src\ChanSight.Cli\bin\Debug\net8.0-windows10.0.22621.0\datasets\recordings\20260912_051706_fcc95395\frame_00000128.png,3840,2088,F:\CODE\JianChanChan\scripts\..\docs\qa_runs\a1\bulk\img_0148.jpg
3,149,20260912_051706_fcc95395_frame_00000129,20260912_051706_fcc95395,png,F:\CODE\JianChanChan\src\ChanSight.Cli\bin\Debug\net8.0-windows10.0.22621.0\datasets\recordings\20260912_051706_fcc95395\frame_00000129.png,3840,2088,F:\CODE\JianChanChan\scripts\..\docs\qa_runs\a1\bulk\img_0149.jpg
3,150,20260912_051706_fcc95395_frame_00000130,20260912_051706_fcc95395,png,F:\CODE\JianChanChan\src\ChanSight.Cli\bin\Debug\net8.0-windows10.0.22621.0\datasets\recordings\20260912_051706_fcc95395\frame_00000130.png,3840,2088,F:\CODE\JianChanChan\scripts\..\docs\qa_runs\a1\bulk\img_0150.jpg
3,151,20260912_051706_fcc95395_frame_00000131,20260912_051706_fcc95395,png,F:\CODE\JianChanChan\src\ChanSight.Cli\bin\Debug\net8.0-windows10.0.22621.0\datasets\recordings\20260912_051706_fcc95395\frame_00000131.png,3840,2088,F:\CODE\JianChanChan\scripts\..\docs\qa_runs\a1\bulk\img_0151.jpg
3,152,20260912_051706_fcc95395_frame_00000132,20260912_051706_fcc95395,png,F:\CODE\JianChanChan\src\ChanSight.Cli\bin\Debug\net8.0-windows10.0.22621.0\datasets\recordings\20260912_051706_fcc95395\frame_00000132.png,3840,2088,F:\CODE\JianChanChan\scripts\..\docs\qa_runs\a1\bulk\img_0152.jpg
3,153,20260912_051706_fcc95395_frame_00000133,20260912_051706_fcc95395,png,F:\CODE\JianChanChan\src\ChanSight.Cli\bin\Debug\net8.0-windows10.0.22621.0\datasets\recordings\20260912_051706_fcc95395\frame_00000133.png,3840,2088,F:\CODE\JianChanChan\scripts\..\docs\qa_runs\a1\bulk\img_0153.jpg
4,154,20260912_051706_fcc95395_frame_00000134,20260912_051706_fcc95395,png,F:\CODE\JianChanChan\src\ChanSight.Cli\bin\Debug\net8.0-windows10.0.22621.0\datasets\recordings\20260912_051706_fcc95395\frame_00000134.png,3840,2088,F:\CODE\JianChanChan\scripts\..\docs\qa_runs\a1\bulk\img_0154.jpg
4,155,20260912_051706_fcc95395_frame_00000135,20260912_051706_fcc95395,png,F:\CODE\JianChanChan\src\ChanSight.Cli\bin\Debug\net8.0-windows10.0.22621.0\datasets\recordings\20260912_051706_fcc95395\frame_00000135.png,3840,2088,F:\CODE\JianChanChan\scripts\..\docs\qa_runs\a1\bulk\img_0155.jpg
4,156,20260912_051706_fcc95395_frame_00000136,20260912_051706_fcc95395,png,F:\CODE\JianChanChan\src\ChanSight.Cli\bin\Debug\net8.0-windows10.0.22621.0\datasets\recordings\20260912_051706_fcc95395\frame_00000136.png,3840,2088,F:\CODE\JianChanChan\scripts\..\docs\qa_runs\a1\bulk\img_0156.jpg
4,157,20260912_051706_fcc95395_frame_00000137,20260912_051706_fcc95395,png,F:\CODE\JianChanChan\src\ChanSight.Cli\bin\Debug\net8.0-windows10.0.22621.0\datasets\recordings\20260912_051706_fcc95395\frame_00000137.png,3840,2088,F:\CODE\JianChanChan\scripts\..\docs\qa_runs\a1\bulk\img_0157.jpg
4,158,20260912_051706_fcc95395_frame_00000138,20260912_051706_fcc95395,png,F:\CODE\JianChanChan\src\ChanSight.Cli\bin\Debug\net8.0-windows10.0.22621.0\datasets\recordings\20260912_051706_fcc95395\frame_00000138.png,3840,2088,F:\CODE\JianChanChan\scripts\..\docs\qa_runs\a1\bulk\img_0158.jpg
4,159,20260912_051706_fcc95395_frame_00000139,20260912_051706_fcc95395,png,F:\CODE\JianChanChan\src\ChanSight.Cli\bin\Debug\net8.0-windows10.0.22621.0\datasets\recordings\20260912_051706_fcc95395\frame_00000139.png,3840,2088,F:\CODE\JianChanChan\scripts\..\docs\qa_runs\a1\bulk\img_0159.jpg
4,160,20260912_051706_fcc95395_frame_00000140,20260912_051706_fcc95395,png,F:\CODE\JianChanChan\src\ChanSight.Cli\bin\Debug\net8.0-windows10.0.22621.0\datasets\recordings\20260912_051706_fcc95395\frame_00000140.png,3840,2088,F:\CODE\JianChanChan\scripts\..\docs\qa_runs\a1\bulk\img_0160.jpg
4,161,20260912_051706_fcc95395_frame_00000141,20260912_051706_fcc95395,png,F:\CODE\JianChanChan\src\ChanSight.Cli\bin\Debug\net8.0-windows10.0.22621.0\datasets\recordings\20260912_051706_fcc95395\frame_00000141.png,3840,2088,F:\CODE\JianChanChan\scripts\..\docs\qa_runs\a1\bulk\img_0161.jpg
4,162,20260912_051706_fcc95395_frame_00000142,20260912_051706_fcc95395,png,F:\CODE\JianChanChan\src\ChanSight.Cli\bin\Debug\net8.0-windows10.0.22621.0\datasets\recordings\20260912_051706_fcc95395\frame_00000142.png,3840,2088,F:\CODE\JianChanChan\scripts\..\docs\qa_runs\a1\bulk\img_0162.jpg
4,163,20260912_051706_fcc95395_frame_00000143,20260912_051706_fcc95395,png,F:\CODE\JianChanChan\src\ChanSight.Cli\bin\Debug\net8.0-windows10.0.22621.0\datasets\recordings\20260912_051706_fcc95395\frame_00000143.png,3840,2088,F:\CODE\JianChanChan\scripts\..\docs\qa_runs\a1\bulk\img_0163.jpg
4,164,20260912_051706_fcc95395_frame_00000144,20260912_051706_fcc95395,png,F:\CODE\JianChanChan\src\ChanSight.Cli\bin\Debug\net8.0-windows10.0.22621.0\datasets\recordings\20260912_051706_fcc95395\frame_00000144.png,3840,2088,F:\CODE\JianChanChan\scripts\..\docs\qa_runs\a1\bulk\img_0164.jpg
4,165,20260912_051706_fcc95395_frame_00000145,20260912_051706_fcc95395,png,F:\CODE\JianChanChan\src\ChanSight.Cli\bin\Debug\net8.0-windows10.0.22621.0\datasets\recordings\20260912_051706_fcc95395\frame_00000145.png,3840,2088,F:\CODE\JianChanChan\scripts\..\docs\qa_runs\a1\bulk\img_0165.jpg
4,166,20260912_051706_fcc95395_frame_00000146,20260912_051706_fcc95395,png,F:\CODE\JianChanChan\src\ChanSight.Cli\bin\Debug\net8.0-windows10.0.22621.0\datasets\recordings\20260912_051706_fcc95395\frame_00000146.png,3840,2088,F:\CODE\JianChanChan\scripts\..\docs\qa_runs\a1\bulk\img_0166.jpg
4,167,20260912_051706_fcc95395_frame_00000147,20260912_051706_fcc95395,png,F:\CODE\JianChanChan\src\ChanSight.Cli\bin\Debug\net8.0-windows10.0.22621.0\datasets\recordings\20260912_051706_fcc95395\frame_00000147.png,3840,2088,F:\CODE\JianChanChan\scripts\..\docs\qa_runs\a1\bulk\img_0167.jpg
4,168,20260912_051706_fcc95395_frame_00000148,20260912_051706_fcc95395,png,F:\CODE\JianChanChan\src\ChanSight.Cli\bin\Debug\net8.0-windows10.0.22621.0\datasets\recordings\20260912_051706_fcc95395\frame_00000148.png,3840,2088,F:\CODE\JianChanChan\scripts\..\docs\qa_runs\a1\bulk\img_0168.jpg
4,169,20260912_051706_fcc95395_frame_00000149,20260912_051706_fcc95395,png,F:\CODE\JianChanChan\src\ChanSight.Cli\bin\Debug\net8.0-windows10.0.22621.0\datasets\recordings\20260912_051706_fcc95395\frame_00000149.png,3840,2088,F:\CODE\JianChanChan\scripts\..\docs\qa_runs\a1\bulk\img_0169.jpg
4,170,20260912_051706_fcc95395_frame_00000150,20260912_051706_fcc95395,png,F:\CODE\JianChanChan\src\ChanSight.Cli\bin\Debug\net8.0-windows10.0.22621.0\datasets\recordings\20260912_051706_fcc95395\frame_00000150.png,3840,2088,F:\CODE\JianChanChan\scripts\..\docs\qa_runs\a1\bulk\img_0170.jpg
4,171,20260912_051706_fcc95395_frame_00000151,20260912_051706_fcc95395,png,F:\CODE\JianChanChan\src\ChanSight.Cli\bin\Debug\net8.0-windows10.0.22621.0\datasets\recordings\20260912_051706_fcc95395\frame_00000151.png,3840,2088,F:\CODE\JianChanChan\scripts\..\docs\qa_runs\a1\bulk\img_0171.jpg
4,172,20260912_051706_fcc95395_frame_00000152,20260912_051706_fcc95395,png,F:\CODE\JianChanChan\src\ChanSight.Cli\bin\Debug\net8.0-windows10.0.22621.0\datasets\recordings\20260912_051706_fcc95395\frame_00000152.png,3840,2088,F:\CODE\JianChanChan\scripts\..\docs\qa_runs\a1\bulk\img_0172.jpg
4,173,20260912_051706_fcc95395_frame_00000153,20260912_051706_fcc95395,png,F:\CODE\JianChanChan\src\ChanSight.Cli\bin\Debug\net8.0-windows10.0.22621.0\datasets\recordings\20260912_051706_fcc95395\frame_00000153.png,3840,2088,F:\CODE\JianChanChan\scripts\..\docs\qa_runs\a1\bulk\img_0173.jpg
4,174,20260912_051706_fcc95395_frame_00000154,20260912_051706_fcc95395,png,F:\CODE\JianChanChan\src\ChanSight.Cli\bin\Debug\net8.0-windows10.0.22621.0\datasets\recordings\20260912_051706_fcc95395\frame_00000154.png,3840,2088,F:\CODE\JianChanChan\scripts\..\docs\qa_runs\a1\bulk\img_0174.jpg
4,175,20260912_051706_fcc95395_frame_00000155,20260912_051706_fcc95395,png,F:\CODE\JianChanChan\src\ChanSight.Cli\bin\Debug\net8.0-windows10.0.22621.0\datasets\recordings\20260912_051706_fcc95395\frame_00000155.png,3840,2088,F:\CODE\JianChanChan\scripts\..\docs\qa_runs\a1\bulk\img_0175.jpg
4,176,20260912_051706_fcc95395_frame_00000156,20260912_051706_fcc95395,png,F:\CODE\JianChanChan\src\ChanSight.Cli\bin\Debug\net8.0-windows10.0.22621.0\datasets\recordings\20260912_051706_fcc95395\frame_00000156.png,3840,2088,F:\CODE\JianChanChan\scripts\..\docs\qa_runs\a1\bulk\img_0176.jpg
4,177,20260912_051706_fcc95395_frame_00000157,20260912_051706_fcc95395,png,F:\CODE\JianChanChan\src\ChanSight.Cli\bin\Debug\net8.0-windows10.0.22621.0\datasets\recordings\20260912_051706_fcc95395\frame_00000157.png,3840,2088,F:\CODE\JianChanChan\scripts\..\docs\qa_runs\a1\bulk\img_0177.jpg
4,178,20260912_051706_fcc95395_frame_00000158,20260912_051706_fcc95395,png,F:\CODE\JianChanChan\src\ChanSight.Cli\bin\Debug\net8.0-windows10.0.22621.0\datasets\recordings\20260912_051706_fcc95395\frame_00000158.png,3840,2088,F:\CODE\JianChanChan\scripts\..\docs\qa_runs\a1\bulk\img_0178.jpg
4,179,20260912_051706_fcc95395_frame_00000159,20260912_051706_fcc95395,png,F:\CODE\JianChanChan\src\ChanSight.Cli\bin\Debug\net8.0-windows10.0.22621.0\datasets\recordings\20260912_051706_fcc95395\frame_00000159.png,3840,2088,F:\CODE\JianChanChan\scripts\..\docs\qa_runs\a1\bulk\img_0179.jpg
4,180,20260912_051706_fcc95395_frame_00000160,20260912_051706_fcc95395,png,F:\CODE\JianChanChan\src\ChanSight.Cli\bin\Debug\net8.0-windows10.0.22621.0\datasets\recordings\20260912_051706_fcc95395\frame_00000160.png,3840,2088,F:\CODE\JianChanChan\scripts\..\docs\qa_runs\a1\bulk\img_0180.jpg
4,181,20260912_051706_fcc95395_frame_00000161,20260912_051706_fcc95395,png,F:\CODE\JianChanChan\src\ChanSight.Cli\bin\Debug\net8.0-windows10.0.22621.0\datasets\recordings\20260912_051706_fcc95395\frame_00000161.png,3840,2088,F:\CODE\JianChanChan\scripts\..\docs\qa_runs\a1\bulk\img_0181.jpg
4,182,20260912_051706_fcc95395_frame_00000162,20260912_051706_fcc95395,png,F:\CODE\JianChanChan\src\ChanSight.Cli\bin\Debug\net8.0-windows10.0.22621.0\datasets\recordings\20260912_051706_fcc95395\frame_00000162.png,3840,2088,F:\CODE\JianChanChan\scripts\..\docs\qa_runs\a1\bulk\img_0182.jpg
4,183,20260912_051706_fcc95395_frame_00000163,20260912_051706_fcc95395,png,F:\CODE\JianChanChan\src\ChanSight.Cli\bin\Debug\net8.0-windows10.0.22621.0\datasets\recordings\20260912_051706_fcc95395\frame_00000163.png,3840,2088,F:\CODE\JianChanChan\scripts\..\docs\qa_runs\a1\bulk\img_0183.jpg
4,184,20260912_051706_fcc95395_frame_00000164,20260912_051706_fcc95395,png,F:\CODE\JianChanChan\src\ChanSight.Cli\bin\Debug\net8.0-windows10.0.22621.0\datasets\recordings\20260912_051706_fcc95395\frame_00000164.png,3840,2088,F:\CODE\JianChanChan\scripts\..\docs\qa_runs\a1\bulk\img_0184.jpg
4,185,20260912_051706_fcc95395_frame_00000165,20260912_051706_fcc95395,png,F:\CODE\JianChanChan\src\ChanSight.Cli\bin\Debug\net8.0-windows10.0.22621.0\datasets\recordings\20260912_051706_fcc95395\frame_00000165.png,3840,2088,F:\CODE\JianChanChan\scripts\..\docs\qa_runs\a1\bulk\img_0185.jpg
4,186,20260912_051706_fcc95395_frame_00000166,20260912_051706_fcc95395,png,F:\CODE\JianChanChan\src\ChanSight.Cli\bin\Debug\net8.0-windows10.0.22621.0\datasets\recordings\20260912_051706_fcc95395\frame_00000166.png,3840,2088,F:\CODE\JianChanChan\scripts\..\docs\qa_runs\a1\bulk\img_0186.jpg
4,187,20260912_051706_fcc95395_frame_00000167,20260912_051706_fcc95395,png,F:\CODE\JianChanChan\src\ChanSight.Cli\bin\Debug\net8.0-windows10.0.22621.0\datasets\recordings\20260912_051706_fcc95395\frame_00000167.png,3840,2088,F:\CODE\JianChanChan\scripts\..\docs\qa_runs\a1\bulk\img_0187.jpg
4,188,20260912_051706_fcc95395_frame_00000168,20260912_051706_fcc95395,png,F:\CODE\JianChanChan\src\ChanSight.Cli\bin\Debug\net8.0-windows10.0.22621.0\datasets\recordings\20260912_051706_fcc95395\frame_00000168.png,3840,2088,F:\CODE\JianChanChan\scripts\..\docs\qa_runs\a1\bulk\img_0188.jpg
4,189,20260912_051706_fcc95395_frame_00000169,20260912_051706_fcc95395,png,F:\CODE\JianChanChan\src\ChanSight.Cli\bin\Debug\net8.0-windows10.0.22621.0\datasets\recordings\20260912_051706_fcc95395\frame_00000169.png,3840,2088,F:\CODE\JianChanChan\scripts\..\docs\qa_runs\a1\bulk\img_0189.jpg
4,190,20260912_051706_fcc95395_frame_00000170,20260912_051706_fcc95395,png,F:\CODE\JianChanChan\src\ChanSight.Cli\bin\Debug\net8.0-windows10.0.22621.0\datasets\recordings\20260912_051706_fcc95395\frame_00000170.png,3840,2088,F:\CODE\JianChanChan\scripts\..\docs\qa_runs\a1\bulk\img_0190.jpg
4,191,20260912_054806_0e08907e_auto_00000005_20260912054806274,20260912_054806_0e08907e,jpg,F:\CODE\JianChanChan\src\ChanSight.Cli\bin\Debug\net8.0-windows10.0.22621.0\datasets\recordings\20260912_054806_0e08907e\auto_00000005_20260912054806274.jpg,3840,2088,F:\CODE\JianChanChan\scripts\..\docs\qa_runs\a1\bulk\img_0191.jpg
4,192,20260912_054806_0e08907e_auto_00000105_20260912054808288,20260912_054806_0e08907e,jpg,F:\CODE\JianChanChan\src\ChanSight.Cli\bin\Debug\net8.0-windows10.0.22621.0\datasets\recordings\20260912_054806_0e08907e\auto_00000105_20260912054808288.jpg,3840,2088,F:\CODE\JianChanChan\scripts\..\docs\qa_runs\a1\bulk\img_0192.jpg
4,193,20260912_054806_0e08907e_auto_00000206_20260912054810329,20260912_054806_0e08907e,jpg,F:\CODE\JianChanChan\src\ChanSight.Cli\bin\Debug\net8.0-windows10.0.22621.0\datasets\recordings\20260912_054806_0e08907e\auto_00000206_20260912054810329.jpg,3840,2088,F:\CODE\JianChanChan\scripts\..\docs\qa_runs\a1\bulk\img_0193.jpg
4,194,20260912_054806_0e08907e_auto_00000306_20260912054812342,20260912_054806_0e08907e,jpg,F:\CODE\JianChanChan\src\ChanSight.Cli\bin\Debug\net8.0-windows10.0.22621.0\datasets\recordings\20260912_054806_0e08907e\auto_00000306_20260912054812342.jpg,3840,2088,F:\CODE\JianChanChan\scripts\..\docs\qa_runs\a1\bulk\img_0194.jpg
4,195,20260912_054806_0e08907e_auto_00000380_20260912054814363,20260912_054806_0e08907e,jpg,F:\CODE\JianChanChan\src\ChanSight.Cli\bin\Debug\net8.0-windows10.0.22621.0\datasets\recordings\20260912_054806_0e08907e\auto_00000380_20260912054814363.jpg,3840,2088,F:\CODE\JianChanChan\scripts\..\docs\qa_runs\a1\bulk\img_0195.jpg
4,196,20260912_054806_0e08907e_auto_00000460_20260912054816397,20260912_054806_0e08907e,jpg,F:\CODE\JianChanChan\src\ChanSight.Cli\bin\Debug\net8.0-windows10.0.22621.0\datasets\recordings\20260912_054806_0e08907e\auto_00000460_20260912054816397.jpg,3840,2088,F:\CODE\JianChanChan\scripts\..\docs\qa_runs\a1\bulk\img_0196.jpg
4,197,20260912_054806_0e08907e_auto_00000558_20260912054818475,20260912_054806_0e08907e,jpg,F:\CODE\JianChanChan\src\ChanSight.Cli\bin\Debug\net8.0-windows10.0.22621.0\datasets\recordings\20260912_054806_0e08907e\auto_00000558_20260912054818475.jpg,3840,2088,F:\CODE\JianChanChan\scripts\..\docs\qa_runs\a1\bulk\img_0197.jpg
4,198,20260912_054806_0e08907e_auto_00000654_20260912054820494,20260912_054806_0e08907e,jpg,F:\CODE\JianChanChan\src\ChanSight.Cli\bin\Debug\net8.0-windows10.0.22621.0\datasets\recordings\20260912_054806_0e08907e\auto_00000654_20260912054820494.jpg,3840,2088,F:\CODE\JianChanChan\scripts\..\docs\qa_runs\a1\bulk\img_0198.jpg
4,199,20260912_054806_0e08907e_auto_00000734_20260912054822495,20260912_054806_0e08907e,jpg,F:\CODE\JianChanChan\src\ChanSight.Cli\bin\Debug\net8.0-windows10.0.22621.0\datasets\recordings\20260912_054806_0e08907e\auto_00000734_20260912054822495.jpg,3840,2088,F:\CODE\JianChanChan\scripts\..\docs\qa_runs\a1\bulk\img_0199.jpg
4,200,20260912_054806_0e08907e_auto_00000823_20260912054824509,20260912_054806_0e08907e,jpg,F:\CODE\JianChanChan\src\ChanSight.Cli\bin\Debug\net8.0-windows10.0.22621.0\datasets\recordings\20260912_054806_0e08907e\auto_00000823_20260912054824509.jpg,3840,2088,F:\CODE\JianChanChan\scripts\..\docs\qa_runs\a1\bulk\img_0200.jpg
4,201,20260912_054806_0e08907e_auto_00000912_20260912054826544,20260912_054806_0e08907e,jpg,F:\CODE\JianChanChan\src\ChanSight.Cli\bin\Debug\net8.0-windows10.0.22621.0\datasets\recordings\20260912_054806_0e08907e\auto_00000912_20260912054826544.jpg,3840,2088,F:\CODE\JianChanChan\scripts\..\docs\qa_runs\a1\bulk\img_0201.jpg
4,202,20260912_054806_0e08907e_auto_00001008_20260912054828572,20260912_054806_0e08907e,jpg,F:\CODE\JianChanChan\src\ChanSight.Cli\bin\Debug\net8.0-windows10.0.22621.0\datasets\recordings\20260912_054806_0e08907e\auto_00001008_20260912054828572.jpg,3840,2088,F:\CODE\JianChanChan\scripts\..\docs\qa_runs\a1\bulk\img_0202.jpg
4,203,20260912_054806_0e08907e_auto_00001099_20260912054830586,20260912_054806_0e08907e,jpg,F:\CODE\JianChanChan\src\ChanSight.Cli\bin\Debug\net8.0-windows10.0.22621.0\datasets\recordings\20260912_054806_0e08907e\auto_00001099_20260912054830586.jpg,3840,2088,F:\CODE\JianChanChan\scripts\..\docs\qa_runs\a1\bulk\img_0203.jpg
4,204,20260912_054806_0e08907e_auto_00001191_20260912054832614,20260912_054806_0e08907e,jpg,F:\CODE\JianChanChan\src\ChanSight.Cli\bin\Debug\net8.0-windows10.0.22621.0\datasets\recordings\20260912_054806_0e08907e\auto_00001191_20260912054832614.jpg,3840,2088,F:\CODE\JianChanChan\scripts\..\docs\qa_runs\a1\bulk\img_0204.jpg
5,205,20260912_054806_0e08907e_auto_00001284_20260912054834641,20260912_054806_0e08907e,jpg,F:\CODE\JianChanChan\src\ChanSight.Cli\bin\Debug\net8.0-windows10.0.22621.0\datasets\recordings\20260912_054806_0e08907e\auto_00001284_20260912054834641.jpg,3840,2088,F:\CODE\JianChanChan\scripts\..\docs\qa_runs\a1\bulk\img_0205.jpg
5,206,20260912_054806_0e08907e_auto_00001373_20260912054836720,20260912_054806_0e08907e,jpg,F:\CODE\JianChanChan\src\ChanSight.Cli\bin\Debug\net8.0-windows10.0.22621.0\datasets\recordings\20260912_054806_0e08907e\auto_00001373_20260912054836720.jpg,3840,2088,F:\CODE\JianChanChan\scripts\..\docs\qa_runs\a1\bulk\img_0206.jpg
5,207,20260912_054806_0e08907e_auto_00001444_20260912054838725,20260912_054806_0e08907e,jpg,F:\CODE\JianChanChan\src\ChanSight.Cli\bin\Debug\net8.0-windows10.0.22621.0\datasets\recordings\20260912_054806_0e08907e\auto_00001444_20260912054838725.jpg,3840,2088,F:\CODE\JianChanChan\scripts\..\docs\qa_runs\a1\bulk\img_0207.jpg
5,208,20260912_054806_0e08907e_auto_00001528_20260912054840759,20260912_054806_0e08907e,jpg,F:\CODE\JianChanChan\src\ChanSight.Cli\bin\Debug\net8.0-windows10.0.22621.0\datasets\recordings\20260912_054806_0e08907e\auto_00001528_20260912054840759.jpg,3840,2088,F:\CODE\JianChanChan\scripts\..\docs\qa_runs\a1\bulk\img_0208.jpg
5,209,20260912_054806_0e08907e_auto_00001604_20260912054842760,20260912_054806_0e08907e,jpg,F:\CODE\JianChanChan\src\ChanSight.Cli\bin\Debug\net8.0-windows10.0.22621.0\datasets\recordings\20260912_054806_0e08907e\auto_00001604_20260912054842760.jpg,3840,2088,F:\CODE\JianChanChan\scripts\..\docs\qa_runs\a1\bulk\img_0209.jpg
5,210,20260912_054806_0e08907e_auto_00001700_20260912054844780,20260912_054806_0e08907e,jpg,F:\CODE\JianChanChan\src\ChanSight.Cli\bin\Debug\net8.0-windows10.0.22621.0\datasets\recordings\20260912_054806_0e08907e\auto_00001700_20260912054844780.jpg,3840,2088,F:\CODE\JianChanChan\scripts\..\docs\qa_runs\a1\bulk\img_0210.jpg
5,211,20260912_054806_0e08907e_auto_00001787_20260912054846787,20260912_054806_0e08907e,jpg,F:\CODE\JianChanChan\src\ChanSight.Cli\bin\Debug\net8.0-windows10.0.22621.0\datasets\recordings\20260912_054806_0e08907e\auto_00001787_20260912054846787.jpg,3840,2088,F:\CODE\JianChanChan\scripts\..\docs\qa_runs\a1\bulk\img_0211.jpg
5,212,20260912_054806_0e08907e_auto_00001865_20260912054848805,20260912_054806_0e08907e,jpg,F:\CODE\JianChanChan\src\ChanSight.Cli\bin\Debug\net8.0-windows10.0.22621.0\datasets\recordings\20260912_054806_0e08907e\auto_00001865_20260912054848805.jpg,3840,2088,F:\CODE\JianChanChan\scripts\..\docs\qa_runs\a1\bulk\img_0212.jpg
5,213,20260912_054806_0e08907e_auto_00001959_20260912054850821,20260912_054806_0e08907e,jpg,F:\CODE\JianChanChan\src\ChanSight.Cli\bin\Debug\net8.0-windows10.0.22621.0\datasets\recordings\20260912_054806_0e08907e\auto_00001959_20260912054850821.jpg,3840,2088,F:\CODE\JianChanChan\scripts\..\docs\qa_runs\a1\bulk\img_0213.jpg
5,214,20260912_054806_0e08907e_auto_00002056_20260912054852845,20260912_054806_0e08907e,jpg,F:\CODE\JianChanChan\src\ChanSight.Cli\bin\Debug\net8.0-windows10.0.22621.0\datasets\recordings\20260912_054806_0e08907e\auto_00002056_20260912054852845.jpg,3840,2088,F:\CODE\JianChanChan\scripts\..\docs\qa_runs\a1\bulk\img_0214.jpg
5,215,20260912_054806_0e08907e_auto_00002154_20260912054854880,20260912_054806_0e08907e,jpg,F:\CODE\JianChanChan\src\ChanSight.Cli\bin\Debug\net8.0-windows10.0.22621.0\datasets\recordings\20260912_054806_0e08907e\auto_00002154_20260912054854880.jpg,3840,2088,F:\CODE\JianChanChan\scripts\..\docs\qa_runs\a1\bulk\img_0215.jpg
5,216,20260912_054806_0e08907e_auto_00002250_20260912054856894,20260912_054806_0e08907e,jpg,F:\CODE\JianChanChan\src\ChanSight.Cli\bin\Debug\net8.0-windows10.0.22621.0\datasets\recordings\20260912_054806_0e08907e\auto_00002250_20260912054856894.jpg,3840,2088,F:\CODE\JianChanChan\scripts\..\docs\qa_runs\a1\bulk\img_0216.jpg
5,217,20260912_054806_0e08907e_auto_00002348_20260912054858894,20260912_054806_0e08907e,jpg,F:\CODE\JianChanChan\src\ChanSight.Cli\bin\Debug\net8.0-windows10.0.22621.0\datasets\recordings\20260912_054806_0e08907e\auto_00002348_20260912054858894.jpg,3840,2088,F:\CODE\JianChanChan\scripts\..\docs\qa_runs\a1\bulk\img_0217.jpg
5,218,20260912_054806_0e08907e_auto_00002448_20260912054900914,20260912_054806_0e08907e,jpg,F:\CODE\JianChanChan\src\ChanSight.Cli\bin\Debug\net8.0-windows10.0.22621.0\datasets\recordings\20260912_054806_0e08907e\auto_00002448_20260912054900914.jpg,3840,2088,F:\CODE\JianChanChan\scripts\..\docs\qa_runs\a1\bulk\img_0218.jpg
5,219,20260912_054806_0e08907e_auto_00002548_20260912054902970,20260912_054806_0e08907e,jpg,F:\CODE\JianChanChan\src\ChanSight.Cli\bin\Debug\net8.0-windows10.0.22621.0\datasets\recordings\20260912_054806_0e08907e\auto_00002548_20260912054902970.jpg,3840,2088,F:\CODE\JianChanChan\scripts\..\docs\qa_runs\a1\bulk\img_0219.jpg
5,220,20260912_054806_0e08907e_auto_00002644_20260912054904972,20260912_054806_0e08907e,jpg,F:\CODE\JianChanChan\src\ChanSight.Cli\bin\Debug\net8.0-windows10.0.22621.0\datasets\recordings\20260912_054806_0e08907e\auto_00002644_20260912054904972.jpg,3840,2088,F:\CODE\JianChanChan\scripts\..\docs\qa_runs\a1\bulk\img_0220.jpg
5,221,20260912_054806_0e08907e_auto_00002744_20260912054906990,20260912_054806_0e08907e,jpg,F:\CODE\JianChanChan\src\ChanSight.Cli\bin\Debug\net8.0-windows10.0.22621.0\datasets\recordings\20260912_054806_0e08907e\auto_00002744_20260912054906990.jpg,3840,2088,F:\CODE\JianChanChan\scripts\..\docs\qa_runs\a1\bulk\img_0221.jpg
5,222,20260912_054806_0e08907e_auto_00002841_20260912054908999,20260912_054806_0e08907e,jpg,F:\CODE\JianChanChan\src\ChanSight.Cli\bin\Debug\net8.0-windows10.0.22621.0\datasets\recordings\20260912_054806_0e08907e\auto_00002841_20260912054908999.jpg,3840,2088,F:\CODE\JianChanChan\scripts\..\docs\qa_runs\a1\bulk\img_0222.jpg
5,223,20260912_054806_0e08907e_auto_00002938_20260912054911019,20260912_054806_0e08907e,jpg,F:\CODE\JianChanChan\src\ChanSight.Cli\bin\Debug\net8.0-windows10.0.22621.0\datasets\recordings\20260912_054806_0e08907e\auto_00002938_20260912054911019.jpg,3840,2088,F:\CODE\JianChanChan\scripts\..\docs\qa_runs\a1\bulk\img_0223.jpg
5,224,20260912_054806_0e08907e_auto_00003038_20260912054913064,20260912_054806_0e08907e,jpg,F:\CODE\JianChanChan\src\ChanSight.Cli\bin\Debug\net8.0-windows10.0.22621.0\datasets\recordings\20260912_054806_0e08907e\auto_00003038_20260912054913064.jpg,3840,2088,F:\CODE\JianChanChan\scripts\..\docs\qa_runs\a1\bulk\img_0224.jpg
5,225,20260912_054806_0e08907e_auto_00003140_20260912054915101,20260912_054806_0e08907e,jpg,F:\CODE\JianChanChan\src\ChanSight.Cli\bin\Debug\net8.0-windows10.0.22621.0\datasets\recordings\20260912_054806_0e08907e\auto_00003140_20260912054915101.jpg,3840,2088,F:\CODE\JianChanChan\scripts\..\docs\qa_runs\a1\bulk\img_0225.jpg
5,226,20260912_054806_0e08907e_auto_00003239_20260912054917102,20260912_054806_0e08907e,jpg,F:\CODE\JianChanChan\src\ChanSight.Cli\bin\Debug\net8.0-windows10.0.22621.0\datasets\recordings\20260912_054806_0e08907e\auto_00003239_20260912054917102.jpg,3840,2088,F:\CODE\JianChanChan\scripts\..\docs\qa_runs\a1\bulk\img_0226.jpg
5,227,20260912_054806_0e08907e_auto_00003335_20260912054919150,20260912_054806_0e08907e,jpg,F:\CODE\JianChanChan\src\ChanSight.Cli\bin\Debug\net8.0-windows10.0.22621.0\datasets\recordings\20260912_054806_0e08907e\auto_00003335_20260912054919150.jpg,3840,2088,F:\CODE\JianChanChan\scripts\..\docs\qa_runs\a1\bulk\img_0227.jpg
5,228,20260912_054806_0e08907e_auto_00003429_20260912054921178,20260912_054806_0e08907e,jpg,F:\CODE\JianChanChan\src\ChanSight.Cli\bin\Debug\net8.0-windows10.0.22621.0\datasets\recordings\20260912_054806_0e08907e\auto_00003429_20260912054921178.jpg,3840,2088,F:\CODE\JianChanChan\scripts\..\docs\qa_runs\a1\bulk\img_0228.jpg
5,229,20260912_054806_0e08907e_auto_00003526_20260912054923213,20260912_054806_0e08907e,jpg,F:\CODE\JianChanChan\src\ChanSight.Cli\bin\Debug\net8.0-windows10.0.22621.0\datasets\recordings\20260912_054806_0e08907e\auto_00003526_20260912054923213.jpg,3840,2088,F:\CODE\JianChanChan\scripts\..\docs\qa_runs\a1\bulk\img_0229.jpg
5,230,20260912_054806_0e08907e_auto_00003624_20260912054925213,20260912_054806_0e08907e,jpg,F:\CODE\JianChanChan\src\ChanSight.Cli\bin\Debug\net8.0-windows10.0.22621.0\datasets\recordings\20260912_054806_0e08907e\auto_00003624_20260912054925213.jpg,3840,2088,F:\CODE\JianChanChan\scripts\..\docs\qa_runs\a1\bulk\img_0230.jpg
5,231,20260912_054806_0e08907e_auto_00003725_20260912054927234,20260912_054806_0e08907e,jpg,F:\CODE\JianChanChan\src\ChanSight.Cli\bin\Debug\net8.0-windows10.0.22621.0\datasets\recordings\20260912_054806_0e08907e\auto_00003725_20260912054927234.jpg,3840,2088,F:\CODE\JianChanChan\scripts\..\docs\qa_runs\a1\bulk\img_0231.jpg
5,232,20260912_054806_0e08907e_auto_00003825_20260912054929248,20260912_054806_0e08907e,jpg,F:\CODE\JianChanChan\src\ChanSight.Cli\bin\Debug\net8.0-windows10.0.22621.0\datasets\recordings\20260912_054806_0e08907e\auto_00003825_20260912054929248.jpg,3840,2088,F:\CODE\JianChanChan\scripts\..\docs\qa_runs\a1\bulk\img_0232.jpg
5,233,20260912_054806_0e08907e_auto_00003921_20260912054931254,20260912_054806_0e08907e,jpg,F:\CODE\JianChanChan\src\ChanSight.Cli\bin\Debug\net8.0-windows10.0.22621.0\datasets\recordings\20260912_054806_0e08907e\auto_00003921_20260912054931254.jpg,3840,2088,F:\CODE\JianChanChan\scripts\..\docs\qa_runs\a1\bulk\img_0233.jpg
5,234,20260912_054806_0e08907e_auto_00004013_20260912054933283,20260912_054806_0e08907e,jpg,F:\CODE\JianChanChan\src\ChanSight.Cli\bin\Debug\net8.0-windows10.0.22621.0\datasets\recordings\20260912_054806_0e08907e\auto_00004013_20260912054933283.jpg,3840,2088,F:\CODE\JianChanChan\scripts\..\docs\qa_runs\a1\bulk\img_0234.jpg
5,235,20260912_054806_0e08907e_auto_00004099_20260912054935285,20260912_054806_0e08907e,jpg,F:\CODE\JianChanChan\src\ChanSight.Cli\bin\Debug\net8.0-windows10.0.22621.0\datasets\recordings\20260912_054806_0e08907e\auto_00004099_20260912054935285.jpg,3840,2088,F:\CODE\JianChanChan\scripts\..\docs\qa_runs\a1\bulk\img_0235.jpg
5,236,20260912_054806_0e08907e_auto_00004192_20260912054937325,20260912_054806_0e08907e,jpg,F:\CODE\JianChanChan\src\ChanSight.Cli\bin\Debug\net8.0-windows10.0.22621.0\datasets\recordings\20260912_054806_0e08907e\auto_00004192_20260912054937325.jpg,3840,2088,F:\CODE\JianChanChan\scripts\..\docs\qa_runs\a1\bulk\img_0236.jpg
5,237,20260912_054806_0e08907e_auto_00004282_20260912054939333,20260912_054806_0e08907e,jpg,F:\CODE\JianChanChan\src\ChanSight.Cli\bin\Debug\net8.0-windows10.0.22621.0\datasets\recordings\20260912_054806_0e08907e\auto_00004282_20260912054939333.jpg,3840,2088,F:\CODE\JianChanChan\scripts\..\docs\qa_runs\a1\bulk\img_0237.jpg
5,238,20260912_054806_0e08907e_auto_00004377_20260912054941333,20260912_054806_0e08907e,jpg,F:\CODE\JianChanChan\src\ChanSight.Cli\bin\Debug\net8.0-windows10.0.22621.0\datasets\recordings\20260912_054806_0e08907e\auto_00004377_20260912054941333.jpg,3840,2088,F:\CODE\JianChanChan\scripts\..\docs\qa_runs\a1\bulk\img_0238.jpg
5,239,20260912_054806_0e08907e_auto_00004473_20260912054943402,20260912_054806_0e08907e,jpg,F:\CODE\JianChanChan\src\ChanSight.Cli\bin\Debug\net8.0-windows10.0.22621.0\datasets\recordings\20260912_054806_0e08907e\auto_00004473_20260912054943402.jpg,3840,2088,F:\CODE\JianChanChan\scripts\..\docs\qa_runs\a1\bulk\img_0239.jpg
5,240,20260912_054806_0e08907e_auto_00004543_20260912054945403,20260912_054806_0e08907e,jpg,F:\CODE\JianChanChan\src\ChanSight.Cli\bin\Debug\net8.0-windows10.0.22621.0\datasets\recordings\20260912_054806_0e08907e\auto_00004543_20260912054945403.jpg,3840,2088,F:\CODE\JianChanChan\scripts\..\docs\qa_runs\a1\bulk\img_0240.jpg
5,241,20260912_054806_0e08907e_auto_00004630_20260912054947436,20260912_054806_0e08907e,jpg,F:\CODE\JianChanChan\src\ChanSight.Cli\bin\Debug\net8.0-windows10.0.22621.0\datasets\recordings\20260912_054806_0e08907e\auto_00004630_20260912054947436.jpg,3840,2088,F:\CODE\JianChanChan\scripts\..\docs\qa_runs\a1\bulk\img_0241.jpg
5,242,20260912_054806_0e08907e_auto_00004724_20260912054949453,20260912_054806_0e08907e,jpg,F:\CODE\JianChanChan\src\ChanSight.Cli\bin\Debug\net8.0-windows10.0.22621.0\datasets\recordings\20260912_054806_0e08907e\auto_00004724_20260912054949453.jpg,3840,2088,F:\CODE\JianChanChan\scripts\..\docs\qa_runs\a1\bulk\img_0242.jpg
5,243,20260912_054806_0e08907e_auto_00004827_20260912054951486,20260912_054806_0e08907e,jpg,F:\CODE\JianChanChan\src\ChanSight.Cli\bin\Debug\net8.0-windows10.0.22621.0\datasets\recordings\20260912_054806_0e08907e\auto_00004827_20260912054951486.jpg,3840,2088,F:\CODE\JianChanChan\scripts\..\docs\qa_runs\a1\bulk\img_0243.jpg
5,244,20260912_054806_0e08907e_auto_00004928_20260912054953506,20260912_054806_0e08907e,jpg,F:\CODE\JianChanChan\src\ChanSight.Cli\bin\Debug\net8.0-windows10.0.22621.0\datasets\recordings\20260912_054806_0e08907e\auto_00004928_20260912054953506.jpg,3840,2088,F:\CODE\JianChanChan\scripts\..\docs\qa_runs\a1\bulk\img_0244.jpg
5,245,20260912_054806_0e08907e_auto_00005027_20260912054955536,20260912_054806_0e08907e,jpg,F:\CODE\JianChanChan\src\ChanSight.Cli\bin\Debug\net8.0-windows10.0.22621.0\datasets\recordings\20260912_054806_0e08907e\auto_00005027_20260912054955536.jpg,3840,2088,F:\CODE\JianChanChan\scripts\..\docs\qa_runs\a1\bulk\img_0245.jpg
5,246,20260912_054806_0e08907e_auto_00005126_20260912054957562,20260912_054806_0e08907e,jpg,F:\CODE\JianChanChan\src\ChanSight.Cli\bin\Debug\net8.0-windows10.0.22621.0\datasets\recordings\20260912_054806_0e08907e\auto_00005126_20260912054957562.jpg,3840,2088,F:\CODE\JianChanChan\scripts\..\docs\qa_runs\a1\bulk\img_0246.jpg
5,247,20260912_054806_0e08907e_auto_00005222_20260912054959570,20260912_054806_0e08907e,jpg,F:\CODE\JianChanChan\src\ChanSight.Cli\bin\Debug\net8.0-windows10.0.22621.0\datasets\recordings\20260912_054806_0e08907e\auto_00005222_20260912054959570.jpg,3840,2088,F:\CODE\JianChanChan\scripts\..\docs\qa_runs\a1\bulk\img_0247.jpg
5,248,20260912_054806_0e08907e_auto_00005319_20260912055001590,20260912_054806_0e08907e,jpg,F:\CODE\JianChanChan\src\ChanSight.Cli\bin\Debug\net8.0-windows10.0.22621.0\datasets\recordings\20260912_054806_0e08907e\auto_00005319_20260912055001590.jpg,3840,2088,F:\CODE\JianChanChan\scripts\..\docs\qa_runs\a1\bulk\img_0248.jpg
5,249,20260912_054806_0e08907e_frame_00000001,20260912_054806_0e08907e,png,F:\CODE\JianChanChan\src\ChanSight.Cli\bin\Debug\net8.0-windows10.0.22621.0\datasets\recordings\20260912_054806_0e08907e\frame_00000001.png,3840,2088,F:\CODE\JianChanChan\scripts\..\docs\qa_runs\a1\bulk\img_0249.jpg
5,250,20260912_054806_0e08907e_frame_00000002,20260912_054806_0e08907e,png,F:\CODE\JianChanChan\src\ChanSight.Cli\bin\Debug\net8.0-windows10.0.22621.0\datasets\recordings\20260912_054806_0e08907e\frame_00000002.png,3840,2088,F:\CODE\JianChanChan\scripts\..\docs\qa_runs\a1\bulk\img_0250.jpg
5,251,20260912_054806_0e08907e_frame_00000003,20260912_054806_0e08907e,png,F:\CODE\JianChanChan\src\ChanSight.Cli\bin\Debug\net8.0-windows10.0.22621.0\datasets\recordings\20260912_054806_0e08907e\frame_00000003.png,3840,2088,F:\CODE\JianChanChan\scripts\..\docs\qa_runs\a1\bulk\img_0251.jpg
5,252,20260912_054806_0e08907e_frame_00000004,20260912_054806_0e08907e,png,F:\CODE\JianChanChan\src\ChanSight.Cli\bin\Debug\net8.0-windows10.0.22621.0\datasets\recordings\20260912_054806_0e08907e\frame_00000004.png,3840,2088,F:\CODE\JianChanChan\scripts\..\docs\qa_runs\a1\bulk\img_0252.jpg
5,253,20260912_054806_0e08907e_frame_00000005,20260912_054806_0e08907e,png,F:\CODE\JianChanChan\src\ChanSight.Cli\bin\Debug\net8.0-windows10.0.22621.0\datasets\recordings\20260912_054806_0e08907e\frame_00000005.png,3840,2088,F:\CODE\JianChanChan\scripts\..\docs\qa_runs\a1\bulk\img_0253.jpg
5,254,20260912_054806_0e08907e_frame_00000006,20260912_054806_0e08907e,png,F:\CODE\JianChanChan\src\ChanSight.Cli\bin\Debug\net8.0-windows10.0.22621.0\datasets\recordings\20260912_054806_0e08907e\frame_00000006.png,3840,2088,F:\CODE\JianChanChan\scripts\..\docs\qa_runs\a1\bulk\img_0254.jpg
5,255,20260912_054806_0e08907e_frame_00000007,20260912_054806_0e08907e,png,F:\CODE\JianChanChan\src\ChanSight.Cli\bin\Debug\net8.0-windows10.0.22621.0\datasets\recordings\20260912_054806_0e08907e\frame_00000007.png,3840,2088,F:\CODE\JianChanChan\scripts\..\docs\qa_runs\a1\bulk\img_0255.jpg
6,256,20260912_054806_0e08907e_frame_00000008,20260912_054806_0e08907e,png,F:\CODE\JianChanChan\src\ChanSight.Cli\bin\Debug\net8.0-windows10.0.22621.0\datasets\recordings\20260912_054806_0e08907e\frame_00000008.png,3840,2088,F:\CODE\JianChanChan\scripts\..\docs\qa_runs\a1\bulk\img_0256.jpg
6,257,20260912_054806_0e08907e_frame_00000009,20260912_054806_0e08907e,png,F:\CODE\JianChanChan\src\ChanSight.Cli\bin\Debug\net8.0-windows10.0.22621.0\datasets\recordings\20260912_054806_0e08907e\frame_00000009.png,3840,2088,F:\CODE\JianChanChan\scripts\..\docs\qa_runs\a1\bulk\img_0257.jpg
6,258,20260912_054806_0e08907e_frame_00000010,20260912_054806_0e08907e,png,F:\CODE\JianChanChan\src\ChanSight.Cli\bin\Debug\net8.0-windows10.0.22621.0\datasets\recordings\20260912_054806_0e08907e\frame_00000010.png,3840,2088,F:\CODE\JianChanChan\scripts\..\docs\qa_runs\a1\bulk\img_0258.jpg
6,259,20260912_054806_0e08907e_frame_00000011,20260912_054806_0e08907e,png,F:\CODE\JianChanChan\src\ChanSight.Cli\bin\Debug\net8.0-windows10.0.22621.0\datasets\recordings\20260912_054806_0e08907e\frame_00000011.png,3840,2088,F:\CODE\JianChanChan\scripts\..\docs\qa_runs\a1\bulk\img_0259.jpg
6,260,20260912_054806_0e08907e_frame_00000012,20260912_054806_0e08907e,png,F:\CODE\JianChanChan\src\ChanSight.Cli\bin\Debug\net8.0-windows10.0.22621.0\datasets\recordings\20260912_054806_0e08907e\frame_00000012.png,3840,2088,F:\CODE\JianChanChan\scripts\..\docs\qa_runs\a1\bulk\img_0260.jpg
6,261,20260912_054806_0e08907e_frame_00000013,20260912_054806_0e08907e,png,F:\CODE\JianChanChan\src\ChanSight.Cli\bin\Debug\net8.0-windows10.0.22621.0\datasets\recordings\20260912_054806_0e08907e\frame_00000013.png,3840,2088,F:\CODE\JianChanChan\scripts\..\docs\qa_runs\a1\bulk\img_0261.jpg
6,262,20260912_054806_0e08907e_frame_00000014,20260912_054806_0e08907e,png,F:\CODE\JianChanChan\src\ChanSight.Cli\bin\Debug\net8.0-windows10.0.22621.0\datasets\recordings\20260912_054806_0e08907e\frame_00000014.png,3840,2088,F:\CODE\JianChanChan\scripts\..\docs\qa_runs\a1\bulk\img_0262.jpg
6,263,20260912_054806_0e08907e_frame_00000015,20260912_054806_0e08907e,png,F:\CODE\JianChanChan\src\ChanSight.Cli\bin\Debug\net8.0-windows10.0.22621.0\datasets\recordings\20260912_054806_0e08907e\frame_00000015.png,3840,2088,F:\CODE\JianChanChan\scripts\..\docs\qa_runs\a1\bulk\img_0263.jpg
6,264,20260912_054806_0e08907e_frame_00000016,20260912_054806_0e08907e,png,F:\CODE\JianChanChan\src\ChanSight.Cli\bin\Debug\net8.0-windows10.0.22621.0\datasets\recordings\20260912_054806_0e08907e\frame_00000016.png,3840,2088,F:\CODE\JianChanChan\scripts\..\docs\qa_runs\a1\bulk\img_0264.jpg
6,265,20260912_054806_0e08907e_frame_00000017,20260912_054806_0e08907e,png,F:\CODE\JianChanChan\src\ChanSight.Cli\bin\Debug\net8.0-windows10.0.22621.0\datasets\recordings\20260912_054806_0e08907e\frame_00000017.png,3840,2088,F:\CODE\JianChanChan\scripts\..\docs\qa_runs\a1\bulk\img_0265.jpg
6,266,20260912_054806_0e08907e_frame_00000018,20260912_054806_0e08907e,png,F:\CODE\JianChanChan\src\ChanSight.Cli\bin\Debug\net8.0-windows10.0.22621.0\datasets\recordings\20260912_054806_0e08907e\frame_00000018.png,3840,2088,F:\CODE\JianChanChan\scripts\..\docs\qa_runs\a1\bulk\img_0266.jpg
6,267,20260912_054806_0e08907e_frame_00000019,20260912_054806_0e08907e,png,F:\CODE\JianChanChan\src\ChanSight.Cli\bin\Debug\net8.0-windows10.0.22621.0\datasets\recordings\20260912_054806_0e08907e\frame_00000019.png,3840,2088,F:\CODE\JianChanChan\scripts\..\docs\qa_runs\a1\bulk\img_0267.jpg
6,268,20260912_054806_0e08907e_frame_00000020,20260912_054806_0e08907e,png,F:\CODE\JianChanChan\src\ChanSight.Cli\bin\Debug\net8.0-windows10.0.22621.0\datasets\recordings\20260912_054806_0e08907e\frame_00000020.png,3840,2088,F:\CODE\JianChanChan\scripts\..\docs\qa_runs\a1\bulk\img_0268.jpg
6,269,20260912_054806_0e08907e_frame_00000021,20260912_054806_0e08907e,png,F:\CODE\JianChanChan\src\ChanSight.Cli\bin\Debug\net8.0-windows10.0.22621.0\datasets\recordings\20260912_054806_0e08907e\frame_00000021.png,3840,2088,F:\CODE\JianChanChan\scripts\..\docs\qa_runs\a1\bulk\img_0269.jpg
6,270,20260912_054806_0e08907e_frame_00000022,20260912_054806_0e08907e,png,F:\CODE\JianChanChan\src\ChanSight.Cli\bin\Debug\net8.0-windows10.0.22621.0\datasets\recordings\20260912_054806_0e08907e\frame_00000022.png,3840,2088,F:\CODE\JianChanChan\scripts\..\docs\qa_runs\a1\bulk\img_0270.jpg
6,271,20260912_054806_0e08907e_frame_00000023,20260912_054806_0e08907e,png,F:\CODE\JianChanChan\src\ChanSight.Cli\bin\Debug\net8.0-windows10.0.22621.0\datasets\recordings\20260912_054806_0e08907e\frame_00000023.png,3840,2088,F:\CODE\JianChanChan\scripts\..\docs\qa_runs\a1\bulk\img_0271.jpg
6,272,20260912_054806_0e08907e_frame_00000024,20260912_054806_0e08907e,png,F:\CODE\JianChanChan\src\ChanSight.Cli\bin\Debug\net8.0-windows10.0.22621.0\datasets\recordings\20260912_054806_0e08907e\frame_00000024.png,3840,2088,F:\CODE\JianChanChan\scripts\..\docs\qa_runs\a1\bulk\img_0272.jpg
6,273,20260912_054806_0e08907e_frame_00000025,20260912_054806_0e08907e,png,F:\CODE\JianChanChan\src\ChanSight.Cli\bin\Debug\net8.0-windows10.0.22621.0\datasets\recordings\20260912_054806_0e08907e\frame_00000025.png,3840,2088,F:\CODE\JianChanChan\scripts\..\docs\qa_runs\a1\bulk\img_0273.jpg
6,274,20260912_054806_0e08907e_frame_00000026,20260912_054806_0e08907e,png,F:\CODE\JianChanChan\src\ChanSight.Cli\bin\Debug\net8.0-windows10.0.22621.0\datasets\recordings\20260912_054806_0e08907e\frame_00000026.png,3840,2088,F:\CODE\JianChanChan\scripts\..\docs\qa_runs\a1\bulk\img_0274.jpg
6,275,20260912_054806_0e08907e_frame_00000027,20260912_054806_0e08907e,png,F:\CODE\JianChanChan\src\ChanSight.Cli\bin\Debug\net8.0-windows10.0.22621.0\datasets\recordings\20260912_054806_0e08907e\frame_00000027.png,3840,2088,F:\CODE\JianChanChan\scripts\..\docs\qa_runs\a1\bulk\img_0275.jpg
6,276,20260912_054806_0e08907e_frame_00000028,20260912_054806_0e08907e,png,F:\CODE\JianChanChan\src\ChanSight.Cli\bin\Debug\net8.0-windows10.0.22621.0\datasets\recordings\20260912_054806_0e08907e\frame_00000028.png,3840,2088,F:\CODE\JianChanChan\scripts\..\docs\qa_runs\a1\bulk\img_0276.jpg
6,277,20260912_054806_0e08907e_frame_00000029,20260912_054806_0e08907e,png,F:\CODE\JianChanChan\src\ChanSight.Cli\bin\Debug\net8.0-windows10.0.22621.0\datasets\recordings\20260912_054806_0e08907e\frame_00000029.png,3840,2088,F:\CODE\JianChanChan\scripts\..\docs\qa_runs\a1\bulk\img_0277.jpg
6,278,20260912_054806_0e08907e_frame_00000030,20260912_054806_0e08907e,png,F:\CODE\JianChanChan\src\ChanSight.Cli\bin\Debug\net8.0-windows10.0.22621.0\datasets\recordings\20260912_054806_0e08907e\frame_00000030.png,3840,2088,F:\CODE\JianChanChan\scripts\..\docs\qa_runs\a1\bulk\img_0278.jpg
6,279,20260912_054806_0e08907e_frame_00000031,20260912_054806_0e08907e,png,F:\CODE\JianChanChan\src\ChanSight.Cli\bin\Debug\net8.0-windows10.0.22621.0\datasets\recordings\20260912_054806_0e08907e\frame_00000031.png,3840,2088,F:\CODE\JianChanChan\scripts\..\docs\qa_runs\a1\bulk\img_0279.jpg
6,280,20260912_054806_0e08907e_frame_00000032,20260912_054806_0e08907e,png,F:\CODE\JianChanChan\src\ChanSight.Cli\bin\Debug\net8.0-windows10.0.22621.0\datasets\recordings\20260912_054806_0e08907e\frame_00000032.png,3840,2088,F:\CODE\JianChanChan\scripts\..\docs\qa_runs\a1\bulk\img_0280.jpg
6,281,20260912_054806_0e08907e_frame_00000033,20260912_054806_0e08907e,png,F:\CODE\JianChanChan\src\ChanSight.Cli\bin\Debug\net8.0-windows10.0.22621.0\datasets\recordings\20260912_054806_0e08907e\frame_00000033.png,3840,2088,F:\CODE\JianChanChan\scripts\..\docs\qa_runs\a1\bulk\img_0281.jpg
6,282,20260912_054806_0e08907e_frame_00000034,20260912_054806_0e08907e,png,F:\CODE\JianChanChan\src\ChanSight.Cli\bin\Debug\net8.0-windows10.0.22621.0\datasets\recordings\20260912_054806_0e08907e\frame_00000034.png,3840,2088,F:\CODE\JianChanChan\scripts\..\docs\qa_runs\a1\bulk\img_0282.jpg
6,283,20260912_054806_0e08907e_frame_00000035,20260912_054806_0e08907e,png,F:\CODE\JianChanChan\src\ChanSight.Cli\bin\Debug\net8.0-windows10.0.22621.0\datasets\recordings\20260912_054806_0e08907e\frame_00000035.png,3840,2088,F:\CODE\JianChanChan\scripts\..\docs\qa_runs\a1\bulk\img_0283.jpg
6,284,20260912_054806_0e08907e_frame_00000036,20260912_054806_0e08907e,png,F:\CODE\JianChanChan\src\ChanSight.Cli\bin\Debug\net8.0-windows10.0.22621.0\datasets\recordings\20260912_054806_0e08907e\frame_00000036.png,3840,2088,F:\CODE\JianChanChan\scripts\..\docs\qa_runs\a1\bulk\img_0284.jpg
6,285,20260912_054806_0e08907e_frame_00000037,20260912_054806_0e08907e,png,F:\CODE\JianChanChan\src\ChanSight.Cli\bin\Debug\net8.0-windows10.0.22621.0\datasets\recordings\20260912_054806_0e08907e\frame_00000037.png,3840,2088,F:\CODE\JianChanChan\scripts\..\docs\qa_runs\a1\bulk\img_0285.jpg
6,286,20260912_054806_0e08907e_frame_00000038,20260912_054806_0e08907e,png,F:\CODE\JianChanChan\src\ChanSight.Cli\bin\Debug\net8.0-windows10.0.22621.0\datasets\recordings\20260912_054806_0e08907e\frame_00000038.png,3840,2088,F:\CODE\JianChanChan\scripts\..\docs\qa_runs\a1\bulk\img_0286.jpg
6,287,20260912_054806_0e08907e_frame_00000039,20260912_054806_0e08907e,png,F:\CODE\JianChanChan\src\ChanSight.Cli\bin\Debug\net8.0-windows10.0.22621.0\datasets\recordings\20260912_054806_0e08907e\frame_00000039.png,3840,2088,F:\CODE\JianChanChan\scripts\..\docs\qa_runs\a1\bulk\img_0287.jpg
6,288,20260912_054806_0e08907e_frame_00000040,20260912_054806_0e08907e,png,F:\CODE\JianChanChan\src\ChanSight.Cli\bin\Debug\net8.0-windows10.0.22621.0\datasets\recordings\20260912_054806_0e08907e\frame_00000040.png,3840,2088,F:\CODE\JianChanChan\scripts\..\docs\qa_runs\a1\bulk\img_0288.jpg
6,289,20260912_054806_0e08907e_frame_00000041,20260912_054806_0e08907e,png,F:\CODE\JianChanChan\src\ChanSight.Cli\bin\Debug\net8.0-windows10.0.22621.0\datasets\recordings\20260912_054806_0e08907e\frame_00000041.png,3840,2088,F:\CODE\JianChanChan\scripts\..\docs\qa_runs\a1\bulk\img_0289.jpg
6,290,20260912_054806_0e08907e_frame_00000042,20260912_054806_0e08907e,png,F:\CODE\JianChanChan\src\ChanSight.Cli\bin\Debug\net8.0-windows10.0.22621.0\datasets\recordings\20260912_054806_0e08907e\frame_00000042.png,3840,2088,F:\CODE\JianChanChan\scripts\..\docs\qa_runs\a1\bulk\img_0290.jpg
6,291,20260912_054806_0e08907e_frame_00000043,20260912_054806_0e08907e,png,F:\CODE\JianChanChan\src\ChanSight.Cli\bin\Debug\net8.0-windows10.0.22621.0\datasets\recordings\20260912_054806_0e08907e\frame_00000043.png,3840,2088,F:\CODE\JianChanChan\scripts\..\docs\qa_runs\a1\bulk\img_0291.jpg
6,292,20260912_054806_0e08907e_frame_00000044,20260912_054806_0e08907e,png,F:\CODE\JianChanChan\src\ChanSight.Cli\bin\Debug\net8.0-windows10.0.22621.0\datasets\recordings\20260912_054806_0e08907e\frame_00000044.png,3840,2088,F:\CODE\JianChanChan\scripts\..\docs\qa_runs\a1\bulk\img_0292.jpg
6,293,20260912_054806_0e08907e_frame_00000045,20260912_054806_0e08907e,png,F:\CODE\JianChanChan\src\ChanSight.Cli\bin\Debug\net8.0-windows10.0.22621.0\datasets\recordings\20260912_054806_0e08907e\frame_00000045.png,3840,2088,F:\CODE\JianChanChan\scripts\..\docs\qa_runs\a1\bulk\img_0293.jpg
6,294,20260912_054806_0e08907e_frame_00000046,20260912_054806_0e08907e,png,F:\CODE\JianChanChan\src\ChanSight.Cli\bin\Debug\net8.0-windows10.0.22621.0\datasets\recordings\20260912_054806_0e08907e\frame_00000046.png,3840,2088,F:\CODE\JianChanChan\scripts\..\docs\qa_runs\a1\bulk\img_0294.jpg
6,295,20260912_054806_0e08907e_frame_00000047,20260912_054806_0e08907e,png,F:\CODE\JianChanChan\src\ChanSight.Cli\bin\Debug\net8.0-windows10.0.22621.0\datasets\recordings\20260912_054806_0e08907e\frame_00000047.png,3840,2088,F:\CODE\JianChanChan\scripts\..\docs\qa_runs\a1\bulk\img_0295.jpg
6,296,20260912_054806_0e08907e_frame_00000048,20260912_054806_0e08907e,png,F:\CODE\JianChanChan\src\ChanSight.Cli\bin\Debug\net8.0-windows10.0.22621.0\datasets\recordings\20260912_054806_0e08907e\frame_00000048.png,3840,2088,F:\CODE\JianChanChan\scripts\..\docs\qa_runs\a1\bulk\img_0296.jpg
6,297,20260912_054806_0e08907e_frame_00000049,20260912_054806_0e08907e,png,F:\CODE\JianChanChan\src\ChanSight.Cli\bin\Debug\net8.0-windows10.0.22621.0\datasets\recordings\20260912_054806_0e08907e\frame_00000049.png,3840,2088,F:\CODE\JianChanChan\scripts\..\docs\qa_runs\a1\bulk\img_0297.jpg
6,298,20260912_054806_0e08907e_frame_00000050,20260912_054806_0e08907e,png,F:\CODE\JianChanChan\src\ChanSight.Cli\bin\Debug\net8.0-windows10.0.22621.0\datasets\recordings\20260912_054806_0e08907e\frame_00000050.png,3840,2088,F:\CODE\JianChanChan\scripts\..\docs\qa_runs\a1\bulk\img_0298.jpg
6,299,20260912_054806_0e08907e_frame_00000051,20260912_054806_0e08907e,png,F:\CODE\JianChanChan\src\ChanSight.Cli\bin\Debug\net8.0-windows10.0.22621.0\datasets\recordings\20260912_054806_0e08907e\frame_00000051.png,3840,2088,F:\CODE\JianChanChan\scripts\..\docs\qa_runs\a1\bulk\img_0299.jpg
6,300,20260912_054806_0e08907e_frame_00000052,20260912_054806_0e08907e,png,F:\CODE\JianChanChan\src\ChanSight.Cli\bin\Debug\net8.0-windows10.0.22621.0\datasets\recordings\20260912_054806_0e08907e\frame_00000052.png,3840,2088,F:\CODE\JianChanChan\scripts\..\docs\qa_runs\a1\bulk\img_0300.jpg
6,301,20260912_054806_0e08907e_frame_00000053,20260912_054806_0e08907e,png,F:\CODE\JianChanChan\src\ChanSight.Cli\bin\Debug\net8.0-windows10.0.22621.0\datasets\recordings\20260912_054806_0e08907e\frame_00000053.png,3840,2088,F:\CODE\JianChanChan\scripts\..\docs\qa_runs\a1\bulk\img_0301.jpg
6,302,20260912_054806_0e08907e_frame_00000054,20260912_054806_0e08907e,png,F:\CODE\JianChanChan\src\ChanSight.Cli\bin\Debug\net8.0-windows10.0.22621.0\datasets\recordings\20260912_054806_0e08907e\frame_00000054.png,3840,2088,F:\CODE\JianChanChan\scripts\..\docs\qa_runs\a1\bulk\img_0302.jpg
6,303,20260912_054806_0e08907e_frame_00000055,20260912_054806_0e08907e,png,F:\CODE\JianChanChan\src\ChanSight.Cli\bin\Debug\net8.0-windows10.0.22621.0\datasets\recordings\20260912_054806_0e08907e\frame_00000055.png,3840,2088,F:\CODE\JianChanChan\scripts\..\docs\qa_runs\a1\bulk\img_0303.jpg
6,304,20260912_054806_0e08907e_frame_00000056,20260912_054806_0e08907e,png,F:\CODE\JianChanChan\src\ChanSight.Cli\bin\Debug\net8.0-windows10.0.22621.0\datasets\recordings\20260912_054806_0e08907e\frame_00000056.png,3840,2088,F:\CODE\JianChanChan\scripts\..\docs\qa_runs\a1\bulk\img_0304.jpg
6,305,20260912_054806_0e08907e_frame_00000057,20260912_054806_0e08907e,png,F:\CODE\JianChanChan\src\ChanSight.Cli\bin\Debug\net8.0-windows10.0.22621.0\datasets\recordings\20260912_054806_0e08907e\frame_00000057.png,3840,2088,F:\CODE\JianChanChan\scripts\..\docs\qa_runs\a1\bulk\img_0305.jpg
6,306,20260912_054806_0e08907e_frame_00000058,20260912_054806_0e08907e,png,F:\CODE\JianChanChan\src\ChanSight.Cli\bin\Debug\net8.0-windows10.0.22621.0\datasets\recordings\20260912_054806_0e08907e\frame_00000058.png,3840,2088,F:\CODE\JianChanChan\scripts\..\docs\qa_runs\a1\bulk\img_0306.jpg
7,307,20260912_054806_0e08907e_frame_00000059,20260912_054806_0e08907e,png,F:\CODE\JianChanChan\src\ChanSight.Cli\bin\Debug\net8.0-windows10.0.22621.0\datasets\recordings\20260912_054806_0e08907e\frame_00000059.png,3840,2088,F:\CODE\JianChanChan\scripts\..\docs\qa_runs\a1\bulk\img_0307.jpg
7,308,20260912_054806_0e08907e_frame_00000060,20260912_054806_0e08907e,png,F:\CODE\JianChanChan\src\ChanSight.Cli\bin\Debug\net8.0-windows10.0.22621.0\datasets\recordings\20260912_054806_0e08907e\frame_00000060.png,3840,2088,F:\CODE\JianChanChan\scripts\..\docs\qa_runs\a1\bulk\img_0308.jpg
7,309,20260912_054806_0e08907e_frame_00000061,20260912_054806_0e08907e,png,F:\CODE\JianChanChan\src\ChanSight.Cli\bin\Debug\net8.0-windows10.0.22621.0\datasets\recordings\20260912_054806_0e08907e\frame_00000061.png,3840,2088,F:\CODE\JianChanChan\scripts\..\docs\qa_runs\a1\bulk\img_0309.jpg
7,310,20260912_054806_0e08907e_frame_00000062,20260912_054806_0e08907e,png,F:\CODE\JianChanChan\src\ChanSight.Cli\bin\Debug\net8.0-windows10.0.22621.0\datasets\recordings\20260912_054806_0e08907e\frame_00000062.png,3840,2088,F:\CODE\JianChanChan\scripts\..\docs\qa_runs\a1\bulk\img_0310.jpg
7,311,20260912_054806_0e08907e_frame_00000063,20260912_054806_0e08907e,png,F:\CODE\JianChanChan\src\ChanSight.Cli\bin\Debug\net8.0-windows10.0.22621.0\datasets\recordings\20260912_054806_0e08907e\frame_00000063.png,3840,2088,F:\CODE\JianChanChan\scripts\..\docs\qa_runs\a1\bulk\img_0311.jpg
7,312,20260912_054806_0e08907e_frame_00000064,20260912_054806_0e08907e,png,F:\CODE\JianChanChan\src\ChanSight.Cli\bin\Debug\net8.0-windows10.0.22621.0\datasets\recordings\20260912_054806_0e08907e\frame_00000064.png,3840,2088,F:\CODE\JianChanChan\scripts\..\docs\qa_runs\a1\bulk\img_0312.jpg
7,313,20260912_054806_0e08907e_frame_00000065,20260912_054806_0e08907e,png,F:\CODE\JianChanChan\src\ChanSight.Cli\bin\Debug\net8.0-windows10.0.22621.0\datasets\recordings\20260912_054806_0e08907e\frame_00000065.png,3840,2088,F:\CODE\JianChanChan\scripts\..\docs\qa_runs\a1\bulk\img_0313.jpg
7,314,20260912_054806_0e08907e_frame_00000066,20260912_054806_0e08907e,png,F:\CODE\JianChanChan\src\ChanSight.Cli\bin\Debug\net8.0-windows10.0.22621.0\datasets\recordings\20260912_054806_0e08907e\frame_00000066.png,3840,2088,F:\CODE\JianChanChan\scripts\..\docs\qa_runs\a1\bulk\img_0314.jpg
7,315,20260912_054806_0e08907e_frame_00000067,20260912_054806_0e08907e,png,F:\CODE\JianChanChan\src\ChanSight.Cli\bin\Debug\net8.0-windows10.0.22621.0\datasets\recordings\20260912_054806_0e08907e\frame_00000067.png,3840,2088,F:\CODE\JianChanChan\scripts\..\docs\qa_runs\a1\bulk\img_0315.jpg
7,316,20260912_054806_0e08907e_frame_00000068,20260912_054806_0e08907e,png,F:\CODE\JianChanChan\src\ChanSight.Cli\bin\Debug\net8.0-windows10.0.22621.0\datasets\recordings\20260912_054806_0e08907e\frame_00000068.png,3840,2088,F:\CODE\JianChanChan\scripts\..\docs\qa_runs\a1\bulk\img_0316.jpg
7,317,20260912_054806_0e08907e_frame_00000069,20260912_054806_0e08907e,png,F:\CODE\JianChanChan\src\ChanSight.Cli\bin\Debug\net8.0-windows10.0.22621.0\datasets\recordings\20260912_054806_0e08907e\frame_00000069.png,3840,2088,F:\CODE\JianChanChan\scripts\..\docs\qa_runs\a1\bulk\img_0317.jpg
7,318,20260912_054806_0e08907e_frame_00000070,20260912_054806_0e08907e,png,F:\CODE\JianChanChan\src\ChanSight.Cli\bin\Debug\net8.0-windows10.0.22621.0\datasets\recordings\20260912_054806_0e08907e\frame_00000070.png,3840,2088,F:\CODE\JianChanChan\scripts\..\docs\qa_runs\a1\bulk\img_0318.jpg
7,319,20260912_054806_0e08907e_frame_00000071,20260912_054806_0e08907e,png,F:\CODE\JianChanChan\src\ChanSight.Cli\bin\Debug\net8.0-windows10.0.22621.0\datasets\recordings\20260912_054806_0e08907e\frame_00000071.png,3840,2088,F:\CODE\JianChanChan\scripts\..\docs\qa_runs\a1\bulk\img_0319.jpg
7,320,20260912_054806_0e08907e_frame_00000072,20260912_054806_0e08907e,png,F:\CODE\JianChanChan\src\ChanSight.Cli\bin\Debug\net8.0-windows10.0.22621.0\datasets\recordings\20260912_054806_0e08907e\frame_00000072.png,3840,2088,F:\CODE\JianChanChan\scripts\..\docs\qa_runs\a1\bulk\img_0320.jpg
7,321,20260912_054806_0e08907e_frame_00000073,20260912_054806_0e08907e,png,F:\CODE\JianChanChan\src\ChanSight.Cli\bin\Debug\net8.0-windows10.0.22621.0\datasets\recordings\20260912_054806_0e08907e\frame_00000073.png,3840,2088,F:\CODE\JianChanChan\scripts\..\docs\qa_runs\a1\bulk\img_0321.jpg
7,322,20260912_054806_0e08907e_frame_00000074,20260912_054806_0e08907e,png,F:\CODE\JianChanChan\src\ChanSight.Cli\bin\Debug\net8.0-windows10.0.22621.0\datasets\recordings\20260912_054806_0e08907e\frame_00000074.png,3840,2088,F:\CODE\JianChanChan\scripts\..\docs\qa_runs\a1\bulk\img_0322.jpg
7,323,20260912_054806_0e08907e_frame_00000075,20260912_054806_0e08907e,png,F:\CODE\JianChanChan\src\ChanSight.Cli\bin\Debug\net8.0-windows10.0.22621.0\datasets\recordings\20260912_054806_0e08907e\frame_00000075.png,3840,2088,F:\CODE\JianChanChan\scripts\..\docs\qa_runs\a1\bulk\img_0323.jpg
7,324,20260912_054806_0e08907e_frame_00000076,20260912_054806_0e08907e,png,F:\CODE\JianChanChan\src\ChanSight.Cli\bin\Debug\net8.0-windows10.0.22621.0\datasets\recordings\20260912_054806_0e08907e\frame_00000076.png,3840,2088,F:\CODE\JianChanChan\scripts\..\docs\qa_runs\a1\bulk\img_0324.jpg
7,325,20260912_054806_0e08907e_frame_00000077,20260912_054806_0e08907e,png,F:\CODE\JianChanChan\src\ChanSight.Cli\bin\Debug\net8.0-windows10.0.22621.0\datasets\recordings\20260912_054806_0e08907e\frame_00000077.png,3840,2088,F:\CODE\JianChanChan\scripts\..\docs\qa_runs\a1\bulk\img_0325.jpg
7,326,20260912_054806_0e08907e_frame_00000078,20260912_054806_0e08907e,png,F:\CODE\JianChanChan\src\ChanSight.Cli\bin\Debug\net8.0-windows10.0.22621.0\datasets\recordings\20260912_054806_0e08907e\frame_00000078.png,3840,2088,F:\CODE\JianChanChan\scripts\..\docs\qa_runs\a1\bulk\img_0326.jpg
7,327,20260912_054806_0e08907e_frame_00000079,20260912_054806_0e08907e,png,F:\CODE\JianChanChan\src\ChanSight.Cli\bin\Debug\net8.0-windows10.0.22621.0\datasets\recordings\20260912_054806_0e08907e\frame_00000079.png,3840,2088,F:\CODE\JianChanChan\scripts\..\docs\qa_runs\a1\bulk\img_0327.jpg
7,328,20260912_054806_0e08907e_frame_00000080,20260912_054806_0e08907e,png,F:\CODE\JianChanChan\src\ChanSight.Cli\bin\Debug\net8.0-windows10.0.22621.0\datasets\recordings\20260912_054806_0e08907e\frame_00000080.png,3840,2088,F:\CODE\JianChanChan\scripts\..\docs\qa_runs\a1\bulk\img_0328.jpg
7,329,20260912_054806_0e08907e_frame_00000081,20260912_054806_0e08907e,png,F:\CODE\JianChanChan\src\ChanSight.Cli\bin\Debug\net8.0-windows10.0.22621.0\datasets\recordings\20260912_054806_0e08907e\frame_00000081.png,3840,2088,F:\CODE\JianChanChan\scripts\..\docs\qa_runs\a1\bulk\img_0329.jpg
7,330,20260912_054806_0e08907e_frame_00000082,20260912_054806_0e08907e,png,F:\CODE\JianChanChan\src\ChanSight.Cli\bin\Debug\net8.0-windows10.0.22621.0\datasets\recordings\20260912_054806_0e08907e\frame_00000082.png,3840,2088,F:\CODE\JianChanChan\scripts\..\docs\qa_runs\a1\bulk\img_0330.jpg
7,331,20260912_054806_0e08907e_frame_00000083,20260912_054806_0e08907e,png,F:\CODE\JianChanChan\src\ChanSight.Cli\bin\Debug\net8.0-windows10.0.22621.0\datasets\recordings\20260912_054806_0e08907e\frame_00000083.png,3840,2088,F:\CODE\JianChanChan\scripts\..\docs\qa_runs\a1\bulk\img_0331.jpg
7,332,20260912_054806_0e08907e_frame_00000084,20260912_054806_0e08907e,png,F:\CODE\JianChanChan\src\ChanSight.Cli\bin\Debug\net8.0-windows10.0.22621.0\datasets\recordings\20260912_054806_0e08907e\frame_00000084.png,3840,2088,F:\CODE\JianChanChan\scripts\..\docs\qa_runs\a1\bulk\img_0332.jpg
7,333,20260912_054806_0e08907e_frame_00000085,20260912_054806_0e08907e,png,F:\CODE\JianChanChan\src\ChanSight.Cli\bin\Debug\net8.0-windows10.0.22621.0\datasets\recordings\20260912_054806_0e08907e\frame_00000085.png,3840,2088,F:\CODE\JianChanChan\scripts\..\docs\qa_runs\a1\bulk\img_0333.jpg
7,334,20260912_054806_0e08907e_frame_00000086,20260912_054806_0e08907e,png,F:\CODE\JianChanChan\src\ChanSight.Cli\bin\Debug\net8.0-windows10.0.22621.0\datasets\recordings\20260912_054806_0e08907e\frame_00000086.png,3840,2088,F:\CODE\JianChanChan\scripts\..\docs\qa_runs\a1\bulk\img_0334.jpg
7,335,20260912_054806_0e08907e_frame_00000087,20260912_054806_0e08907e,png,F:\CODE\JianChanChan\src\ChanSight.Cli\bin\Debug\net8.0-windows10.0.22621.0\datasets\recordings\20260912_054806_0e08907e\frame_00000087.png,3840,2088,F:\CODE\JianChanChan\scripts\..\docs\qa_runs\a1\bulk\img_0335.jpg
7,336,20260912_054806_0e08907e_frame_00000088,20260912_054806_0e08907e,png,F:\CODE\JianChanChan\src\ChanSight.Cli\bin\Debug\net8.0-windows10.0.22621.0\datasets\recordings\20260912_054806_0e08907e\frame_00000088.png,3840,2088,F:\CODE\JianChanChan\scripts\..\docs\qa_runs\a1\bulk\img_0336.jpg
7,337,20260912_054806_0e08907e_frame_00000089,20260912_054806_0e08907e,png,F:\CODE\JianChanChan\src\ChanSight.Cli\bin\Debug\net8.0-windows10.0.22621.0\datasets\recordings\20260912_054806_0e08907e\frame_00000089.png,3840,2088,F:\CODE\JianChanChan\scripts\..\docs\qa_runs\a1\bulk\img_0337.jpg
7,338,20260912_054806_0e08907e_frame_00000090,20260912_054806_0e08907e,png,F:\CODE\JianChanChan\src\ChanSight.Cli\bin\Debug\net8.0-windows10.0.22621.0\datasets\recordings\20260912_054806_0e08907e\frame_00000090.png,3840,2088,F:\CODE\JianChanChan\scripts\..\docs\qa_runs\a1\bulk\img_0338.jpg
7,339,20260912_054806_0e08907e_frame_00000091,20260912_054806_0e08907e,png,F:\CODE\JianChanChan\src\ChanSight.Cli\bin\Debug\net8.0-windows10.0.22621.0\datasets\recordings\20260912_054806_0e08907e\frame_00000091.png,3840,2088,F:\CODE\JianChanChan\scripts\..\docs\qa_runs\a1\bulk\img_0339.jpg
7,340,20260912_054806_0e08907e_frame_00000092,20260912_054806_0e08907e,png,F:\CODE\JianChanChan\src\ChanSight.Cli\bin\Debug\net8.0-windows10.0.22621.0\datasets\recordings\20260912_054806_0e08907e\frame_00000092.png,3840,2088,F:\CODE\JianChanChan\scripts\..\docs\qa_runs\a1\bulk\img_0340.jpg
7,341,20260912_054806_0e08907e_frame_00000093,20260912_054806_0e08907e,png,F:\CODE\JianChanChan\src\ChanSight.Cli\bin\Debug\net8.0-windows10.0.22621.0\datasets\recordings\20260912_054806_0e08907e\frame_00000093.png,3840,2088,F:\CODE\JianChanChan\scripts\..\docs\qa_runs\a1\bulk\img_0341.jpg
7,342,20260912_054806_0e08907e_frame_00000094,20260912_054806_0e08907e,png,F:\CODE\JianChanChan\src\ChanSight.Cli\bin\Debug\net8.0-windows10.0.22621.0\datasets\recordings\20260912_054806_0e08907e\frame_00000094.png,3840,2088,F:\CODE\JianChanChan\scripts\..\docs\qa_runs\a1\bulk\img_0342.jpg
7,343,20260912_054806_0e08907e_frame_00000095,20260912_054806_0e08907e,png,F:\CODE\JianChanChan\src\ChanSight.Cli\bin\Debug\net8.0-windows10.0.22621.0\datasets\recordings\20260912_054806_0e08907e\frame_00000095.png,3840,2088,F:\CODE\JianChanChan\scripts\..\docs\qa_runs\a1\bulk\img_0343.jpg
7,344,20260912_054806_0e08907e_frame_00000096,20260912_054806_0e08907e,png,F:\CODE\JianChanChan\src\ChanSight.Cli\bin\Debug\net8.0-windows10.0.22621.0\datasets\recordings\20260912_054806_0e08907e\frame_00000096.png,3840,2088,F:\CODE\JianChanChan\scripts\..\docs\qa_runs\a1\bulk\img_0344.jpg
7,345,20260912_054806_0e08907e_frame_00000097,20260912_054806_0e08907e,png,F:\CODE\JianChanChan\src\ChanSight.Cli\bin\Debug\net8.0-windows10.0.22621.0\datasets\recordings\20260912_054806_0e08907e\frame_00000097.png,3840,2088,F:\CODE\JianChanChan\scripts\..\docs\qa_runs\a1\bulk\img_0345.jpg
7,346,20260912_054806_0e08907e_frame_00000098,20260912_054806_0e08907e,png,F:\CODE\JianChanChan\src\ChanSight.Cli\bin\Debug\net8.0-windows10.0.22621.0\datasets\recordings\20260912_054806_0e08907e\frame_00000098.png,3840,2088,F:\CODE\JianChanChan\scripts\..\docs\qa_runs\a1\bulk\img_0346.jpg
7,347,20260912_054806_0e08907e_frame_00000099,20260912_054806_0e08907e,png,F:\CODE\JianChanChan\src\ChanSight.Cli\bin\Debug\net8.0-windows10.0.22621.0\datasets\recordings\20260912_054806_0e08907e\frame_00000099.png,3840,2088,F:\CODE\JianChanChan\scripts\..\docs\qa_runs\a1\bulk\img_0347.jpg
7,348,20260912_054806_0e08907e_frame_00000100,20260912_054806_0e08907e,png,F:\CODE\JianChanChan\src\ChanSight.Cli\bin\Debug\net8.0-windows10.0.22621.0\datasets\recordings\20260912_054806_0e08907e\frame_00000100.png,3840,2088,F:\CODE\JianChanChan\scripts\..\docs\qa_runs\a1\bulk\img_0348.jpg
7,349,20260912_054806_0e08907e_frame_00000101,20260912_054806_0e08907e,png,F:\CODE\JianChanChan\src\ChanSight.Cli\bin\Debug\net8.0-windows10.0.22621.0\datasets\recordings\20260912_054806_0e08907e\frame_00000101.png,3840,2088,F:\CODE\JianChanChan\scripts\..\docs\qa_runs\a1\bulk\img_0349.jpg
7,350,20260912_054806_0e08907e_frame_00000102,20260912_054806_0e08907e,png,F:\CODE\JianChanChan\src\ChanSight.Cli\bin\Debug\net8.0-windows10.0.22621.0\datasets\recordings\20260912_054806_0e08907e\frame_00000102.png,3840,2088,F:\CODE\JianChanChan\scripts\..\docs\qa_runs\a1\bulk\img_0350.jpg
7,351,20260912_054806_0e08907e_frame_00000103,20260912_054806_0e08907e,png,F:\CODE\JianChanChan\src\ChanSight.Cli\bin\Debug\net8.0-windows10.0.22621.0\datasets\recordings\20260912_054806_0e08907e\frame_00000103.png,3840,2088,F:\CODE\JianChanChan\scripts\..\docs\qa_runs\a1\bulk\img_0351.jpg
7,352,20260912_054806_0e08907e_frame_00000104,20260912_054806_0e08907e,png,F:\CODE\JianChanChan\src\ChanSight.Cli\bin\Debug\net8.0-windows10.0.22621.0\datasets\recordings\20260912_054806_0e08907e\frame_00000104.png,3840,2088,F:\CODE\JianChanChan\scripts\..\docs\qa_runs\a1\bulk\img_0352.jpg
7,353,20260912_054806_0e08907e_frame_00000105,20260912_054806_0e08907e,png,F:\CODE\JianChanChan\src\ChanSight.Cli\bin\Debug\net8.0-windows10.0.22621.0\datasets\recordings\20260912_054806_0e08907e\frame_00000105.png,3840,2088,F:\CODE\JianChanChan\scripts\..\docs\qa_runs\a1\bulk\img_0353.jpg
7,354,20260912_054806_0e08907e_frame_00000106,20260912_054806_0e08907e,png,F:\CODE\JianChanChan\src\ChanSight.Cli\bin\Debug\net8.0-windows10.0.22621.0\datasets\recordings\20260912_054806_0e08907e\frame_00000106.png,3840,2088,F:\CODE\JianChanChan\scripts\..\docs\qa_runs\a1\bulk\img_0354.jpg
7,355,20260912_054806_0e08907e_frame_00000107,20260912_054806_0e08907e,png,F:\CODE\JianChanChan\src\ChanSight.Cli\bin\Debug\net8.0-windows10.0.22621.0\datasets\recordings\20260912_054806_0e08907e\frame_00000107.png,3840,2088,F:\CODE\JianChanChan\scripts\..\docs\qa_runs\a1\bulk\img_0355.jpg
7,356,20260912_054806_0e08907e_frame_00000108,20260912_054806_0e08907e,png,F:\CODE\JianChanChan\src\ChanSight.Cli\bin\Debug\net8.0-windows10.0.22621.0\datasets\recordings\20260912_054806_0e08907e\frame_00000108.png,3840,2088,F:\CODE\JianChanChan\scripts\..\docs\qa_runs\a1\bulk\img_0356.jpg
7,357,20260912_054806_0e08907e_frame_00000109,20260912_054806_0e08907e,png,F:\CODE\JianChanChan\src\ChanSight.Cli\bin\Debug\net8.0-windows10.0.22621.0\datasets\recordings\20260912_054806_0e08907e\frame_00000109.png,3840,2088,F:\CODE\JianChanChan\scripts\..\docs\qa_runs\a1\bulk\img_0357.jpg
8,358,20260912_054806_0e08907e_frame_00000110,20260912_054806_0e08907e,png,F:\CODE\JianChanChan\src\ChanSight.Cli\bin\Debug\net8.0-windows10.0.22621.0\datasets\recordings\20260912_054806_0e08907e\frame_00000110.png,3840,2088,F:\CODE\JianChanChan\scripts\..\docs\qa_runs\a1\bulk\img_0358.jpg
8,359,20260912_054806_0e08907e_frame_00000111,20260912_054806_0e08907e,png,F:\CODE\JianChanChan\src\ChanSight.Cli\bin\Debug\net8.0-windows10.0.22621.0\datasets\recordings\20260912_054806_0e08907e\frame_00000111.png,3840,2088,F:\CODE\JianChanChan\scripts\..\docs\qa_runs\a1\bulk\img_0359.jpg
8,360,20260912_054806_0e08907e_frame_00000112,20260912_054806_0e08907e,png,F:\CODE\JianChanChan\src\ChanSight.Cli\bin\Debug\net8.0-windows10.0.22621.0\datasets\recordings\20260912_054806_0e08907e\frame_00000112.png,3840,2088,F:\CODE\JianChanChan\scripts\..\docs\qa_runs\a1\bulk\img_0360.jpg
8,361,20260912_054806_0e08907e_frame_00000113,20260912_054806_0e08907e,png,F:\CODE\JianChanChan\src\ChanSight.Cli\bin\Debug\net8.0-windows10.0.22621.0\datasets\recordings\20260912_054806_0e08907e\frame_00000113.png,3840,2088,F:\CODE\JianChanChan\scripts\..\docs\qa_runs\a1\bulk\img_0361.jpg
8,362,20260912_054806_0e08907e_frame_00000114,20260912_054806_0e08907e,png,F:\CODE\JianChanChan\src\ChanSight.Cli\bin\Debug\net8.0-windows10.0.22621.0\datasets\recordings\20260912_054806_0e08907e\frame_00000114.png,3840,2088,F:\CODE\JianChanChan\scripts\..\docs\qa_runs\a1\bulk\img_0362.jpg
8,363,20260912_054806_0e08907e_frame_00000115,20260912_054806_0e08907e,png,F:\CODE\JianChanChan\src\ChanSight.Cli\bin\Debug\net8.0-windows10.0.22621.0\datasets\recordings\20260912_054806_0e08907e\frame_00000115.png,3840,2088,F:\CODE\JianChanChan\scripts\..\docs\qa_runs\a1\bulk\img_0363.jpg
8,364,20260912_054806_0e08907e_frame_00000116,20260912_054806_0e08907e,png,F:\CODE\JianChanChan\src\ChanSight.Cli\bin\Debug\net8.0-windows10.0.22621.0\datasets\recordings\20260912_054806_0e08907e\frame_00000116.png,3840,2088,F:\CODE\JianChanChan\scripts\..\docs\qa_runs\a1\bulk\img_0364.jpg
8,365,20260912_054806_0e08907e_frame_00000117,20260912_054806_0e08907e,png,F:\CODE\JianChanChan\src\ChanSight.Cli\bin\Debug\net8.0-windows10.0.22621.0\datasets\recordings\20260912_054806_0e08907e\frame_00000117.png,3840,2088,F:\CODE\JianChanChan\scripts\..\docs\qa_runs\a1\bulk\img_0365.jpg
8,366,20260912_054806_0e08907e_frame_00000118,20260912_054806_0e08907e,png,F:\CODE\JianChanChan\src\ChanSight.Cli\bin\Debug\net8.0-windows10.0.22621.0\datasets\recordings\20260912_054806_0e08907e\frame_00000118.png,3840,2088,F:\CODE\JianChanChan\scripts\..\docs\qa_runs\a1\bulk\img_0366.jpg
8,367,20260912_054806_0e08907e_frame_00000119,20260912_054806_0e08907e,png,F:\CODE\JianChanChan\src\ChanSight.Cli\bin\Debug\net8.0-windows10.0.22621.0\datasets\recordings\20260912_054806_0e08907e\frame_00000119.png,3840,2088,F:\CODE\JianChanChan\scripts\..\docs\qa_runs\a1\bulk\img_0367.jpg
8,368,20260912_054806_0e08907e_frame_00000120,20260912_054806_0e08907e,png,F:\CODE\JianChanChan\src\ChanSight.Cli\bin\Debug\net8.0-windows10.0.22621.0\datasets\recordings\20260912_054806_0e08907e\frame_00000120.png,3840,2088,F:\CODE\JianChanChan\scripts\..\docs\qa_runs\a1\bulk\img_0368.jpg
8,369,20260912_054806_0e08907e_frame_00000121,20260912_054806_0e08907e,png,F:\CODE\JianChanChan\src\ChanSight.Cli\bin\Debug\net8.0-windows10.0.22621.0\datasets\recordings\20260912_054806_0e08907e\frame_00000121.png,3840,2088,F:\CODE\JianChanChan\scripts\..\docs\qa_runs\a1\bulk\img_0369.jpg
8,370,20260912_054806_0e08907e_frame_00000122,20260912_054806_0e08907e,png,F:\CODE\JianChanChan\src\ChanSight.Cli\bin\Debug\net8.0-windows10.0.22621.0\datasets\recordings\20260912_054806_0e08907e\frame_00000122.png,3840,2088,F:\CODE\JianChanChan\scripts\..\docs\qa_runs\a1\bulk\img_0370.jpg
8,371,20260912_054806_0e08907e_frame_00000123,20260912_054806_0e08907e,png,F:\CODE\JianChanChan\src\ChanSight.Cli\bin\Debug\net8.0-windows10.0.22621.0\datasets\recordings\20260912_054806_0e08907e\frame_00000123.png,3840,2088,F:\CODE\JianChanChan\scripts\..\docs\qa_runs\a1\bulk\img_0371.jpg
8,372,20260912_054806_0e08907e_frame_00000124,20260912_054806_0e08907e,png,F:\CODE\JianChanChan\src\ChanSight.Cli\bin\Debug\net8.0-windows10.0.22621.0\datasets\recordings\20260912_054806_0e08907e\frame_00000124.png,3840,2088,F:\CODE\JianChanChan\scripts\..\docs\qa_runs\a1\bulk\img_0372.jpg
8,373,20260912_054806_0e08907e_frame_00000125,20260912_054806_0e08907e,png,F:\CODE\JianChanChan\src\ChanSight.Cli\bin\Debug\net8.0-windows10.0.22621.0\datasets\recordings\20260912_054806_0e08907e\frame_00000125.png,3840,2088,F:\CODE\JianChanChan\scripts\..\docs\qa_runs\a1\bulk\img_0373.jpg
8,374,20260912_054806_0e08907e_frame_00000126,20260912_054806_0e08907e,png,F:\CODE\JianChanChan\src\ChanSight.Cli\bin\Debug\net8.0-windows10.0.22621.0\datasets\recordings\20260912_054806_0e08907e\frame_00000126.png,3840,2088,F:\CODE\JianChanChan\scripts\..\docs\qa_runs\a1\bulk\img_0374.jpg
8,375,20260912_054806_0e08907e_frame_00000127,20260912_054806_0e08907e,png,F:\CODE\JianChanChan\src\ChanSight.Cli\bin\Debug\net8.0-windows10.0.22621.0\datasets\recordings\20260912_054806_0e08907e\frame_00000127.png,3840,2088,F:\CODE\JianChanChan\scripts\..\docs\qa_runs\a1\bulk\img_0375.jpg
8,376,20260912_054806_0e08907e_frame_00000128,20260912_054806_0e08907e,png,F:\CODE\JianChanChan\src\ChanSight.Cli\bin\Debug\net8.0-windows10.0.22621.0\datasets\recordings\20260912_054806_0e08907e\frame_00000128.png,3840,2088,F:\CODE\JianChanChan\scripts\..\docs\qa_runs\a1\bulk\img_0376.jpg
8,377,20260912_054806_0e08907e_frame_00000129,20260912_054806_0e08907e,png,F:\CODE\JianChanChan\src\ChanSight.Cli\bin\Debug\net8.0-windows10.0.22621.0\datasets\recordings\20260912_054806_0e08907e\frame_00000129.png,3840,2088,F:\CODE\JianChanChan\scripts\..\docs\qa_runs\a1\bulk\img_0377.jpg
8,378,20260912_054806_0e08907e_frame_00000130,20260912_054806_0e08907e,png,F:\CODE\JianChanChan\src\ChanSight.Cli\bin\Debug\net8.0-windows10.0.22621.0\datasets\recordings\20260912_054806_0e08907e\frame_00000130.png,3840,2088,F:\CODE\JianChanChan\scripts\..\docs\qa_runs\a1\bulk\img_0378.jpg
8,379,20260912_054806_0e08907e_frame_00000131,20260912_054806_0e08907e,png,F:\CODE\JianChanChan\src\ChanSight.Cli\bin\Debug\net8.0-windows10.0.22621.0\datasets\recordings\20260912_054806_0e08907e\frame_00000131.png,3840,2088,F:\CODE\JianChanChan\scripts\..\docs\qa_runs\a1\bulk\img_0379.jpg
8,380,20260912_054806_0e08907e_frame_00000132,20260912_054806_0e08907e,png,F:\CODE\JianChanChan\src\ChanSight.Cli\bin\Debug\net8.0-windows10.0.22621.0\datasets\recordings\20260912_054806_0e08907e\frame_00000132.png,3840,2088,F:\CODE\JianChanChan\scripts\..\docs\qa_runs\a1\bulk\img_0380.jpg
8,381,20260912_054806_0e08907e_frame_00000133,20260912_054806_0e08907e,png,F:\CODE\JianChanChan\src\ChanSight.Cli\bin\Debug\net8.0-windows10.0.22621.0\datasets\recordings\20260912_054806_0e08907e\frame_00000133.png,3840,2088,F:\CODE\JianChanChan\scripts\..\docs\qa_runs\a1\bulk\img_0381.jpg
8,382,20260912_054806_0e08907e_frame_00000134,20260912_054806_0e08907e,png,F:\CODE\JianChanChan\src\ChanSight.Cli\bin\Debug\net8.0-windows10.0.22621.0\datasets\recordings\20260912_054806_0e08907e\frame_00000134.png,3840,2088,F:\CODE\JianChanChan\scripts\..\docs\qa_runs\a1\bulk\img_0382.jpg
8,383,20260912_054806_0e08907e_frame_00000135,20260912_054806_0e08907e,png,F:\CODE\JianChanChan\src\ChanSight.Cli\bin\Debug\net8.0-windows10.0.22621.0\datasets\recordings\20260912_054806_0e08907e\frame_00000135.png,3840,2088,F:\CODE\JianChanChan\scripts\..\docs\qa_runs\a1\bulk\img_0383.jpg
8,384,20260912_054806_0e08907e_frame_00000136,20260912_054806_0e08907e,png,F:\CODE\JianChanChan\src\ChanSight.Cli\bin\Debug\net8.0-windows10.0.22621.0\datasets\recordings\20260912_054806_0e08907e\frame_00000136.png,3840,2088,F:\CODE\JianChanChan\scripts\..\docs\qa_runs\a1\bulk\img_0384.jpg
8,385,20260912_054806_0e08907e_frame_00000137,20260912_054806_0e08907e,png,F:\CODE\JianChanChan\src\ChanSight.Cli\bin\Debug\net8.0-windows10.0.22621.0\datasets\recordings\20260912_054806_0e08907e\frame_00000137.png,3840,2088,F:\CODE\JianChanChan\scripts\..\docs\qa_runs\a1\bulk\img_0385.jpg
8,386,20260912_054806_0e08907e_frame_00000138,20260912_054806_0e08907e,png,F:\CODE\JianChanChan\src\ChanSight.Cli\bin\Debug\net8.0-windows10.0.22621.0\datasets\recordings\20260912_054806_0e08907e\frame_00000138.png,3840,2088,F:\CODE\JianChanChan\scripts\..\docs\qa_runs\a1\bulk\img_0386.jpg
8,387,20260912_054806_0e08907e_frame_00000139,20260912_054806_0e08907e,png,F:\CODE\JianChanChan\src\ChanSight.Cli\bin\Debug\net8.0-windows10.0.22621.0\datasets\recordings\20260912_054806_0e08907e\frame_00000139.png,3840,2088,F:\CODE\JianChanChan\scripts\..\docs\qa_runs\a1\bulk\img_0387.jpg
8,388,20260912_054806_0e08907e_frame_00000140,20260912_054806_0e08907e,png,F:\CODE\JianChanChan\src\ChanSight.Cli\bin\Debug\net8.0-windows10.0.22621.0\datasets\recordings\20260912_054806_0e08907e\frame_00000140.png,3840,2088,F:\CODE\JianChanChan\scripts\..\docs\qa_runs\a1\bulk\img_0388.jpg
8,389,20260912_054806_0e08907e_frame_00000141,20260912_054806_0e08907e,png,F:\CODE\JianChanChan\src\ChanSight.Cli\bin\Debug\net8.0-windows10.0.22621.0\datasets\recordings\20260912_054806_0e08907e\frame_00000141.png,3840,2088,F:\CODE\JianChanChan\scripts\..\docs\qa_runs\a1\bulk\img_0389.jpg
8,390,20260912_054806_0e08907e_frame_00000142,20260912_054806_0e08907e,png,F:\CODE\JianChanChan\src\ChanSight.Cli\bin\Debug\net8.0-windows10.0.22621.0\datasets\recordings\20260912_054806_0e08907e\frame_00000142.png,3840,2088,F:\CODE\JianChanChan\scripts\..\docs\qa_runs\a1\bulk\img_0390.jpg
8,391,20260912_054806_0e08907e_frame_00000143,20260912_054806_0e08907e,png,F:\CODE\JianChanChan\src\ChanSight.Cli\bin\Debug\net8.0-windows10.0.22621.0\datasets\recordings\20260912_054806_0e08907e\frame_00000143.png,3840,2088,F:\CODE\JianChanChan\scripts\..\docs\qa_runs\a1\bulk\img_0391.jpg
8,392,20260912_054806_0e08907e_frame_00000144,20260912_054806_0e08907e,png,F:\CODE\JianChanChan\src\ChanSight.Cli\bin\Debug\net8.0-windows10.0.22621.0\datasets\recordings\20260912_054806_0e08907e\frame_00000144.png,3840,2088,F:\CODE\JianChanChan\scripts\..\docs\qa_runs\a1\bulk\img_0392.jpg
8,393,20260912_054806_0e08907e_frame_00000145,20260912_054806_0e08907e,png,F:\CODE\JianChanChan\src\ChanSight.Cli\bin\Debug\net8.0-windows10.0.22621.0\datasets\recordings\20260912_054806_0e08907e\frame_00000145.png,3840,2088,F:\CODE\JianChanChan\scripts\..\docs\qa_runs\a1\bulk\img_0393.jpg
8,394,20260912_054806_0e08907e_frame_00000146,20260912_054806_0e08907e,png,F:\CODE\JianChanChan\src\ChanSight.Cli\bin\Debug\net8.0-windows10.0.22621.0\datasets\recordings\20260912_054806_0e08907e\frame_00000146.png,3840,2088,F:\CODE\JianChanChan\scripts\..\docs\qa_runs\a1\bulk\img_0394.jpg
8,395,20260912_054806_0e08907e_frame_00000147,20260912_054806_0e08907e,png,F:\CODE\JianChanChan\src\ChanSight.Cli\bin\Debug\net8.0-windows10.0.22621.0\datasets\recordings\20260912_054806_0e08907e\frame_00000147.png,3840,2088,F:\CODE\JianChanChan\scripts\..\docs\qa_runs\a1\bulk\img_0395.jpg
8,396,20260912_054806_0e08907e_frame_00000148,20260912_054806_0e08907e,png,F:\CODE\JianChanChan\src\ChanSight.Cli\bin\Debug\net8.0-windows10.0.22621.0\datasets\recordings\20260912_054806_0e08907e\frame_00000148.png,3840,2088,F:\CODE\JianChanChan\scripts\..\docs\qa_runs\a1\bulk\img_0396.jpg
8,397,20260912_054806_0e08907e_frame_00000149,20260912_054806_0e08907e,png,F:\CODE\JianChanChan\src\ChanSight.Cli\bin\Debug\net8.0-windows10.0.22621.0\datasets\recordings\20260912_054806_0e08907e\frame_00000149.png,3840,2088,F:\CODE\JianChanChan\scripts\..\docs\qa_runs\a1\bulk\img_0397.jpg
8,398,20260912_054806_0e08907e_frame_00000150,20260912_054806_0e08907e,png,F:\CODE\JianChanChan\src\ChanSight.Cli\bin\Debug\net8.0-windows10.0.22621.0\datasets\recordings\20260912_054806_0e08907e\frame_00000150.png,3840,2088,F:\CODE\JianChanChan\scripts\..\docs\qa_runs\a1\bulk\img_0398.jpg
8,399,20260912_054806_0e08907e_frame_00000151,20260912_054806_0e08907e,png,F:\CODE\JianChanChan\src\ChanSight.Cli\bin\Debug\net8.0-windows10.0.22621.0\datasets\recordings\20260912_054806_0e08907e\frame_00000151.png,3840,2088,F:\CODE\JianChanChan\scripts\..\docs\qa_runs\a1\bulk\img_0399.jpg
8,400,20260912_054806_0e08907e_frame_00000152,20260912_054806_0e08907e,png,F:\CODE\JianChanChan\src\ChanSight.Cli\bin\Debug\net8.0-windows10.0.22621.0\datasets\recordings\20260912_054806_0e08907e\frame_00000152.png,3840,2088,F:\CODE\JianChanChan\scripts\..\docs\qa_runs\a1\bulk\img_0400.jpg
8,401,20260912_054806_0e08907e_frame_00000153,20260912_054806_0e08907e,png,F:\CODE\JianChanChan\src\ChanSight.Cli\bin\Debug\net8.0-windows10.0.22621.0\datasets\recordings\20260912_054806_0e08907e\frame_00000153.png,3840,2088,F:\CODE\JianChanChan\scripts\..\docs\qa_runs\a1\bulk\img_0401.jpg
8,402,20260912_054806_0e08907e_frame_00000154,20260912_054806_0e08907e,png,F:\CODE\JianChanChan\src\ChanSight.Cli\bin\Debug\net8.0-windows10.0.22621.0\datasets\recordings\20260912_054806_0e08907e\frame_00000154.png,3840,2088,F:\CODE\JianChanChan\scripts\..\docs\qa_runs\a1\bulk\img_0402.jpg
8,403,20260912_054806_0e08907e_frame_00000155,20260912_054806_0e08907e,png,F:\CODE\JianChanChan\src\ChanSight.Cli\bin\Debug\net8.0-windows10.0.22621.0\datasets\recordings\20260912_054806_0e08907e\frame_00000155.png,3840,2088,F:\CODE\JianChanChan\scripts\..\docs\qa_runs\a1\bulk\img_0403.jpg
8,404,20260912_054806_0e08907e_frame_00000156,20260912_054806_0e08907e,png,F:\CODE\JianChanChan\src\ChanSight.Cli\bin\Debug\net8.0-windows10.0.22621.0\datasets\recordings\20260912_054806_0e08907e\frame_00000156.png,3840,2088,F:\CODE\JianChanChan\scripts\..\docs\qa_runs\a1\bulk\img_0404.jpg
8,405,20260912_054806_0e08907e_frame_00000157,20260912_054806_0e08907e,png,F:\CODE\JianChanChan\src\ChanSight.Cli\bin\Debug\net8.0-windows10.0.22621.0\datasets\recordings\20260912_054806_0e08907e\frame_00000157.png,3840,2088,F:\CODE\JianChanChan\scripts\..\docs\qa_runs\a1\bulk\img_0405.jpg
8,406,20260912_054806_0e08907e_frame_00000158,20260912_054806_0e08907e,png,F:\CODE\JianChanChan\src\ChanSight.Cli\bin\Debug\net8.0-windows10.0.22621.0\datasets\recordings\20260912_054806_0e08907e\frame_00000158.png,3840,2088,F:\CODE\JianChanChan\scripts\..\docs\qa_runs\a1\bulk\img_0406.jpg
8,407,20260912_054806_0e08907e_frame_00000159,20260912_054806_0e08907e,png,F:\CODE\JianChanChan\src\ChanSight.Cli\bin\Debug\net8.0-windows10.0.22621.0\datasets\recordings\20260912_054806_0e08907e\frame_00000159.png,3840,2088,F:\CODE\JianChanChan\scripts\..\docs\qa_runs\a1\bulk\img_0407.jpg
8,408,20260912_054806_0e08907e_frame_00000160,20260912_054806_0e08907e,png,F:\CODE\JianChanChan\src\ChanSight.Cli\bin\Debug\net8.0-windows10.0.22621.0\datasets\recordings\20260912_054806_0e08907e\frame_00000160.png,3840,2088,F:\CODE\JianChanChan\scripts\..\docs\qa_runs\a1\bulk\img_0408.jpg
9,409,20260912_054806_0e08907e_frame_00000161,20260912_054806_0e08907e,png,F:\CODE\JianChanChan\src\ChanSight.Cli\bin\Debug\net8.0-windows10.0.22621.0\datasets\recordings\20260912_054806_0e08907e\frame_00000161.png,3840,2088,F:\CODE\JianChanChan\scripts\..\docs\qa_runs\a1\bulk\img_0409.jpg
9,410,20260912_054806_0e08907e_frame_00000162,20260912_054806_0e08907e,png,F:\CODE\JianChanChan\src\ChanSight.Cli\bin\Debug\net8.0-windows10.0.22621.0\datasets\recordings\20260912_054806_0e08907e\frame_00000162.png,3840,2088,F:\CODE\JianChanChan\scripts\..\docs\qa_runs\a1\bulk\img_0410.jpg
9,411,20260912_054806_0e08907e_frame_00000163,20260912_054806_0e08907e,png,F:\CODE\JianChanChan\src\ChanSight.Cli\bin\Debug\net8.0-windows10.0.22621.0\datasets\recordings\20260912_054806_0e08907e\frame_00000163.png,3840,2088,F:\CODE\JianChanChan\scripts\..\docs\qa_runs\a1\bulk\img_0411.jpg
9,412,20260912_054806_0e08907e_frame_00000164,20260912_054806_0e08907e,png,F:\CODE\JianChanChan\src\ChanSight.Cli\bin\Debug\net8.0-windows10.0.22621.0\datasets\recordings\20260912_054806_0e08907e\frame_00000164.png,3840,2088,F:\CODE\JianChanChan\scripts\..\docs\qa_runs\a1\bulk\img_0412.jpg
9,413,20260912_054806_0e08907e_frame_00000165,20260912_054806_0e08907e,png,F:\CODE\JianChanChan\src\ChanSight.Cli\bin\Debug\net8.0-windows10.0.22621.0\datasets\recordings\20260912_054806_0e08907e\frame_00000165.png,3840,2088,F:\CODE\JianChanChan\scripts\..\docs\qa_runs\a1\bulk\img_0413.jpg
9,414,20260912_054806_0e08907e_frame_00000166,20260912_054806_0e08907e,png,F:\CODE\JianChanChan\src\ChanSight.Cli\bin\Debug\net8.0-windows10.0.22621.0\datasets\recordings\20260912_054806_0e08907e\frame_00000166.png,3840,2088,F:\CODE\JianChanChan\scripts\..\docs\qa_runs\a1\bulk\img_0414.jpg
9,415,20260912_054806_0e08907e_frame_00000167,20260912_054806_0e08907e,png,F:\CODE\JianChanChan\src\ChanSight.Cli\bin\Debug\net8.0-windows10.0.22621.0\datasets\recordings\20260912_054806_0e08907e\frame_00000167.png,3840,2088,F:\CODE\JianChanChan\scripts\..\docs\qa_runs\a1\bulk\img_0415.jpg
9,416,20260912_054806_0e08907e_frame_00000168,20260912_054806_0e08907e,png,F:\CODE\JianChanChan\src\ChanSight.Cli\bin\Debug\net8.0-windows10.0.22621.0\datasets\recordings\20260912_054806_0e08907e\frame_00000168.png,3840,2088,F:\CODE\JianChanChan\scripts\..\docs\qa_runs\a1\bulk\img_0416.jpg
9,417,20260912_054806_0e08907e_frame_00000169,20260912_054806_0e08907e,png,F:\CODE\JianChanChan\src\ChanSight.Cli\bin\Debug\net8.0-windows10.0.22621.0\datasets\recordings\20260912_054806_0e08907e\frame_00000169.png,3840,2088,F:\CODE\JianChanChan\scripts\..\docs\qa_runs\a1\bulk\img_0417.jpg
9,418,20260912_054806_0e08907e_frame_00000170,20260912_054806_0e08907e,png,F:\CODE\JianChanChan\src\ChanSight.Cli\bin\Debug\net8.0-windows10.0.22621.0\datasets\recordings\20260912_054806_0e08907e\frame_00000170.png,3840,2088,F:\CODE\JianChanChan\scripts\..\docs\qa_runs\a1\bulk\img_0418.jpg
9,419,20260912_054806_0e08907e_frame_00000171,20260912_054806_0e08907e,png,F:\CODE\JianChanChan\src\ChanSight.Cli\bin\Debug\net8.0-windows10.0.22621.0\datasets\recordings\20260912_054806_0e08907e\frame_00000171.png,3840,2088,F:\CODE\JianChanChan\scripts\..\docs\qa_runs\a1\bulk\img_0419.jpg
9,420,20260912_054806_0e08907e_frame_00000172,20260912_054806_0e08907e,png,F:\CODE\JianChanChan\src\ChanSight.Cli\bin\Debug\net8.0-windows10.0.22621.0\datasets\recordings\20260912_054806_0e08907e\frame_00000172.png,3840,2088,F:\CODE\JianChanChan\scripts\..\docs\qa_runs\a1\bulk\img_0420.jpg
9,421,20260912_054806_0e08907e_frame_00000173,20260912_054806_0e08907e,png,F:\CODE\JianChanChan\src\ChanSight.Cli\bin\Debug\net8.0-windows10.0.22621.0\datasets\recordings\20260912_054806_0e08907e\frame_00000173.png,3840,2088,F:\CODE\JianChanChan\scripts\..\docs\qa_runs\a1\bulk\img_0421.jpg
9,422,20260912_054806_0e08907e_frame_00000174,20260912_054806_0e08907e,png,F:\CODE\JianChanChan\src\ChanSight.Cli\bin\Debug\net8.0-windows10.0.22621.0\datasets\recordings\20260912_054806_0e08907e\frame_00000174.png,3840,2088,F:\CODE\JianChanChan\scripts\..\docs\qa_runs\a1\bulk\img_0422.jpg
9,423,20260912_054806_0e08907e_frame_00000175,20260912_054806_0e08907e,png,F:\CODE\JianChanChan\src\ChanSight.Cli\bin\Debug\net8.0-windows10.0.22621.0\datasets\recordings\20260912_054806_0e08907e\frame_00000175.png,3840,2088,F:\CODE\JianChanChan\scripts\..\docs\qa_runs\a1\bulk\img_0423.jpg
9,424,20260912_054806_0e08907e_frame_00000176,20260912_054806_0e08907e,png,F:\CODE\JianChanChan\src\ChanSight.Cli\bin\Debug\net8.0-windows10.0.22621.0\datasets\recordings\20260912_054806_0e08907e\frame_00000176.png,3840,2088,F:\CODE\JianChanChan\scripts\..\docs\qa_runs\a1\bulk\img_0424.jpg
9,425,20260912_054806_0e08907e_frame_00000177,20260912_054806_0e08907e,png,F:\CODE\JianChanChan\src\ChanSight.Cli\bin\Debug\net8.0-windows10.0.22621.0\datasets\recordings\20260912_054806_0e08907e\frame_00000177.png,3840,2088,F:\CODE\JianChanChan\scripts\..\docs\qa_runs\a1\bulk\img_0425.jpg
9,426,20260912_054806_0e08907e_frame_00000178,20260912_054806_0e08907e,png,F:\CODE\JianChanChan\src\ChanSight.Cli\bin\Debug\net8.0-windows10.0.22621.0\datasets\recordings\20260912_054806_0e08907e\frame_00000178.png,3840,2088,F:\CODE\JianChanChan\scripts\..\docs\qa_runs\a1\bulk\img_0426.jpg
9,427,20260912_054806_0e08907e_frame_00000179,20260912_054806_0e08907e,png,F:\CODE\JianChanChan\src\ChanSight.Cli\bin\Debug\net8.0-windows10.0.22621.0\datasets\recordings\20260912_054806_0e08907e\frame_00000179.png,3840,2088,F:\CODE\JianChanChan\scripts\..\docs\qa_runs\a1\bulk\img_0427.jpg
9,428,20260912_054806_0e08907e_frame_00000180,20260912_054806_0e08907e,png,F:\CODE\JianChanChan\src\ChanSight.Cli\bin\Debug\net8.0-windows10.0.22621.0\datasets\recordings\20260912_054806_0e08907e\frame_00000180.png,3840,2088,F:\CODE\JianChanChan\scripts\..\docs\qa_runs\a1\bulk\img_0428.jpg
9,429,20260912_054806_0e08907e_frame_00000181,20260912_054806_0e08907e,png,F:\CODE\JianChanChan\src\ChanSight.Cli\bin\Debug\net8.0-windows10.0.22621.0\datasets\recordings\20260912_054806_0e08907e\frame_00000181.png,3840,2088,F:\CODE\JianChanChan\scripts\..\docs\qa_runs\a1\bulk\img_0429.jpg
9,430,20260912_054806_0e08907e_frame_00000182,20260912_054806_0e08907e,png,F:\CODE\JianChanChan\src\ChanSight.Cli\bin\Debug\net8.0-windows10.0.22621.0\datasets\recordings\20260912_054806_0e08907e\frame_00000182.png,3840,2088,F:\CODE\JianChanChan\scripts\..\docs\qa_runs\a1\bulk\img_0430.jpg
9,431,20260912_054806_0e08907e_frame_00000183,20260912_054806_0e08907e,png,F:\CODE\JianChanChan\src\ChanSight.Cli\bin\Debug\net8.0-windows10.0.22621.0\datasets\recordings\20260912_054806_0e08907e\frame_00000183.png,3840,2088,F:\CODE\JianChanChan\scripts\..\docs\qa_runs\a1\bulk\img_0431.jpg
9,432,20260912_054806_0e08907e_frame_00000184,20260912_054806_0e08907e,png,F:\CODE\JianChanChan\src\ChanSight.Cli\bin\Debug\net8.0-windows10.0.22621.0\datasets\recordings\20260912_054806_0e08907e\frame_00000184.png,3840,2088,F:\CODE\JianChanChan\scripts\..\docs\qa_runs\a1\bulk\img_0432.jpg
9,433,20260912_054806_0e08907e_frame_00000185,20260912_054806_0e08907e,png,F:\CODE\JianChanChan\src\ChanSight.Cli\bin\Debug\net8.0-windows10.0.22621.0\datasets\recordings\20260912_054806_0e08907e\frame_00000185.png,3840,2088,F:\CODE\JianChanChan\scripts\..\docs\qa_runs\a1\bulk\img_0433.jpg
9,434,20260912_054806_0e08907e_frame_00000186,20260912_054806_0e08907e,png,F:\CODE\JianChanChan\src\ChanSight.Cli\bin\Debug\net8.0-windows10.0.22621.0\datasets\recordings\20260912_054806_0e08907e\frame_00000186.png,3840,2088,F:\CODE\JianChanChan\scripts\..\docs\qa_runs\a1\bulk\img_0434.jpg
9,435,20260912_054806_0e08907e_frame_00000187,20260912_054806_0e08907e,png,F:\CODE\JianChanChan\src\ChanSight.Cli\bin\Debug\net8.0-windows10.0.22621.0\datasets\recordings\20260912_054806_0e08907e\frame_00000187.png,3840,2088,F:\CODE\JianChanChan\scripts\..\docs\qa_runs\a1\bulk\img_0435.jpg
9,436,20260912_054806_0e08907e_frame_00000188,20260912_054806_0e08907e,png,F:\CODE\JianChanChan\src\ChanSight.Cli\bin\Debug\net8.0-windows10.0.22621.0\datasets\recordings\20260912_054806_0e08907e\frame_00000188.png,3840,2088,F:\CODE\JianChanChan\scripts\..\docs\qa_runs\a1\bulk\img_0436.jpg
9,437,20260912_054806_0e08907e_frame_00000189,20260912_054806_0e08907e,png,F:\CODE\JianChanChan\src\ChanSight.Cli\bin\Debug\net8.0-windows10.0.22621.0\datasets\recordings\20260912_054806_0e08907e\frame_00000189.png,3840,2088,F:\CODE\JianChanChan\scripts\..\docs\qa_runs\a1\bulk\img_0437.jpg
9,438,20260912_054806_0e08907e_frame_00000190,20260912_054806_0e08907e,png,F:\CODE\JianChanChan\src\ChanSight.Cli\bin\Debug\net8.0-windows10.0.22621.0\datasets\recordings\20260912_054806_0e08907e\frame_00000190.png,3840,2088,F:\CODE\JianChanChan\scripts\..\docs\qa_runs\a1\bulk\img_0438.jpg
9,439,20260912_054806_0e08907e_frame_00000191,20260912_054806_0e08907e,png,F:\CODE\JianChanChan\src\ChanSight.Cli\bin\Debug\net8.0-windows10.0.22621.0\datasets\recordings\20260912_054806_0e08907e\frame_00000191.png,3840,2088,F:\CODE\JianChanChan\scripts\..\docs\qa_runs\a1\bulk\img_0439.jpg
9,440,20260912_054806_0e08907e_frame_00000192,20260912_054806_0e08907e,png,F:\CODE\JianChanChan\src\ChanSight.Cli\bin\Debug\net8.0-windows10.0.22621.0\datasets\recordings\20260912_054806_0e08907e\frame_00000192.png,3840,2088,F:\CODE\JianChanChan\scripts\..\docs\qa_runs\a1\bulk\img_0440.jpg
9,441,20260912_054806_0e08907e_frame_00000193,20260912_054806_0e08907e,png,F:\CODE\JianChanChan\src\ChanSight.Cli\bin\Debug\net8.0-windows10.0.22621.0\datasets\recordings\20260912_054806_0e08907e\frame_00000193.png,3840,2088,F:\CODE\JianChanChan\scripts\..\docs\qa_runs\a1\bulk\img_0441.jpg
9,442,20260912_054806_0e08907e_frame_00000194,20260912_054806_0e08907e,png,F:\CODE\JianChanChan\src\ChanSight.Cli\bin\Debug\net8.0-windows10.0.22621.0\datasets\recordings\20260912_054806_0e08907e\frame_00000194.png,3840,2088,F:\CODE\JianChanChan\scripts\..\docs\qa_runs\a1\bulk\img_0442.jpg
9,443,20260912_054806_0e08907e_frame_00000195,20260912_054806_0e08907e,png,F:\CODE\JianChanChan\src\ChanSight.Cli\bin\Debug\net8.0-windows10.0.22621.0\datasets\recordings\20260912_054806_0e08907e\frame_00000195.png,3840,2088,F:\CODE\JianChanChan\scripts\..\docs\qa_runs\a1\bulk\img_0443.jpg
9,444,20260912_054806_0e08907e_frame_00000196,20260912_054806_0e08907e,png,F:\CODE\JianChanChan\src\ChanSight.Cli\bin\Debug\net8.0-windows10.0.22621.0\datasets\recordings\20260912_054806_0e08907e\frame_00000196.png,3840,2088,F:\CODE\JianChanChan\scripts\..\docs\qa_runs\a1\bulk\img_0444.jpg
9,445,20260912_054806_0e08907e_frame_00000197,20260912_054806_0e08907e,png,F:\CODE\JianChanChan\src\ChanSight.Cli\bin\Debug\net8.0-windows10.0.22621.0\datasets\recordings\20260912_054806_0e08907e\frame_00000197.png,3840,2088,F:\CODE\JianChanChan\scripts\..\docs\qa_runs\a1\bulk\img_0445.jpg
9,446,20260912_054806_0e08907e_frame_00000198,20260912_054806_0e08907e,png,F:\CODE\JianChanChan\src\ChanSight.Cli\bin\Debug\net8.0-windows10.0.22621.0\datasets\recordings\20260912_054806_0e08907e\frame_00000198.png,3840,2088,F:\CODE\JianChanChan\scripts\..\docs\qa_runs\a1\bulk\img_0446.jpg
9,447,20260912_054806_0e08907e_frame_00000199,20260912_054806_0e08907e,png,F:\CODE\JianChanChan\src\ChanSight.Cli\bin\Debug\net8.0-windows10.0.22621.0\datasets\recordings\20260912_054806_0e08907e\frame_00000199.png,3840,2088,F:\CODE\JianChanChan\scripts\..\docs\qa_runs\a1\bulk\img_0447.jpg
9,448,20260912_054806_0e08907e_frame_00000200,20260912_054806_0e08907e,png,F:\CODE\JianChanChan\src\ChanSight.Cli\bin\Debug\net8.0-windows10.0.22621.0\datasets\recordings\20260912_054806_0e08907e\frame_00000200.png,3840,2088,F:\CODE\JianChanChan\scripts\..\docs\qa_runs\a1\bulk\img_0448.jpg
9,449,20260912_054806_0e08907e_frame_00000201,20260912_054806_0e08907e,png,F:\CODE\JianChanChan\src\ChanSight.Cli\bin\Debug\net8.0-windows10.0.22621.0\datasets\recordings\20260912_054806_0e08907e\frame_00000201.png,3840,2088,F:\CODE\JianChanChan\scripts\..\docs\qa_runs\a1\bulk\img_0449.jpg
9,450,20260912_054806_0e08907e_frame_00000202,20260912_054806_0e08907e,png,F:\CODE\JianChanChan\src\ChanSight.Cli\bin\Debug\net8.0-windows10.0.22621.0\datasets\recordings\20260912_054806_0e08907e\frame_00000202.png,3840,2088,F:\CODE\JianChanChan\scripts\..\docs\qa_runs\a1\bulk\img_0450.jpg
9,451,20260912_054806_0e08907e_frame_00000203,20260912_054806_0e08907e,png,F:\CODE\JianChanChan\src\ChanSight.Cli\bin\Debug\net8.0-windows10.0.22621.0\datasets\recordings\20260912_054806_0e08907e\frame_00000203.png,3840,2088,F:\CODE\JianChanChan\scripts\..\docs\qa_runs\a1\bulk\img_0451.jpg
9,452,20260912_054806_0e08907e_frame_00000204,20260912_054806_0e08907e,png,F:\CODE\JianChanChan\src\ChanSight.Cli\bin\Debug\net8.0-windows10.0.22621.0\datasets\recordings\20260912_054806_0e08907e\frame_00000204.png,3840,2088,F:\CODE\JianChanChan\scripts\..\docs\qa_runs\a1\bulk\img_0452.jpg
9,453,20260912_054806_0e08907e_frame_00000205,20260912_054806_0e08907e,png,F:\CODE\JianChanChan\src\ChanSight.Cli\bin\Debug\net8.0-windows10.0.22621.0\datasets\recordings\20260912_054806_0e08907e\frame_00000205.png,3840,2088,F:\CODE\JianChanChan\scripts\..\docs\qa_runs\a1\bulk\img_0453.jpg
9,454,20260912_054806_0e08907e_frame_00000206,20260912_054806_0e08907e,png,F:\CODE\JianChanChan\src\ChanSight.Cli\bin\Debug\net8.0-windows10.0.22621.0\datasets\recordings\20260912_054806_0e08907e\frame_00000206.png,3840,2088,F:\CODE\JianChanChan\scripts\..\docs\qa_runs\a1\bulk\img_0454.jpg
9,455,20260912_054806_0e08907e_frame_00000207,20260912_054806_0e08907e,png,F:\CODE\JianChanChan\src\ChanSight.Cli\bin\Debug\net8.0-windows10.0.22621.0\datasets\recordings\20260912_054806_0e08907e\frame_00000207.png,3840,2088,F:\CODE\JianChanChan\scripts\..\docs\qa_runs\a1\bulk\img_0455.jpg
9,456,20260912_054806_0e08907e_frame_00000208,20260912_054806_0e08907e,png,F:\CODE\JianChanChan\src\ChanSight.Cli\bin\Debug\net8.0-windows10.0.22621.0\datasets\recordings\20260912_054806_0e08907e\frame_00000208.png,3840,2088,F:\CODE\JianChanChan\scripts\..\docs\qa_runs\a1\bulk\img_0456.jpg
9,457,20260912_054806_0e08907e_frame_00000209,20260912_054806_0e08907e,png,F:\CODE\JianChanChan\src\ChanSight.Cli\bin\Debug\net8.0-windows10.0.22621.0\datasets\recordings\20260912_054806_0e08907e\frame_00000209.png,3840,2088,F:\CODE\JianChanChan\scripts\..\docs\qa_runs\a1\bulk\img_0457.jpg
9,458,20260912_054806_0e08907e_frame_00000210,20260912_054806_0e08907e,png,F:\CODE\JianChanChan\src\ChanSight.Cli\bin\Debug\net8.0-windows10.0.22621.0\datasets\recordings\20260912_054806_0e08907e\frame_00000210.png,3840,2088,F:\CODE\JianChanChan\scripts\..\docs\qa_runs\a1\bulk\img_0458.jpg
9,459,20260912_054806_0e08907e_frame_00000211,20260912_054806_0e08907e,png,F:\CODE\JianChanChan\src\ChanSight.Cli\bin\Debug\net8.0-windows10.0.22621.0\datasets\recordings\20260912_054806_0e08907e\frame_00000211.png,3840,2088,F:\CODE\JianChanChan\scripts\..\docs\qa_runs\a1\bulk\img_0459.jpg
10,460,20260912_054806_0e08907e_frame_00000212,20260912_054806_0e08907e,png,F:\CODE\JianChanChan\src\ChanSight.Cli\bin\Debug\net8.0-windows10.0.22621.0\datasets\recordings\20260912_054806_0e08907e\frame_00000212.png,3840,2088,F:\CODE\JianChanChan\scripts\..\docs\qa_runs\a1\bulk\img_0460.jpg
10,461,20260912_054806_0e08907e_frame_00000213,20260912_054806_0e08907e,png,F:\CODE\JianChanChan\src\ChanSight.Cli\bin\Debug\net8.0-windows10.0.22621.0\datasets\recordings\20260912_054806_0e08907e\frame_00000213.png,3840,2088,F:\CODE\JianChanChan\scripts\..\docs\qa_runs\a1\bulk\img_0461.jpg
10,462,20260912_054806_0e08907e_frame_00000214,20260912_054806_0e08907e,png,F:\CODE\JianChanChan\src\ChanSight.Cli\bin\Debug\net8.0-windows10.0.22621.0\datasets\recordings\20260912_054806_0e08907e\frame_00000214.png,3840,2088,F:\CODE\JianChanChan\scripts\..\docs\qa_runs\a1\bulk\img_0462.jpg
10,463,20260912_054806_0e08907e_frame_00000215,20260912_054806_0e08907e,png,F:\CODE\JianChanChan\src\ChanSight.Cli\bin\Debug\net8.0-windows10.0.22621.0\datasets\recordings\20260912_054806_0e08907e\frame_00000215.png,3840,2088,F:\CODE\JianChanChan\scripts\..\docs\qa_runs\a1\bulk\img_0463.jpg
10,464,20260912_054806_0e08907e_frame_00000216,20260912_054806_0e08907e,png,F:\CODE\JianChanChan\src\ChanSight.Cli\bin\Debug\net8.0-windows10.0.22621.0\datasets\recordings\20260912_054806_0e08907e\frame_00000216.png,3840,2088,F:\CODE\JianChanChan\scripts\..\docs\qa_runs\a1\bulk\img_0464.jpg
10,465,20260912_054806_0e08907e_frame_00000217,20260912_054806_0e08907e,png,F:\CODE\JianChanChan\src\ChanSight.Cli\bin\Debug\net8.0-windows10.0.22621.0\datasets\recordings\20260912_054806_0e08907e\frame_00000217.png,3840,2088,F:\CODE\JianChanChan\scripts\..\docs\qa_runs\a1\bulk\img_0465.jpg
10,466,20260912_054806_0e08907e_frame_00000218,20260912_054806_0e08907e,png,F:\CODE\JianChanChan\src\ChanSight.Cli\bin\Debug\net8.0-windows10.0.22621.0\datasets\recordings\20260912_054806_0e08907e\frame_00000218.png,3840,2088,F:\CODE\JianChanChan\scripts\..\docs\qa_runs\a1\bulk\img_0466.jpg
10,467,20260912_054806_0e08907e_frame_00000219,20260912_054806_0e08907e,png,F:\CODE\JianChanChan\src\ChanSight.Cli\bin\Debug\net8.0-windows10.0.22621.0\datasets\recordings\20260912_054806_0e08907e\frame_00000219.png,3840,2088,F:\CODE\JianChanChan\scripts\..\docs\qa_runs\a1\bulk\img_0467.jpg
10,468,20260912_054806_0e08907e_frame_00000220,20260912_054806_0e08907e,png,F:\CODE\JianChanChan\src\ChanSight.Cli\bin\Debug\net8.0-windows10.0.22621.0\datasets\recordings\20260912_054806_0e08907e\frame_00000220.png,3840,2088,F:\CODE\JianChanChan\scripts\..\docs\qa_runs\a1\bulk\img_0468.jpg
10,469,20260912_054806_0e08907e_frame_00000221,20260912_054806_0e08907e,png,F:\CODE\JianChanChan\src\ChanSight.Cli\bin\Debug\net8.0-windows10.0.22621.0\datasets\recordings\20260912_054806_0e08907e\frame_00000221.png,3840,2088,F:\CODE\JianChanChan\scripts\..\docs\qa_runs\a1\bulk\img_0469.jpg
10,470,20260912_054806_0e08907e_frame_00000222,20260912_054806_0e08907e,png,F:\CODE\JianChanChan\src\ChanSight.Cli\bin\Debug\net8.0-windows10.0.22621.0\datasets\recordings\20260912_054806_0e08907e\frame_00000222.png,3840,2088,F:\CODE\JianChanChan\scripts\..\docs\qa_runs\a1\bulk\img_0470.jpg
10,471,20260912_054806_0e08907e_frame_00000223,20260912_054806_0e08907e,png,F:\CODE\JianChanChan\src\ChanSight.Cli\bin\Debug\net8.0-windows10.0.22621.0\datasets\recordings\20260912_054806_0e08907e\frame_00000223.png,3840,2088,F:\CODE\JianChanChan\scripts\..\docs\qa_runs\a1\bulk\img_0471.jpg
10,472,20260912_054806_0e08907e_frame_00000224,20260912_054806_0e08907e,png,F:\CODE\JianChanChan\src\ChanSight.Cli\bin\Debug\net8.0-windows10.0.22621.0\datasets\recordings\20260912_054806_0e08907e\frame_00000224.png,3840,2088,F:\CODE\JianChanChan\scripts\..\docs\qa_runs\a1\bulk\img_0472.jpg
10,473,20260912_054806_0e08907e_frame_00000225,20260912_054806_0e08907e,png,F:\CODE\JianChanChan\src\ChanSight.Cli\bin\Debug\net8.0-windows10.0.22621.0\datasets\recordings\20260912_054806_0e08907e\frame_00000225.png,3840,2088,F:\CODE\JianChanChan\scripts\..\docs\qa_runs\a1\bulk\img_0473.jpg
10,474,20260912_054806_0e08907e_frame_00000226,20260912_054806_0e08907e,png,F:\CODE\JianChanChan\src\ChanSight.Cli\bin\Debug\net8.0-windows10.0.22621.0\datasets\recordings\20260912_054806_0e08907e\frame_00000226.png,3840,2088,F:\CODE\JianChanChan\scripts\..\docs\qa_runs\a1\bulk\img_0474.jpg
10,475,20260912_054806_0e08907e_frame_00000227,20260912_054806_0e08907e,png,F:\CODE\JianChanChan\src\ChanSight.Cli\bin\Debug\net8.0-windows10.0.22621.0\datasets\recordings\20260912_054806_0e08907e\frame_00000227.png,3840,2088,F:\CODE\JianChanChan\scripts\..\docs\qa_runs\a1\bulk\img_0475.jpg
10,476,20260912_054806_0e08907e_frame_00000228,20260912_054806_0e08907e,png,F:\CODE\JianChanChan\src\ChanSight.Cli\bin\Debug\net8.0-windows10.0.22621.0\datasets\recordings\20260912_054806_0e08907e\frame_00000228.png,3840,2088,F:\CODE\JianChanChan\scripts\..\docs\qa_runs\a1\bulk\img_0476.jpg
10,477,20260912_054806_0e08907e_frame_00000229,20260912_054806_0e08907e,png,F:\CODE\JianChanChan\src\ChanSight.Cli\bin\Debug\net8.0-windows10.0.22621.0\datasets\recordings\20260912_054806_0e08907e\frame_00000229.png,3840,2088,F:\CODE\JianChanChan\scripts\..\docs\qa_runs\a1\bulk\img_0477.jpg
10,478,20260912_054806_0e08907e_frame_00000230,20260912_054806_0e08907e,png,F:\CODE\JianChanChan\src\ChanSight.Cli\bin\Debug\net8.0-windows10.0.22621.0\datasets\recordings\20260912_054806_0e08907e\frame_00000230.png,3840,2088,F:\CODE\JianChanChan\scripts\..\docs\qa_runs\a1\bulk\img_0478.jpg
10,479,20260912_054806_0e08907e_frame_00000231,20260912_054806_0e08907e,png,F:\CODE\JianChanChan\src\ChanSight.Cli\bin\Debug\net8.0-windows10.0.22621.0\datasets\recordings\20260912_054806_0e08907e\frame_00000231.png,3840,2088,F:\CODE\JianChanChan\scripts\..\docs\qa_runs\a1\bulk\img_0479.jpg
10,480,20260912_054806_0e08907e_frame_00000232,20260912_054806_0e08907e,png,F:\CODE\JianChanChan\src\ChanSight.Cli\bin\Debug\net8.0-windows10.0.22621.0\datasets\recordings\20260912_054806_0e08907e\frame_00000232.png,3840,2088,F:\CODE\JianChanChan\scripts\..\docs\qa_runs\a1\bulk\img_0480.jpg
10,481,20260912_054806_0e08907e_frame_00000233,20260912_054806_0e08907e,png,F:\CODE\JianChanChan\src\ChanSight.Cli\bin\Debug\net8.0-windows10.0.22621.0\datasets\recordings\20260912_054806_0e08907e\frame_00000233.png,3840,2088,F:\CODE\JianChanChan\scripts\..\docs\qa_runs\a1\bulk\img_0481.jpg
10,482,20260912_054806_0e08907e_frame_00000234,20260912_054806_0e08907e,png,F:\CODE\JianChanChan\src\ChanSight.Cli\bin\Debug\net8.0-windows10.0.22621.0\datasets\recordings\20260912_054806_0e08907e\frame_00000234.png,3840,2088,F:\CODE\JianChanChan\scripts\..\docs\qa_runs\a1\bulk\img_0482.jpg
10,483,20260912_054806_0e08907e_frame_00000235,20260912_054806_0e08907e,png,F:\CODE\JianChanChan\src\ChanSight.Cli\bin\Debug\net8.0-windows10.0.22621.0\datasets\recordings\20260912_054806_0e08907e\frame_00000235.png,3840,2088,F:\CODE\JianChanChan\scripts\..\docs\qa_runs\a1\bulk\img_0483.jpg
10,484,20260912_054806_0e08907e_frame_00000236,20260912_054806_0e08907e,png,F:\CODE\JianChanChan\src\ChanSight.Cli\bin\Debug\net8.0-windows10.0.22621.0\datasets\recordings\20260912_054806_0e08907e\frame_00000236.png,3840,2088,F:\CODE\JianChanChan\scripts\..\docs\qa_runs\a1\bulk\img_0484.jpg
10,485,20260912_054806_0e08907e_frame_00000237,20260912_054806_0e08907e,png,F:\CODE\JianChanChan\src\ChanSight.Cli\bin\Debug\net8.0-windows10.0.22621.0\datasets\recordings\20260912_054806_0e08907e\frame_00000237.png,3840,2088,F:\CODE\JianChanChan\scripts\..\docs\qa_runs\a1\bulk\img_0485.jpg
10,486,20260912_054806_0e08907e_frame_00000238,20260912_054806_0e08907e,png,F:\CODE\JianChanChan\src\ChanSight.Cli\bin\Debug\net8.0-windows10.0.22621.0\datasets\recordings\20260912_054806_0e08907e\frame_00000238.png,3840,2088,F:\CODE\JianChanChan\scripts\..\docs\qa_runs\a1\bulk\img_0486.jpg
10,487,20260912_054806_0e08907e_frame_00000239,20260912_054806_0e08907e,png,F:\CODE\JianChanChan\src\ChanSight.Cli\bin\Debug\net8.0-windows10.0.22621.0\datasets\recordings\20260912_054806_0e08907e\frame_00000239.png,3840,2088,F:\CODE\JianChanChan\scripts\..\docs\qa_runs\a1\bulk\img_0487.jpg
10,488,20260912_054806_0e08907e_frame_00000240,20260912_054806_0e08907e,png,F:\CODE\JianChanChan\src\ChanSight.Cli\bin\Debug\net8.0-windows10.0.22621.0\datasets\recordings\20260912_054806_0e08907e\frame_00000240.png,3840,2088,F:\CODE\JianChanChan\scripts\..\docs\qa_runs\a1\bulk\img_0488.jpg
10,489,20260912_054806_0e08907e_frame_00000241,20260912_054806_0e08907e,png,F:\CODE\JianChanChan\src\ChanSight.Cli\bin\Debug\net8.0-windows10.0.22621.0\datasets\recordings\20260912_054806_0e08907e\frame_00000241.png,3840,2088,F:\CODE\JianChanChan\scripts\..\docs\qa_runs\a1\bulk\img_0489.jpg
10,490,20260912_054806_0e08907e_frame_00000242,20260912_054806_0e08907e,png,F:\CODE\JianChanChan\src\ChanSight.Cli\bin\Debug\net8.0-windows10.0.22621.0\datasets\recordings\20260912_054806_0e08907e\frame_00000242.png,3840,2088,F:\CODE\JianChanChan\scripts\..\docs\qa_runs\a1\bulk\img_0490.jpg
10,491,20260912_054806_0e08907e_frame_00000243,20260912_054806_0e08907e,png,F:\CODE\JianChanChan\src\ChanSight.Cli\bin\Debug\net8.0-windows10.0.22621.0\datasets\recordings\20260912_054806_0e08907e\frame_00000243.png,3840,2088,F:\CODE\JianChanChan\scripts\..\docs\qa_runs\a1\bulk\img_0491.jpg
10,492,20260912_054806_0e08907e_frame_00000244,20260912_054806_0e08907e,png,F:\CODE\JianChanChan\src\ChanSight.Cli\bin\Debug\net8.0-windows10.0.22621.0\datasets\recordings\20260912_054806_0e08907e\frame_00000244.png,3840,2088,F:\CODE\JianChanChan\scripts\..\docs\qa_runs\a1\bulk\img_0492.jpg
10,493,20260912_054806_0e08907e_frame_00000245,20260912_054806_0e08907e,png,F:\CODE\JianChanChan\src\ChanSight.Cli\bin\Debug\net8.0-windows10.0.22621.0\datasets\recordings\20260912_054806_0e08907e\frame_00000245.png,3840,2088,F:\CODE\JianChanChan\scripts\..\docs\qa_runs\a1\bulk\img_0493.jpg
10,494,20260912_054806_0e08907e_frame_00000246,20260912_054806_0e08907e,png,F:\CODE\JianChanChan\src\ChanSight.Cli\bin\Debug\net8.0-windows10.0.22621.0\datasets\recordings\20260912_054806_0e08907e\frame_00000246.png,3840,2088,F:\CODE\JianChanChan\scripts\..\docs\qa_runs\a1\bulk\img_0494.jpg
10,495,20260912_054806_0e08907e_frame_00000247,20260912_054806_0e08907e,png,F:\CODE\JianChanChan\src\ChanSight.Cli\bin\Debug\net8.0-windows10.0.22621.0\datasets\recordings\20260912_054806_0e08907e\frame_00000247.png,3840,2088,F:\CODE\JianChanChan\scripts\..\docs\qa_runs\a1\bulk\img_0495.jpg
10,496,20260912_054806_0e08907e_frame_00000248,20260912_054806_0e08907e,png,F:\CODE\JianChanChan\src\ChanSight.Cli\bin\Debug\net8.0-windows10.0.22621.0\datasets\recordings\20260912_054806_0e08907e\frame_00000248.png,3840,2088,F:\CODE\JianChanChan\scripts\..\docs\qa_runs\a1\bulk\img_0496.jpg
10,497,20260912_054806_0e08907e_frame_00000249,20260912_054806_0e08907e,png,F:\CODE\JianChanChan\src\ChanSight.Cli\bin\Debug\net8.0-windows10.0.22621.0\datasets\recordings\20260912_054806_0e08907e\frame_00000249.png,3840,2088,F:\CODE\JianChanChan\scripts\..\docs\qa_runs\a1\bulk\img_0497.jpg
10,498,20260912_054806_0e08907e_frame_00000250,20260912_054806_0e08907e,png,F:\CODE\JianChanChan\src\ChanSight.Cli\bin\Debug\net8.0-windows10.0.22621.0\datasets\recordings\20260912_054806_0e08907e\frame_00000250.png,3840,2088,F:\CODE\JianChanChan\scripts\..\docs\qa_runs\a1\bulk\img_0498.jpg
10,499,20260912_054806_0e08907e_frame_00000251,20260912_054806_0e08907e,png,F:\CODE\JianChanChan\src\ChanSight.Cli\bin\Debug\net8.0-windows10.0.22621.0\datasets\recordings\20260912_054806_0e08907e\frame_00000251.png,3840,2088,F:\CODE\JianChanChan\scripts\..\docs\qa_runs\a1\bulk\img_0499.jpg
10,500,20260912_054806_0e08907e_frame_00000252,20260912_054806_0e08907e,png,F:\CODE\JianChanChan\src\ChanSight.Cli\bin\Debug\net8.0-windows10.0.22621.0\datasets\recordings\20260912_054806_0e08907e\frame_00000252.png,3840,2088,F:\CODE\JianChanChan\scripts\..\docs\qa_runs\a1\bulk\img_0500.jpg
10,501,20260912_054806_0e08907e_frame_00000253,20260912_054806_0e08907e,png,F:\CODE\JianChanChan\src\ChanSight.Cli\bin\Debug\net8.0-windows10.0.22621.0\datasets\recordings\20260912_054806_0e08907e\frame_00000253.png,3840,2088,F:\CODE\JianChanChan\scripts\..\docs\qa_runs\a1\bulk\img_0501.jpg
10,502,20260912_054806_0e08907e_frame_00000254,20260912_054806_0e08907e,png,F:\CODE\JianChanChan\src\ChanSight.Cli\bin\Debug\net8.0-windows10.0.22621.0\datasets\recordings\20260912_054806_0e08907e\frame_00000254.png,3840,2088,F:\CODE\JianChanChan\scripts\..\docs\qa_runs\a1\bulk\img_0502.jpg
10,503,20260912_054806_0e08907e_frame_00000255,20260912_054806_0e08907e,png,F:\CODE\JianChanChan\src\ChanSight.Cli\bin\Debug\net8.0-windows10.0.22621.0\datasets\recordings\20260912_054806_0e08907e\frame_00000255.png,3840,2088,F:\CODE\JianChanChan\scripts\..\docs\qa_runs\a1\bulk\img_0503.jpg
10,504,20260912_054806_0e08907e_frame_00000256,20260912_054806_0e08907e,png,F:\CODE\JianChanChan\src\ChanSight.Cli\bin\Debug\net8.0-windows10.0.22621.0\datasets\recordings\20260912_054806_0e08907e\frame_00000256.png,3840,2088,F:\CODE\JianChanChan\scripts\..\docs\qa_runs\a1\bulk\img_0504.jpg
10,505,20260912_054806_0e08907e_frame_00000257,20260912_054806_0e08907e,png,F:\CODE\JianChanChan\src\ChanSight.Cli\bin\Debug\net8.0-windows10.0.22621.0\datasets\recordings\20260912_054806_0e08907e\frame_00000257.png,3840,2088,F:\CODE\JianChanChan\scripts\..\docs\qa_runs\a1\bulk\img_0505.jpg
10,506,20260912_054806_0e08907e_frame_00000258,20260912_054806_0e08907e,png,F:\CODE\JianChanChan\src\ChanSight.Cli\bin\Debug\net8.0-windows10.0.22621.0\datasets\recordings\20260912_054806_0e08907e\frame_00000258.png,3840,2088,F:\CODE\JianChanChan\scripts\..\docs\qa_runs\a1\bulk\img_0506.jpg
10,507,20260912_054806_0e08907e_frame_00000259,20260912_054806_0e08907e,png,F:\CODE\JianChanChan\src\ChanSight.Cli\bin\Debug\net8.0-windows10.0.22621.0\datasets\recordings\20260912_054806_0e08907e\frame_00000259.png,3840,2088,F:\CODE\JianChanChan\scripts\..\docs\qa_runs\a1\bulk\img_0507.jpg
10,508,20260912_054806_0e08907e_frame_00000260,20260912_054806_0e08907e,png,F:\CODE\JianChanChan\src\ChanSight.Cli\bin\Debug\net8.0-windows10.0.22621.0\datasets\recordings\20260912_054806_0e08907e\frame_00000260.png,3840,2088,F:\CODE\JianChanChan\scripts\..\docs\qa_runs\a1\bulk\img_0508.jpg
10,509,20260912_054806_0e08907e_frame_00000261,20260912_054806_0e08907e,png,F:\CODE\JianChanChan\src\ChanSight.Cli\bin\Debug\net8.0-windows10.0.22621.0\datasets\recordings\20260912_054806_0e08907e\frame_00000261.png,3840,2088,F:\CODE\JianChanChan\scripts\..\docs\qa_runs\a1\bulk\img_0509.jpg
10,510,20260912_054806_0e08907e_frame_00000262,20260912_054806_0e08907e,png,F:\CODE\JianChanChan\src\ChanSight.Cli\bin\Debug\net8.0-windows10.0.22621.0\datasets\recordings\20260912_054806_0e08907e\frame_00000262.png,3840,2088,F:\CODE\JianChanChan\scripts\..\docs\qa_runs\a1\bulk\img_0510.jpg
11,511,20260912_054806_0e08907e_frame_00000263,20260912_054806_0e08907e,png,F:\CODE\JianChanChan\src\ChanSight.Cli\bin\Debug\net8.0-windows10.0.22621.0\datasets\recordings\20260912_054806_0e08907e\frame_00000263.png,3840,2088,F:\CODE\JianChanChan\scripts\..\docs\qa_runs\a1\bulk\img_0511.jpg
11,512,20260912_054806_0e08907e_frame_00000264,20260912_054806_0e08907e,png,F:\CODE\JianChanChan\src\ChanSight.Cli\bin\Debug\net8.0-windows10.0.22621.0\datasets\recordings\20260912_054806_0e08907e\frame_00000264.png,3840,2088,F:\CODE\JianChanChan\scripts\..\docs\qa_runs\a1\bulk\img_0512.jpg
11,513,20260912_054806_0e08907e_frame_00000265,20260912_054806_0e08907e,png,F:\CODE\JianChanChan\src\ChanSight.Cli\bin\Debug\net8.0-windows10.0.22621.0\datasets\recordings\20260912_054806_0e08907e\frame_00000265.png,3840,2088,F:\CODE\JianChanChan\scripts\..\docs\qa_runs\a1\bulk\img_0513.jpg
11,514,20260912_054806_0e08907e_frame_00000266,20260912_054806_0e08907e,png,F:\CODE\JianChanChan\src\ChanSight.Cli\bin\Debug\net8.0-windows10.0.22621.0\datasets\recordings\20260912_054806_0e08907e\frame_00000266.png,3840,2088,F:\CODE\JianChanChan\scripts\..\docs\qa_runs\a1\bulk\img_0514.jpg
11,515,20260912_054806_0e08907e_frame_00000267,20260912_054806_0e08907e,png,F:\CODE\JianChanChan\src\ChanSight.Cli\bin\Debug\net8.0-windows10.0.22621.0\datasets\recordings\20260912_054806_0e08907e\frame_00000267.png,3840,2088,F:\CODE\JianChanChan\scripts\..\docs\qa_runs\a1\bulk\img_0515.jpg
11,516,20260912_054806_0e08907e_frame_00000268,20260912_054806_0e08907e,png,F:\CODE\JianChanChan\src\ChanSight.Cli\bin\Debug\net8.0-windows10.0.22621.0\datasets\recordings\20260912_054806_0e08907e\frame_00000268.png,3840,2088,F:\CODE\JianChanChan\scripts\..\docs\qa_runs\a1\bulk\img_0516.jpg
11,517,20260912_054806_0e08907e_frame_00000269,20260912_054806_0e08907e,png,F:\CODE\JianChanChan\src\ChanSight.Cli\bin\Debug\net8.0-windows10.0.22621.0\datasets\recordings\20260912_054806_0e08907e\frame_00000269.png,3840,2088,F:\CODE\JianChanChan\scripts\..\docs\qa_runs\a1\bulk\img_0517.jpg
11,518,20260912_054806_0e08907e_frame_00000270,20260912_054806_0e08907e,png,F:\CODE\JianChanChan\src\ChanSight.Cli\bin\Debug\net8.0-windows10.0.22621.0\datasets\recordings\20260912_054806_0e08907e\frame_00000270.png,3840,2088,F:\CODE\JianChanChan\scripts\..\docs\qa_runs\a1\bulk\img_0518.jpg
11,519,20260912_054806_0e08907e_frame_00000271,20260912_054806_0e08907e,png,F:\CODE\JianChanChan\src\ChanSight.Cli\bin\Debug\net8.0-windows10.0.22621.0\datasets\recordings\20260912_054806_0e08907e\frame_00000271.png,3840,2088,F:\CODE\JianChanChan\scripts\..\docs\qa_runs\a1\bulk\img_0519.jpg
11,520,20260912_054806_0e08907e_frame_00000272,20260912_054806_0e08907e,png,F:\CODE\JianChanChan\src\ChanSight.Cli\bin\Debug\net8.0-windows10.0.22621.0\datasets\recordings\20260912_054806_0e08907e\frame_00000272.png,3840,2088,F:\CODE\JianChanChan\scripts\..\docs\qa_runs\a1\bulk\img_0520.jpg
11,521,20260912_054806_0e08907e_frame_00000273,20260912_054806_0e08907e,png,F:\CODE\JianChanChan\src\ChanSight.Cli\bin\Debug\net8.0-windows10.0.22621.0\datasets\recordings\20260912_054806_0e08907e\frame_00000273.png,3840,2088,F:\CODE\JianChanChan\scripts\..\docs\qa_runs\a1\bulk\img_0521.jpg
11,522,20260912_054806_0e08907e_frame_00000274,20260912_054806_0e08907e,png,F:\CODE\JianChanChan\src\ChanSight.Cli\bin\Debug\net8.0-windows10.0.22621.0\datasets\recordings\20260912_054806_0e08907e\frame_00000274.png,3840,2088,F:\CODE\JianChanChan\scripts\..\docs\qa_runs\a1\bulk\img_0522.jpg
11,523,20260912_054806_0e08907e_frame_00000275,20260912_054806_0e08907e,png,F:\CODE\JianChanChan\src\ChanSight.Cli\bin\Debug\net8.0-windows10.0.22621.0\datasets\recordings\20260912_054806_0e08907e\frame_00000275.png,3840,2088,F:\CODE\JianChanChan\scripts\..\docs\qa_runs\a1\bulk\img_0523.jpg
11,524,20260912_054806_0e08907e_frame_00000276,20260912_054806_0e08907e,png,F:\CODE\JianChanChan\src\ChanSight.Cli\bin\Debug\net8.0-windows10.0.22621.0\datasets\recordings\20260912_054806_0e08907e\frame_00000276.png,3840,2088,F:\CODE\JianChanChan\scripts\..\docs\qa_runs\a1\bulk\img_0524.jpg
11,525,20260912_054806_0e08907e_frame_00000277,20260912_054806_0e08907e,png,F:\CODE\JianChanChan\src\ChanSight.Cli\bin\Debug\net8.0-windows10.0.22621.0\datasets\recordings\20260912_054806_0e08907e\frame_00000277.png,3840,2088,F:\CODE\JianChanChan\scripts\..\docs\qa_runs\a1\bulk\img_0525.jpg
11,526,20260912_054806_0e08907e_frame_00000278,20260912_054806_0e08907e,png,F:\CODE\JianChanChan\src\ChanSight.Cli\bin\Debug\net8.0-windows10.0.22621.0\datasets\recordings\20260912_054806_0e08907e\frame_00000278.png,3840,2088,F:\CODE\JianChanChan\scripts\..\docs\qa_runs\a1\bulk\img_0526.jpg
11,527,20260912_054806_0e08907e_frame_00000279,20260912_054806_0e08907e,png,F:\CODE\JianChanChan\src\ChanSight.Cli\bin\Debug\net8.0-windows10.0.22621.0\datasets\recordings\20260912_054806_0e08907e\frame_00000279.png,3840,2088,F:\CODE\JianChanChan\scripts\..\docs\qa_runs\a1\bulk\img_0527.jpg
11,528,20260912_054806_0e08907e_frame_00000280,20260912_054806_0e08907e,png,F:\CODE\JianChanChan\src\ChanSight.Cli\bin\Debug\net8.0-windows10.0.22621.0\datasets\recordings\20260912_054806_0e08907e\frame_00000280.png,3840,2088,F:\CODE\JianChanChan\scripts\..\docs\qa_runs\a1\bulk\img_0528.jpg
11,529,20260912_054806_0e08907e_frame_00000281,20260912_054806_0e08907e,png,F:\CODE\JianChanChan\src\ChanSight.Cli\bin\Debug\net8.0-windows10.0.22621.0\datasets\recordings\20260912_054806_0e08907e\frame_00000281.png,3840,2088,F:\CODE\JianChanChan\scripts\..\docs\qa_runs\a1\bulk\img_0529.jpg
11,530,20260912_054806_0e08907e_frame_00000282,20260912_054806_0e08907e,png,F:\CODE\JianChanChan\src\ChanSight.Cli\bin\Debug\net8.0-windows10.0.22621.0\datasets\recordings\20260912_054806_0e08907e\frame_00000282.png,3840,2088,F:\CODE\JianChanChan\scripts\..\docs\qa_runs\a1\bulk\img_0530.jpg
11,531,20260912_054806_0e08907e_frame_00000283,20260912_054806_0e08907e,png,F:\CODE\JianChanChan\src\ChanSight.Cli\bin\Debug\net8.0-windows10.0.22621.0\datasets\recordings\20260912_054806_0e08907e\frame_00000283.png,3840,2088,F:\CODE\JianChanChan\scripts\..\docs\qa_runs\a1\bulk\img_0531.jpg
11,532,20260912_054806_0e08907e_frame_00000284,20260912_054806_0e08907e,png,F:\CODE\JianChanChan\src\ChanSight.Cli\bin\Debug\net8.0-windows10.0.22621.0\datasets\recordings\20260912_054806_0e08907e\frame_00000284.png,3840,2088,F:\CODE\JianChanChan\scripts\..\docs\qa_runs\a1\bulk\img_0532.jpg
11,533,20260912_054806_0e08907e_frame_00000285,20260912_054806_0e08907e,png,F:\CODE\JianChanChan\src\ChanSight.Cli\bin\Debug\net8.0-windows10.0.22621.0\datasets\recordings\20260912_054806_0e08907e\frame_00000285.png,3840,2088,F:\CODE\JianChanChan\scripts\..\docs\qa_runs\a1\bulk\img_0533.jpg
11,534,20260912_054806_0e08907e_frame_00000286,20260912_054806_0e08907e,png,F:\CODE\JianChanChan\src\ChanSight.Cli\bin\Debug\net8.0-windows10.0.22621.0\datasets\recordings\20260912_054806_0e08907e\frame_00000286.png,3840,2088,F:\CODE\JianChanChan\scripts\..\docs\qa_runs\a1\bulk\img_0534.jpg
11,535,20260912_054806_0e08907e_frame_00000287,20260912_054806_0e08907e,png,F:\CODE\JianChanChan\src\ChanSight.Cli\bin\Debug\net8.0-windows10.0.22621.0\datasets\recordings\20260912_054806_0e08907e\frame_00000287.png,3840,2088,F:\CODE\JianChanChan\scripts\..\docs\qa_runs\a1\bulk\img_0535.jpg
11,536,20260912_054806_0e08907e_frame_00000288,20260912_054806_0e08907e,png,F:\CODE\JianChanChan\src\ChanSight.Cli\bin\Debug\net8.0-windows10.0.22621.0\datasets\recordings\20260912_054806_0e08907e\frame_00000288.png,3840,2088,F:\CODE\JianChanChan\scripts\..\docs\qa_runs\a1\bulk\img_0536.jpg
11,537,20260912_054806_0e08907e_frame_00000289,20260912_054806_0e08907e,png,F:\CODE\JianChanChan\src\ChanSight.Cli\bin\Debug\net8.0-windows10.0.22621.0\datasets\recordings\20260912_054806_0e08907e\frame_00000289.png,3840,2088,F:\CODE\JianChanChan\scripts\..\docs\qa_runs\a1\bulk\img_0537.jpg
11,538,20260912_054806_0e08907e_frame_00000290,20260912_054806_0e08907e,png,F:\CODE\JianChanChan\src\ChanSight.Cli\bin\Debug\net8.0-windows10.0.22621.0\datasets\recordings\20260912_054806_0e08907e\frame_00000290.png,3840,2088,F:\CODE\JianChanChan\scripts\..\docs\qa_runs\a1\bulk\img_0538.jpg
11,539,20260912_054806_0e08907e_frame_00000291,20260912_054806_0e08907e,png,F:\CODE\JianChanChan\src\ChanSight.Cli\bin\Debug\net8.0-windows10.0.22621.0\datasets\recordings\20260912_054806_0e08907e\frame_00000291.png,3840,2088,F:\CODE\JianChanChan\scripts\..\docs\qa_runs\a1\bulk\img_0539.jpg
11,540,20260912_054806_0e08907e_frame_00000292,20260912_054806_0e08907e,png,F:\CODE\JianChanChan\src\ChanSight.Cli\bin\Debug\net8.0-windows10.0.22621.0\datasets\recordings\20260912_054806_0e08907e\frame_00000292.png,3840,2088,F:\CODE\JianChanChan\scripts\..\docs\qa_runs\a1\bulk\img_0540.jpg
11,541,20260912_054806_0e08907e_frame_00000293,20260912_054806_0e08907e,png,F:\CODE\JianChanChan\src\ChanSight.Cli\bin\Debug\net8.0-windows10.0.22621.0\datasets\recordings\20260912_054806_0e08907e\frame_00000293.png,3840,2088,F:\CODE\JianChanChan\scripts\..\docs\qa_runs\a1\bulk\img_0541.jpg
11,542,20260912_054806_0e08907e_frame_00000294,20260912_054806_0e08907e,png,F:\CODE\JianChanChan\src\ChanSight.Cli\bin\Debug\net8.0-windows10.0.22621.0\datasets\recordings\20260912_054806_0e08907e\frame_00000294.png,3840,2088,F:\CODE\JianChanChan\scripts\..\docs\qa_runs\a1\bulk\img_0542.jpg
11,543,20260912_054806_0e08907e_frame_00000295,20260912_054806_0e08907e,png,F:\CODE\JianChanChan\src\ChanSight.Cli\bin\Debug\net8.0-windows10.0.22621.0\datasets\recordings\20260912_054806_0e08907e\frame_00000295.png,3840,2088,F:\CODE\JianChanChan\scripts\..\docs\qa_runs\a1\bulk\img_0543.jpg
11,544,20260912_054806_0e08907e_frame_00000296,20260912_054806_0e08907e,png,F:\CODE\JianChanChan\src\ChanSight.Cli\bin\Debug\net8.0-windows10.0.22621.0\datasets\recordings\20260912_054806_0e08907e\frame_00000296.png,3840,2088,F:\CODE\JianChanChan\scripts\..\docs\qa_runs\a1\bulk\img_0544.jpg
11,545,20260912_054806_0e08907e_frame_00000297,20260912_054806_0e08907e,png,F:\CODE\JianChanChan\src\ChanSight.Cli\bin\Debug\net8.0-windows10.0.22621.0\datasets\recordings\20260912_054806_0e08907e\frame_00000297.png,3840,2088,F:\CODE\JianChanChan\scripts\..\docs\qa_runs\a1\bulk\img_0545.jpg
11,546,20260912_054806_0e08907e_frame_00000298,20260912_054806_0e08907e,png,F:\CODE\JianChanChan\src\ChanSight.Cli\bin\Debug\net8.0-windows10.0.22621.0\datasets\recordings\20260912_054806_0e08907e\frame_00000298.png,3840,2088,F:\CODE\JianChanChan\scripts\..\docs\qa_runs\a1\bulk\img_0546.jpg
11,547,20260912_054806_0e08907e_frame_00000299,20260912_054806_0e08907e,png,F:\CODE\JianChanChan\src\ChanSight.Cli\bin\Debug\net8.0-windows10.0.22621.0\datasets\recordings\20260912_054806_0e08907e\frame_00000299.png,3840,2088,F:\CODE\JianChanChan\scripts\..\docs\qa_runs\a1\bulk\img_0547.jpg
11,548,20260912_054806_0e08907e_frame_00000300,20260912_054806_0e08907e,png,F:\CODE\JianChanChan\src\ChanSight.Cli\bin\Debug\net8.0-windows10.0.22621.0\datasets\recordings\20260912_054806_0e08907e\frame_00000300.png,3840,2088,F:\CODE\JianChanChan\scripts\..\docs\qa_runs\a1\bulk\img_0548.jpg
11,549,20260912_054806_0e08907e_frame_00000301,20260912_054806_0e08907e,png,F:\CODE\JianChanChan\src\ChanSight.Cli\bin\Debug\net8.0-windows10.0.22621.0\datasets\recordings\20260912_054806_0e08907e\frame_00000301.png,3840,2088,F:\CODE\JianChanChan\scripts\..\docs\qa_runs\a1\bulk\img_0549.jpg
11,550,20260912_054806_0e08907e_frame_00000302,20260912_054806_0e08907e,png,F:\CODE\JianChanChan\src\ChanSight.Cli\bin\Debug\net8.0-windows10.0.22621.0\datasets\recordings\20260912_054806_0e08907e\frame_00000302.png,3840,2088,F:\CODE\JianChanChan\scripts\..\docs\qa_runs\a1\bulk\img_0550.jpg
11,551,20260912_054806_0e08907e_frame_00000303,20260912_054806_0e08907e,png,F:\CODE\JianChanChan\src\ChanSight.Cli\bin\Debug\net8.0-windows10.0.22621.0\datasets\recordings\20260912_054806_0e08907e\frame_00000303.png,3840,2088,F:\CODE\JianChanChan\scripts\..\docs\qa_runs\a1\bulk\img_0551.jpg
11,552,20260912_054806_0e08907e_frame_00000304,20260912_054806_0e08907e,png,F:\CODE\JianChanChan\src\ChanSight.Cli\bin\Debug\net8.0-windows10.0.22621.0\datasets\recordings\20260912_054806_0e08907e\frame_00000304.png,3840,2088,F:\CODE\JianChanChan\scripts\..\docs\qa_runs\a1\bulk\img_0552.jpg
11,553,20260912_054806_0e08907e_frame_00000305,20260912_054806_0e08907e,png,F:\CODE\JianChanChan\src\ChanSight.Cli\bin\Debug\net8.0-windows10.0.22621.0\datasets\recordings\20260912_054806_0e08907e\frame_00000305.png,3840,2088,F:\CODE\JianChanChan\scripts\..\docs\qa_runs\a1\bulk\img_0553.jpg
11,554,20260912_054806_0e08907e_frame_00000306,20260912_054806_0e08907e,png,F:\CODE\JianChanChan\src\ChanSight.Cli\bin\Debug\net8.0-windows10.0.22621.0\datasets\recordings\20260912_054806_0e08907e\frame_00000306.png,3840,2088,F:\CODE\JianChanChan\scripts\..\docs\qa_runs\a1\bulk\img_0554.jpg
11,555,20260912_054806_0e08907e_frame_00000307,20260912_054806_0e08907e,png,F:\CODE\JianChanChan\src\ChanSight.Cli\bin\Debug\net8.0-windows10.0.22621.0\datasets\recordings\20260912_054806_0e08907e\frame_00000307.png,3840,2088,F:\CODE\JianChanChan\scripts\..\docs\qa_runs\a1\bulk\img_0555.jpg
11,556,20260912_054806_0e08907e_frame_00000308,20260912_054806_0e08907e,png,F:\CODE\JianChanChan\src\ChanSight.Cli\bin\Debug\net8.0-windows10.0.22621.0\datasets\recordings\20260912_054806_0e08907e\frame_00000308.png,3840,2088,F:\CODE\JianChanChan\scripts\..\docs\qa_runs\a1\bulk\img_0556.jpg
11,557,20260912_054806_0e08907e_frame_00000309,20260912_054806_0e08907e,png,F:\CODE\JianChanChan\src\ChanSight.Cli\bin\Debug\net8.0-windows10.0.22621.0\datasets\recordings\20260912_054806_0e08907e\frame_00000309.png,3840,2088,F:\CODE\JianChanChan\scripts\..\docs\qa_runs\a1\bulk\img_0557.jpg
11,558,20260912_054806_0e08907e_frame_00000310,20260912_054806_0e08907e,png,F:\CODE\JianChanChan\src\ChanSight.Cli\bin\Debug\net8.0-windows10.0.22621.0\datasets\recordings\20260912_054806_0e08907e\frame_00000310.png,3840,2088,F:\CODE\JianChanChan\scripts\..\docs\qa_runs\a1\bulk\img_0558.jpg
11,559,20260912_054806_0e08907e_frame_00000311,20260912_054806_0e08907e,png,F:\CODE\JianChanChan\src\ChanSight.Cli\bin\Debug\net8.0-windows10.0.22621.0\datasets\recordings\20260912_054806_0e08907e\frame_00000311.png,3840,2088,F:\CODE\JianChanChan\scripts\..\docs\qa_runs\a1\bulk\img_0559.jpg
11,560,20260912_054806_0e08907e_frame_00000312,20260912_054806_0e08907e,png,F:\CODE\JianChanChan\src\ChanSight.Cli\bin\Debug\net8.0-windows10.0.22621.0\datasets\recordings\20260912_054806_0e08907e\frame_00000312.png,3840,2088,F:\CODE\JianChanChan\scripts\..\docs\qa_runs\a1\bulk\img_0560.jpg
11,561,20260912_054806_0e08907e_frame_00000313,20260912_054806_0e08907e,png,F:\CODE\JianChanChan\src\ChanSight.Cli\bin\Debug\net8.0-windows10.0.22621.0\datasets\recordings\20260912_054806_0e08907e\frame_00000313.png,3840,2088,F:\CODE\JianChanChan\scripts\..\docs\qa_runs\a1\bulk\img_0561.jpg
12,562,20260912_054806_0e08907e_frame_00000314,20260912_054806_0e08907e,png,F:\CODE\JianChanChan\src\ChanSight.Cli\bin\Debug\net8.0-windows10.0.22621.0\datasets\recordings\20260912_054806_0e08907e\frame_00000314.png,3840,2088,F:\CODE\JianChanChan\scripts\..\docs\qa_runs\a1\bulk\img_0562.jpg
12,563,20260912_054806_0e08907e_frame_00000315,20260912_054806_0e08907e,png,F:\CODE\JianChanChan\src\ChanSight.Cli\bin\Debug\net8.0-windows10.0.22621.0\datasets\recordings\20260912_054806_0e08907e\frame_00000315.png,3840,2088,F:\CODE\JianChanChan\scripts\..\docs\qa_runs\a1\bulk\img_0563.jpg
12,564,20260912_054806_0e08907e_frame_00000316,20260912_054806_0e08907e,png,F:\CODE\JianChanChan\src\ChanSight.Cli\bin\Debug\net8.0-windows10.0.22621.0\datasets\recordings\20260912_054806_0e08907e\frame_00000316.png,3840,2088,F:\CODE\JianChanChan\scripts\..\docs\qa_runs\a1\bulk\img_0564.jpg
12,565,20260912_054806_0e08907e_frame_00000317,20260912_054806_0e08907e,png,F:\CODE\JianChanChan\src\ChanSight.Cli\bin\Debug\net8.0-windows10.0.22621.0\datasets\recordings\20260912_054806_0e08907e\frame_00000317.png,3840,2088,F:\CODE\JianChanChan\scripts\..\docs\qa_runs\a1\bulk\img_0565.jpg
12,566,20260912_054806_0e08907e_frame_00000318,20260912_054806_0e08907e,png,F:\CODE\JianChanChan\src\ChanSight.Cli\bin\Debug\net8.0-windows10.0.22621.0\datasets\recordings\20260912_054806_0e08907e\frame_00000318.png,3840,2088,F:\CODE\JianChanChan\scripts\..\docs\qa_runs\a1\bulk\img_0566.jpg
12,567,20260912_054806_0e08907e_frame_00000319,20260912_054806_0e08907e,png,F:\CODE\JianChanChan\src\ChanSight.Cli\bin\Debug\net8.0-windows10.0.22621.0\datasets\recordings\20260912_054806_0e08907e\frame_00000319.png,3840,2088,F:\CODE\JianChanChan\scripts\..\docs\qa_runs\a1\bulk\img_0567.jpg
12,568,20260912_054806_0e08907e_frame_00000320,20260912_054806_0e08907e,png,F:\CODE\JianChanChan\src\ChanSight.Cli\bin\Debug\net8.0-windows10.0.22621.0\datasets\recordings\20260912_054806_0e08907e\frame_00000320.png,3840,2088,F:\CODE\JianChanChan\scripts\..\docs\qa_runs\a1\bulk\img_0568.jpg
12,569,20260912_054806_0e08907e_frame_00000321,20260912_054806_0e08907e,png,F:\CODE\JianChanChan\src\ChanSight.Cli\bin\Debug\net8.0-windows10.0.22621.0\datasets\recordings\20260912_054806_0e08907e\frame_00000321.png,3840,2088,F:\CODE\JianChanChan\scripts\..\docs\qa_runs\a1\bulk\img_0569.jpg
12,570,20260912_054806_0e08907e_frame_00000322,20260912_054806_0e08907e,png,F:\CODE\JianChanChan\src\ChanSight.Cli\bin\Debug\net8.0-windows10.0.22621.0\datasets\recordings\20260912_054806_0e08907e\frame_00000322.png,3840,2088,F:\CODE\JianChanChan\scripts\..\docs\qa_runs\a1\bulk\img_0570.jpg
12,571,20260912_054806_0e08907e_frame_00000323,20260912_054806_0e08907e,png,F:\CODE\JianChanChan\src\ChanSight.Cli\bin\Debug\net8.0-windows10.0.22621.0\datasets\recordings\20260912_054806_0e08907e\frame_00000323.png,3840,2088,F:\CODE\JianChanChan\scripts\..\docs\qa_runs\a1\bulk\img_0571.jpg
12,572,20260912_054806_0e08907e_frame_00000324,20260912_054806_0e08907e,png,F:\CODE\JianChanChan\src\ChanSight.Cli\bin\Debug\net8.0-windows10.0.22621.0\datasets\recordings\20260912_054806_0e08907e\frame_00000324.png,3840,2088,F:\CODE\JianChanChan\scripts\..\docs\qa_runs\a1\bulk\img_0572.jpg
12,573,20260912_054806_0e08907e_frame_00000325,20260912_054806_0e08907e,png,F:\CODE\JianChanChan\src\ChanSight.Cli\bin\Debug\net8.0-windows10.0.22621.0\datasets\recordings\20260912_054806_0e08907e\frame_00000325.png,3840,2088,F:\CODE\JianChanChan\scripts\..\docs\qa_runs\a1\bulk\img_0573.jpg
12,574,20260912_054806_0e08907e_frame_00000326,20260912_054806_0e08907e,png,F:\CODE\JianChanChan\src\ChanSight.Cli\bin\Debug\net8.0-windows10.0.22621.0\datasets\recordings\20260912_054806_0e08907e\frame_00000326.png,3840,2088,F:\CODE\JianChanChan\scripts\..\docs\qa_runs\a1\bulk\img_0574.jpg
12,575,20260912_054806_0e08907e_frame_00000327,20260912_054806_0e08907e,png,F:\CODE\JianChanChan\src\ChanSight.Cli\bin\Debug\net8.0-windows10.0.22621.0\datasets\recordings\20260912_054806_0e08907e\frame_00000327.png,3840,2088,F:\CODE\JianChanChan\scripts\..\docs\qa_runs\a1\bulk\img_0575.jpg
12,576,20260912_054806_0e08907e_frame_00000328,20260912_054806_0e08907e,png,F:\CODE\JianChanChan\src\ChanSight.Cli\bin\Debug\net8.0-windows10.0.22621.0\datasets\recordings\20260912_054806_0e08907e\frame_00000328.png,3840,2088,F:\CODE\JianChanChan\scripts\..\docs\qa_runs\a1\bulk\img_0576.jpg
12,577,20260912_054806_0e08907e_frame_00000329,20260912_054806_0e08907e,png,F:\CODE\JianChanChan\src\ChanSight.Cli\bin\Debug\net8.0-windows10.0.22621.0\datasets\recordings\20260912_054806_0e08907e\frame_00000329.png,3840,2088,F:\CODE\JianChanChan\scripts\..\docs\qa_runs\a1\bulk\img_0577.jpg
12,578,20260912_054806_0e08907e_frame_00000330,20260912_054806_0e08907e,png,F:\CODE\JianChanChan\src\ChanSight.Cli\bin\Debug\net8.0-windows10.0.22621.0\datasets\recordings\20260912_054806_0e08907e\frame_00000330.png,3840,2088,F:\CODE\JianChanChan\scripts\..\docs\qa_runs\a1\bulk\img_0578.jpg
12,579,20260912_054806_0e08907e_frame_00000331,20260912_054806_0e08907e,png,F:\CODE\JianChanChan\src\ChanSight.Cli\bin\Debug\net8.0-windows10.0.22621.0\datasets\recordings\20260912_054806_0e08907e\frame_00000331.png,3840,2088,F:\CODE\JianChanChan\scripts\..\docs\qa_runs\a1\bulk\img_0579.jpg
12,580,20260912_054806_0e08907e_frame_00000332,20260912_054806_0e08907e,png,F:\CODE\JianChanChan\src\ChanSight.Cli\bin\Debug\net8.0-windows10.0.22621.0\datasets\recordings\20260912_054806_0e08907e\frame_00000332.png,3840,2088,F:\CODE\JianChanChan\scripts\..\docs\qa_runs\a1\bulk\img_0580.jpg
12,581,20260912_054806_0e08907e_frame_00000333,20260912_054806_0e08907e,png,F:\CODE\JianChanChan\src\ChanSight.Cli\bin\Debug\net8.0-windows10.0.22621.0\datasets\recordings\20260912_054806_0e08907e\frame_00000333.png,3840,2088,F:\CODE\JianChanChan\scripts\..\docs\qa_runs\a1\bulk\img_0581.jpg
12,582,20260912_054806_0e08907e_frame_00000334,20260912_054806_0e08907e,png,F:\CODE\JianChanChan\src\ChanSight.Cli\bin\Debug\net8.0-windows10.0.22621.0\datasets\recordings\20260912_054806_0e08907e\frame_00000334.png,3840,2088,F:\CODE\JianChanChan\scripts\..\docs\qa_runs\a1\bulk\img_0582.jpg
12,583,20260912_054806_0e08907e_frame_00000335,20260912_054806_0e08907e,png,F:\CODE\JianChanChan\src\ChanSight.Cli\bin\Debug\net8.0-windows10.0.22621.0\datasets\recordings\20260912_054806_0e08907e\frame_00000335.png,3840,2088,F:\CODE\JianChanChan\scripts\..\docs\qa_runs\a1\bulk\img_0583.jpg
12,584,20260912_054806_0e08907e_frame_00000336,20260912_054806_0e08907e,png,F:\CODE\JianChanChan\src\ChanSight.Cli\bin\Debug\net8.0-windows10.0.22621.0\datasets\recordings\20260912_054806_0e08907e\frame_00000336.png,3840,2088,F:\CODE\JianChanChan\scripts\..\docs\qa_runs\a1\bulk\img_0584.jpg
12,585,20260912_054806_0e08907e_frame_00000337,20260912_054806_0e08907e,png,F:\CODE\JianChanChan\src\ChanSight.Cli\bin\Debug\net8.0-windows10.0.22621.0\datasets\recordings\20260912_054806_0e08907e\frame_00000337.png,3840,2088,F:\CODE\JianChanChan\scripts\..\docs\qa_runs\a1\bulk\img_0585.jpg
12,586,20260912_054806_0e08907e_frame_00000338,20260912_054806_0e08907e,png,F:\CODE\JianChanChan\src\ChanSight.Cli\bin\Debug\net8.0-windows10.0.22621.0\datasets\recordings\20260912_054806_0e08907e\frame_00000338.png,3840,2088,F:\CODE\JianChanChan\scripts\..\docs\qa_runs\a1\bulk\img_0586.jpg
12,587,20260912_054806_0e08907e_frame_00000339,20260912_054806_0e08907e,png,F:\CODE\JianChanChan\src\ChanSight.Cli\bin\Debug\net8.0-windows10.0.22621.0\datasets\recordings\20260912_054806_0e08907e\frame_00000339.png,3840,2088,F:\CODE\JianChanChan\scripts\..\docs\qa_runs\a1\bulk\img_0587.jpg
12,588,20260912_054806_0e08907e_frame_00000340,20260912_054806_0e08907e,png,F:\CODE\JianChanChan\src\ChanSight.Cli\bin\Debug\net8.0-windows10.0.22621.0\datasets\recordings\20260912_054806_0e08907e\frame_00000340.png,3840,2088,F:\CODE\JianChanChan\scripts\..\docs\qa_runs\a1\bulk\img_0588.jpg
12,589,20260912_054806_0e08907e_frame_00000341,20260912_054806_0e08907e,png,F:\CODE\JianChanChan\src\ChanSight.Cli\bin\Debug\net8.0-windows10.0.22621.0\datasets\recordings\20260912_054806_0e08907e\frame_00000341.png,3840,2088,F:\CODE\JianChanChan\scripts\..\docs\qa_runs\a1\bulk\img_0589.jpg
12,590,20260912_054806_0e08907e_frame_00000342,20260912_054806_0e08907e,png,F:\CODE\JianChanChan\src\ChanSight.Cli\bin\Debug\net8.0-windows10.0.22621.0\datasets\recordings\20260912_054806_0e08907e\frame_00000342.png,3840,2088,F:\CODE\JianChanChan\scripts\..\docs\qa_runs\a1\bulk\img_0590.jpg
12,591,20260912_054806_0e08907e_frame_00000343,20260912_054806_0e08907e,png,F:\CODE\JianChanChan\src\ChanSight.Cli\bin\Debug\net8.0-windows10.0.22621.0\datasets\recordings\20260912_054806_0e08907e\frame_00000343.png,3840,2088,F:\CODE\JianChanChan\scripts\..\docs\qa_runs\a1\bulk\img_0591.jpg
12,592,20260912_054806_0e08907e_frame_00000344,20260912_054806_0e08907e,png,F:\CODE\JianChanChan\src\ChanSight.Cli\bin\Debug\net8.0-windows10.0.22621.0\datasets\recordings\20260912_054806_0e08907e\frame_00000344.png,3840,2088,F:\CODE\JianChanChan\scripts\..\docs\qa_runs\a1\bulk\img_0592.jpg
12,593,20260912_054806_0e08907e_frame_00000345,20260912_054806_0e08907e,png,F:\CODE\JianChanChan\src\ChanSight.Cli\bin\Debug\net8.0-windows10.0.22621.0\datasets\recordings\20260912_054806_0e08907e\frame_00000345.png,3840,2088,F:\CODE\JianChanChan\scripts\..\docs\qa_runs\a1\bulk\img_0593.jpg
12,594,20260912_054806_0e08907e_frame_00000346,20260912_054806_0e08907e,png,F:\CODE\JianChanChan\src\ChanSight.Cli\bin\Debug\net8.0-windows10.0.22621.0\datasets\recordings\20260912_054806_0e08907e\frame_00000346.png,3840,2088,F:\CODE\JianChanChan\scripts\..\docs\qa_runs\a1\bulk\img_0594.jpg
12,595,20260912_054806_0e08907e_frame_00000347,20260912_054806_0e08907e,png,F:\CODE\JianChanChan\src\ChanSight.Cli\bin\Debug\net8.0-windows10.0.22621.0\datasets\recordings\20260912_054806_0e08907e\frame_00000347.png,3840,2088,F:\CODE\JianChanChan\scripts\..\docs\qa_runs\a1\bulk\img_0595.jpg
12,596,20260912_054806_0e08907e_frame_00000348,20260912_054806_0e08907e,png,F:\CODE\JianChanChan\src\ChanSight.Cli\bin\Debug\net8.0-windows10.0.22621.0\datasets\recordings\20260912_054806_0e08907e\frame_00000348.png,3840,2088,F:\CODE\JianChanChan\scripts\..\docs\qa_runs\a1\bulk\img_0596.jpg
12,597,20260912_054806_0e08907e_frame_00000349,20260912_054806_0e08907e,png,F:\CODE\JianChanChan\src\ChanSight.Cli\bin\Debug\net8.0-windows10.0.22621.0\datasets\recordings\20260912_054806_0e08907e\frame_00000349.png,3840,2088,F:\CODE\JianChanChan\scripts\..\docs\qa_runs\a1\bulk\img_0597.jpg
12,598,20260912_054806_0e08907e_frame_00000350,20260912_054806_0e08907e,png,F:\CODE\JianChanChan\src\ChanSight.Cli\bin\Debug\net8.0-windows10.0.22621.0\datasets\recordings\20260912_054806_0e08907e\frame_00000350.png,3840,2088,F:\CODE\JianChanChan\scripts\..\docs\qa_runs\a1\bulk\img_0598.jpg
12,599,20260912_054806_0e08907e_frame_00000351,20260912_054806_0e08907e,png,F:\CODE\JianChanChan\src\ChanSight.Cli\bin\Debug\net8.0-windows10.0.22621.0\datasets\recordings\20260912_054806_0e08907e\frame_00000351.png,3840,2088,F:\CODE\JianChanChan\scripts\..\docs\qa_runs\a1\bulk\img_0599.jpg
12,600,20260912_054806_0e08907e_frame_00000352,20260912_054806_0e08907e,png,F:\CODE\JianChanChan\src\ChanSight.Cli\bin\Debug\net8.0-windows10.0.22621.0\datasets\recordings\20260912_054806_0e08907e\frame_00000352.png,3840,2088,F:\CODE\JianChanChan\scripts\..\docs\qa_runs\a1\bulk\img_0600.jpg
12,601,20260912_054806_0e08907e_frame_00000353,20260912_054806_0e08907e,png,F:\CODE\JianChanChan\src\ChanSight.Cli\bin\Debug\net8.0-windows10.0.22621.0\datasets\recordings\20260912_054806_0e08907e\frame_00000353.png,3840,2088,F:\CODE\JianChanChan\scripts\..\docs\qa_runs\a1\bulk\img_0601.jpg
12,602,20260912_054806_0e08907e_frame_00000354,20260912_054806_0e08907e,png,F:\CODE\JianChanChan\src\ChanSight.Cli\bin\Debug\net8.0-windows10.0.22621.0\datasets\recordings\20260912_054806_0e08907e\frame_00000354.png,3840,2088,F:\CODE\JianChanChan\scripts\..\docs\qa_runs\a1\bulk\img_0602.jpg
12,603,20260912_054806_0e08907e_frame_00000355,20260912_054806_0e08907e,png,F:\CODE\JianChanChan\src\ChanSight.Cli\bin\Debug\net8.0-windows10.0.22621.0\datasets\recordings\20260912_054806_0e08907e\frame_00000355.png,3840,2088,F:\CODE\JianChanChan\scripts\..\docs\qa_runs\a1\bulk\img_0603.jpg
12,604,20260912_054806_0e08907e_frame_00000356,20260912_054806_0e08907e,png,F:\CODE\JianChanChan\src\ChanSight.Cli\bin\Debug\net8.0-windows10.0.22621.0\datasets\recordings\20260912_054806_0e08907e\frame_00000356.png,3840,2088,F:\CODE\JianChanChan\scripts\..\docs\qa_runs\a1\bulk\img_0604.jpg
12,605,20260912_054806_0e08907e_frame_00000357,20260912_054806_0e08907e,png,F:\CODE\JianChanChan\src\ChanSight.Cli\bin\Debug\net8.0-windows10.0.22621.0\datasets\recordings\20260912_054806_0e08907e\frame_00000357.png,3840,2088,F:\CODE\JianChanChan\scripts\..\docs\qa_runs\a1\bulk\img_0605.jpg
12,606,20260912_054806_0e08907e_frame_00000358,20260912_054806_0e08907e,png,F:\CODE\JianChanChan\src\ChanSight.Cli\bin\Debug\net8.0-windows10.0.22621.0\datasets\recordings\20260912_054806_0e08907e\frame_00000358.png,3840,2088,F:\CODE\JianChanChan\scripts\..\docs\qa_runs\a1\bulk\img_0606.jpg
12,607,20260912_054806_0e08907e_frame_00000359,20260912_054806_0e08907e,png,F:\CODE\JianChanChan\src\ChanSight.Cli\bin\Debug\net8.0-windows10.0.22621.0\datasets\recordings\20260912_054806_0e08907e\frame_00000359.png,3840,2088,F:\CODE\JianChanChan\scripts\..\docs\qa_runs\a1\bulk\img_0607.jpg
12,608,20260912_054806_0e08907e_frame_00000360,20260912_054806_0e08907e,png,F:\CODE\JianChanChan\src\ChanSight.Cli\bin\Debug\net8.0-windows10.0.22621.0\datasets\recordings\20260912_054806_0e08907e\frame_00000360.png,3840,2088,F:\CODE\JianChanChan\scripts\..\docs\qa_runs\a1\bulk\img_0608.jpg
12,609,20260912_054806_0e08907e_frame_00000361,20260912_054806_0e08907e,png,F:\CODE\JianChanChan\src\ChanSight.Cli\bin\Debug\net8.0-windows10.0.22621.0\datasets\recordings\20260912_054806_0e08907e\frame_00000361.png,3840,2088,F:\CODE\JianChanChan\scripts\..\docs\qa_runs\a1\bulk\img_0609.jpg
12,610,20260912_054806_0e08907e_frame_00000362,20260912_054806_0e08907e,png,F:\CODE\JianChanChan\src\ChanSight.Cli\bin\Debug\net8.0-windows10.0.22621.0\datasets\recordings\20260912_054806_0e08907e\frame_00000362.png,3840,2088,F:\CODE\JianChanChan\scripts\..\docs\qa_runs\a1\bulk\img_0610.jpg
12,611,20260912_054806_0e08907e_frame_00000363,20260912_054806_0e08907e,png,F:\CODE\JianChanChan\src\ChanSight.Cli\bin\Debug\net8.0-windows10.0.22621.0\datasets\recordings\20260912_054806_0e08907e\frame_00000363.png,3840,2088,F:\CODE\JianChanChan\scripts\..\docs\qa_runs\a1\bulk\img_0611.jpg
12,612,20260912_054806_0e08907e_frame_00000364,20260912_054806_0e08907e,png,F:\CODE\JianChanChan\src\ChanSight.Cli\bin\Debug\net8.0-windows10.0.22621.0\datasets\recordings\20260912_054806_0e08907e\frame_00000364.png,3840,2088,F:\CODE\JianChanChan\scripts\..\docs\qa_runs\a1\bulk\img_0612.jpg
13,613,20260912_054806_0e08907e_frame_00000365,20260912_054806_0e08907e,png,F:\CODE\JianChanChan\src\ChanSight.Cli\bin\Debug\net8.0-windows10.0.22621.0\datasets\recordings\20260912_054806_0e08907e\frame_00000365.png,3840,2088,F:\CODE\JianChanChan\scripts\..\docs\qa_runs\a1\bulk\img_0613.jpg
13,614,20260912_054806_0e08907e_frame_00000366,20260912_054806_0e08907e,png,F:\CODE\JianChanChan\src\ChanSight.Cli\bin\Debug\net8.0-windows10.0.22621.0\datasets\recordings\20260912_054806_0e08907e\frame_00000366.png,3840,2088,F:\CODE\JianChanChan\scripts\..\docs\qa_runs\a1\bulk\img_0614.jpg
13,615,20260912_054806_0e08907e_frame_00000367,20260912_054806_0e08907e,png,F:\CODE\JianChanChan\src\ChanSight.Cli\bin\Debug\net8.0-windows10.0.22621.0\datasets\recordings\20260912_054806_0e08907e\frame_00000367.png,3840,2088,F:\CODE\JianChanChan\scripts\..\docs\qa_runs\a1\bulk\img_0615.jpg
13,616,20260912_054806_0e08907e_frame_00000368,20260912_054806_0e08907e,png,F:\CODE\JianChanChan\src\ChanSight.Cli\bin\Debug\net8.0-windows10.0.22621.0\datasets\recordings\20260912_054806_0e08907e\frame_00000368.png,3840,2088,F:\CODE\JianChanChan\scripts\..\docs\qa_runs\a1\bulk\img_0616.jpg
13,617,20260912_054806_0e08907e_frame_00000369,20260912_054806_0e08907e,png,F:\CODE\JianChanChan\src\ChanSight.Cli\bin\Debug\net8.0-windows10.0.22621.0\datasets\recordings\20260912_054806_0e08907e\frame_00000369.png,3840,2088,F:\CODE\JianChanChan\scripts\..\docs\qa_runs\a1\bulk\img_0617.jpg
13,618,20260912_054806_0e08907e_frame_00000370,20260912_054806_0e08907e,png,F:\CODE\JianChanChan\src\ChanSight.Cli\bin\Debug\net8.0-windows10.0.22621.0\datasets\recordings\20260912_054806_0e08907e\frame_00000370.png,3840,2088,F:\CODE\JianChanChan\scripts\..\docs\qa_runs\a1\bulk\img_0618.jpg
13,619,20260912_054806_0e08907e_frame_00000371,20260912_054806_0e08907e,png,F:\CODE\JianChanChan\src\ChanSight.Cli\bin\Debug\net8.0-windows10.0.22621.0\datasets\recordings\20260912_054806_0e08907e\frame_00000371.png,3840,2088,F:\CODE\JianChanChan\scripts\..\docs\qa_runs\a1\bulk\img_0619.jpg
13,620,20260912_054806_0e08907e_frame_00000372,20260912_054806_0e08907e,png,F:\CODE\JianChanChan\src\ChanSight.Cli\bin\Debug\net8.0-windows10.0.22621.0\datasets\recordings\20260912_054806_0e08907e\frame_00000372.png,3840,2088,F:\CODE\JianChanChan\scripts\..\docs\qa_runs\a1\bulk\img_0620.jpg
13,621,20260912_054806_0e08907e_frame_00000373,20260912_054806_0e08907e,png,F:\CODE\JianChanChan\src\ChanSight.Cli\bin\Debug\net8.0-windows10.0.22621.0\datasets\recordings\20260912_054806_0e08907e\frame_00000373.png,3840,2088,F:\CODE\JianChanChan\scripts\..\docs\qa_runs\a1\bulk\img_0621.jpg
13,622,20260912_054806_0e08907e_frame_00000374,20260912_054806_0e08907e,png,F:\CODE\JianChanChan\src\ChanSight.Cli\bin\Debug\net8.0-windows10.0.22621.0\datasets\recordings\20260912_054806_0e08907e\frame_00000374.png,3840,2088,F:\CODE\JianChanChan\scripts\..\docs\qa_runs\a1\bulk\img_0622.jpg
13,623,20260912_054806_0e08907e_frame_00000375,20260912_054806_0e08907e,png,F:\CODE\JianChanChan\src\ChanSight.Cli\bin\Debug\net8.0-windows10.0.22621.0\datasets\recordings\20260912_054806_0e08907e\frame_00000375.png,3840,2088,F:\CODE\JianChanChan\scripts\..\docs\qa_runs\a1\bulk\img_0623.jpg
13,624,20260912_054806_0e08907e_frame_00000376,20260912_054806_0e08907e,png,F:\CODE\JianChanChan\src\ChanSight.Cli\bin\Debug\net8.0-windows10.0.22621.0\datasets\recordings\20260912_054806_0e08907e\frame_00000376.png,3840,2088,F:\CODE\JianChanChan\scripts\..\docs\qa_runs\a1\bulk\img_0624.jpg
13,625,20260912_054806_0e08907e_frame_00000377,20260912_054806_0e08907e,png,F:\CODE\JianChanChan\src\ChanSight.Cli\bin\Debug\net8.0-windows10.0.22621.0\datasets\recordings\20260912_054806_0e08907e\frame_00000377.png,3840,2088,F:\CODE\JianChanChan\scripts\..\docs\qa_runs\a1\bulk\img_0625.jpg
13,626,20260912_054806_0e08907e_frame_00000378,20260912_054806_0e08907e,png,F:\CODE\JianChanChan\src\ChanSight.Cli\bin\Debug\net8.0-windows10.0.22621.0\datasets\recordings\20260912_054806_0e08907e\frame_00000378.png,3840,2088,F:\CODE\JianChanChan\scripts\..\docs\qa_runs\a1\bulk\img_0626.jpg
13,627,20260912_054806_0e08907e_frame_00000379,20260912_054806_0e08907e,png,F:\CODE\JianChanChan\src\ChanSight.Cli\bin\Debug\net8.0-windows10.0.22621.0\datasets\recordings\20260912_054806_0e08907e\frame_00000379.png,3840,2088,F:\CODE\JianChanChan\scripts\..\docs\qa_runs\a1\bulk\img_0627.jpg
13,628,20260912_054806_0e08907e_frame_00000380,20260912_054806_0e08907e,png,F:\CODE\JianChanChan\src\ChanSight.Cli\bin\Debug\net8.0-windows10.0.22621.0\datasets\recordings\20260912_054806_0e08907e\frame_00000380.png,3840,2088,F:\CODE\JianChanChan\scripts\..\docs\qa_runs\a1\bulk\img_0628.jpg
13,629,20260912_054806_0e08907e_frame_00000381,20260912_054806_0e08907e,png,F:\CODE\JianChanChan\src\ChanSight.Cli\bin\Debug\net8.0-windows10.0.22621.0\datasets\recordings\20260912_054806_0e08907e\frame_00000381.png,3840,2088,F:\CODE\JianChanChan\scripts\..\docs\qa_runs\a1\bulk\img_0629.jpg
13,630,20260912_054806_0e08907e_frame_00000382,20260912_054806_0e08907e,png,F:\CODE\JianChanChan\src\ChanSight.Cli\bin\Debug\net8.0-windows10.0.22621.0\datasets\recordings\20260912_054806_0e08907e\frame_00000382.png,3840,2088,F:\CODE\JianChanChan\scripts\..\docs\qa_runs\a1\bulk\img_0630.jpg
13,631,20260912_054806_0e08907e_frame_00000383,20260912_054806_0e08907e,png,F:\CODE\JianChanChan\src\ChanSight.Cli\bin\Debug\net8.0-windows10.0.22621.0\datasets\recordings\20260912_054806_0e08907e\frame_00000383.png,3840,2088,F:\CODE\JianChanChan\scripts\..\docs\qa_runs\a1\bulk\img_0631.jpg
13,632,20260912_054806_0e08907e_frame_00000384,20260912_054806_0e08907e,png,F:\CODE\JianChanChan\src\ChanSight.Cli\bin\Debug\net8.0-windows10.0.22621.0\datasets\recordings\20260912_054806_0e08907e\frame_00000384.png,3840,2088,F:\CODE\JianChanChan\scripts\..\docs\qa_runs\a1\bulk\img_0632.jpg
13,633,20260912_054806_0e08907e_frame_00000385,20260912_054806_0e08907e,png,F:\CODE\JianChanChan\src\ChanSight.Cli\bin\Debug\net8.0-windows10.0.22621.0\datasets\recordings\20260912_054806_0e08907e\frame_00000385.png,3840,2088,F:\CODE\JianChanChan\scripts\..\docs\qa_runs\a1\bulk\img_0633.jpg
13,634,20260912_054806_0e08907e_frame_00000386,20260912_054806_0e08907e,png,F:\CODE\JianChanChan\src\ChanSight.Cli\bin\Debug\net8.0-windows10.0.22621.0\datasets\recordings\20260912_054806_0e08907e\frame_00000386.png,3840,2088,F:\CODE\JianChanChan\scripts\..\docs\qa_runs\a1\bulk\img_0634.jpg
13,635,20260912_054806_0e08907e_frame_00000387,20260912_054806_0e08907e,png,F:\CODE\JianChanChan\src\ChanSight.Cli\bin\Debug\net8.0-windows10.0.22621.0\datasets\recordings\20260912_054806_0e08907e\frame_00000387.png,3840,2088,F:\CODE\JianChanChan\scripts\..\docs\qa_runs\a1\bulk\img_0635.jpg
13,636,20260912_054806_0e08907e_frame_00000388,20260912_054806_0e08907e,png,F:\CODE\JianChanChan\src\ChanSight.Cli\bin\Debug\net8.0-windows10.0.22621.0\datasets\recordings\20260912_054806_0e08907e\frame_00000388.png,3840,2088,F:\CODE\JianChanChan\scripts\..\docs\qa_runs\a1\bulk\img_0636.jpg
13,637,20260912_054806_0e08907e_frame_00000389,20260912_054806_0e08907e,png,F:\CODE\JianChanChan\src\ChanSight.Cli\bin\Debug\net8.0-windows10.0.22621.0\datasets\recordings\20260912_054806_0e08907e\frame_00000389.png,3840,2088,F:\CODE\JianChanChan\scripts\..\docs\qa_runs\a1\bulk\img_0637.jpg
13,638,20260912_054806_0e08907e_frame_00000390,20260912_054806_0e08907e,png,F:\CODE\JianChanChan\src\ChanSight.Cli\bin\Debug\net8.0-windows10.0.22621.0\datasets\recordings\20260912_054806_0e08907e\frame_00000390.png,3840,2088,F:\CODE\JianChanChan\scripts\..\docs\qa_runs\a1\bulk\img_0638.jpg
13,639,20260912_054806_0e08907e_frame_00000391,20260912_054806_0e08907e,png,F:\CODE\JianChanChan\src\ChanSight.Cli\bin\Debug\net8.0-windows10.0.22621.0\datasets\recordings\20260912_054806_0e08907e\frame_00000391.png,3840,2088,F:\CODE\JianChanChan\scripts\..\docs\qa_runs\a1\bulk\img_0639.jpg
13,640,20260912_054806_0e08907e_frame_00000392,20260912_054806_0e08907e,png,F:\CODE\JianChanChan\src\ChanSight.Cli\bin\Debug\net8.0-windows10.0.22621.0\datasets\recordings\20260912_054806_0e08907e\frame_00000392.png,3840,2088,F:\CODE\JianChanChan\scripts\..\docs\qa_runs\a1\bulk\img_0640.jpg
13,641,20260912_054806_0e08907e_frame_00000393,20260912_054806_0e08907e,png,F:\CODE\JianChanChan\src\ChanSight.Cli\bin\Debug\net8.0-windows10.0.22621.0\datasets\recordings\20260912_054806_0e08907e\frame_00000393.png,3840,2088,F:\CODE\JianChanChan\scripts\..\docs\qa_runs\a1\bulk\img_0641.jpg
13,642,20260912_054806_0e08907e_frame_00000394,20260912_054806_0e08907e,png,F:\CODE\JianChanChan\src\ChanSight.Cli\bin\Debug\net8.0-windows10.0.22621.0\datasets\recordings\20260912_054806_0e08907e\frame_00000394.png,3840,2088,F:\CODE\JianChanChan\scripts\..\docs\qa_runs\a1\bulk\img_0642.jpg
13,643,20260912_054806_0e08907e_frame_00000395,20260912_054806_0e08907e,png,F:\CODE\JianChanChan\src\ChanSight.Cli\bin\Debug\net8.0-windows10.0.22621.0\datasets\recordings\20260912_054806_0e08907e\frame_00000395.png,3840,2088,F:\CODE\JianChanChan\scripts\..\docs\qa_runs\a1\bulk\img_0643.jpg
13,644,20260912_054806_0e08907e_frame_00000396,20260912_054806_0e08907e,png,F:\CODE\JianChanChan\src\ChanSight.Cli\bin\Debug\net8.0-windows10.0.22621.0\datasets\recordings\20260912_054806_0e08907e\frame_00000396.png,3840,2088,F:\CODE\JianChanChan\scripts\..\docs\qa_runs\a1\bulk\img_0644.jpg
13,645,20260912_054806_0e08907e_frame_00000397,20260912_054806_0e08907e,png,F:\CODE\JianChanChan\src\ChanSight.Cli\bin\Debug\net8.0-windows10.0.22621.0\datasets\recordings\20260912_054806_0e08907e\frame_00000397.png,3840,2088,F:\CODE\JianChanChan\scripts\..\docs\qa_runs\a1\bulk\img_0645.jpg
13,646,20260912_054806_0e08907e_frame_00000398,20260912_054806_0e08907e,png,F:\CODE\JianChanChan\src\ChanSight.Cli\bin\Debug\net8.0-windows10.0.22621.0\datasets\recordings\20260912_054806_0e08907e\frame_00000398.png,3840,2088,F:\CODE\JianChanChan\scripts\..\docs\qa_runs\a1\bulk\img_0646.jpg
13,647,20260912_054806_0e08907e_frame_00000399,20260912_054806_0e08907e,png,F:\CODE\JianChanChan\src\ChanSight.Cli\bin\Debug\net8.0-windows10.0.22621.0\datasets\recordings\20260912_054806_0e08907e\frame_00000399.png,3840,2088,F:\CODE\JianChanChan\scripts\..\docs\qa_runs\a1\bulk\img_0647.jpg
13,648,20260912_054806_0e08907e_frame_00000400,20260912_054806_0e08907e,png,F:\CODE\JianChanChan\src\ChanSight.Cli\bin\Debug\net8.0-windows10.0.22621.0\datasets\recordings\20260912_054806_0e08907e\frame_00000400.png,3840,2088,F:\CODE\JianChanChan\scripts\..\docs\qa_runs\a1\bulk\img_0648.jpg
13,649,20260912_054806_0e08907e_frame_00000401,20260912_054806_0e08907e,png,F:\CODE\JianChanChan\src\ChanSight.Cli\bin\Debug\net8.0-windows10.0.22621.0\datasets\recordings\20260912_054806_0e08907e\frame_00000401.png,3840,2088,F:\CODE\JianChanChan\scripts\..\docs\qa_runs\a1\bulk\img_0649.jpg
13,650,20260912_054806_0e08907e_frame_00000402,20260912_054806_0e08907e,png,F:\CODE\JianChanChan\src\ChanSight.Cli\bin\Debug\net8.0-windows10.0.22621.0\datasets\recordings\20260912_054806_0e08907e\frame_00000402.png,3840,2088,F:\CODE\JianChanChan\scripts\..\docs\qa_runs\a1\bulk\img_0650.jpg
13,651,20260912_054806_0e08907e_frame_00000403,20260912_054806_0e08907e,png,F:\CODE\JianChanChan\src\ChanSight.Cli\bin\Debug\net8.0-windows10.0.22621.0\datasets\recordings\20260912_054806_0e08907e\frame_00000403.png,3840,2088,F:\CODE\JianChanChan\scripts\..\docs\qa_runs\a1\bulk\img_0651.jpg
13,652,20260912_054806_0e08907e_frame_00000404,20260912_054806_0e08907e,png,F:\CODE\JianChanChan\src\ChanSight.Cli\bin\Debug\net8.0-windows10.0.22621.0\datasets\recordings\20260912_054806_0e08907e\frame_00000404.png,3840,2088,F:\CODE\JianChanChan\scripts\..\docs\qa_runs\a1\bulk\img_0652.jpg
13,653,20260912_054806_0e08907e_frame_00000405,20260912_054806_0e08907e,png,F:\CODE\JianChanChan\src\ChanSight.Cli\bin\Debug\net8.0-windows10.0.22621.0\datasets\recordings\20260912_054806_0e08907e\frame_00000405.png,3840,2088,F:\CODE\JianChanChan\scripts\..\docs\qa_runs\a1\bulk\img_0653.jpg
13,654,20260912_054806_0e08907e_frame_00000406,20260912_054806_0e08907e,png,F:\CODE\JianChanChan\src\ChanSight.Cli\bin\Debug\net8.0-windows10.0.22621.0\datasets\recordings\20260912_054806_0e08907e\frame_00000406.png,3840,2088,F:\CODE\JianChanChan\scripts\..\docs\qa_runs\a1\bulk\img_0654.jpg
13,655,20260912_054806_0e08907e_frame_00000407,20260912_054806_0e08907e,png,F:\CODE\JianChanChan\src\ChanSight.Cli\bin\Debug\net8.0-windows10.0.22621.0\datasets\recordings\20260912_054806_0e08907e\frame_00000407.png,3840,2088,F:\CODE\JianChanChan\scripts\..\docs\qa_runs\a1\bulk\img_0655.jpg
13,656,20260912_054806_0e08907e_frame_00000408,20260912_054806_0e08907e,png,F:\CODE\JianChanChan\src\ChanSight.Cli\bin\Debug\net8.0-windows10.0.22621.0\datasets\recordings\20260912_054806_0e08907e\frame_00000408.png,3840,2088,F:\CODE\JianChanChan\scripts\..\docs\qa_runs\a1\bulk\img_0656.jpg
13,657,20260912_054806_0e08907e_frame_00000409,20260912_054806_0e08907e,png,F:\CODE\JianChanChan\src\ChanSight.Cli\bin\Debug\net8.0-windows10.0.22621.0\datasets\recordings\20260912_054806_0e08907e\frame_00000409.png,3840,2088,F:\CODE\JianChanChan\scripts\..\docs\qa_runs\a1\bulk\img_0657.jpg
13,658,20260912_054806_0e08907e_frame_00000410,20260912_054806_0e08907e,png,F:\CODE\JianChanChan\src\ChanSight.Cli\bin\Debug\net8.0-windows10.0.22621.0\datasets\recordings\20260912_054806_0e08907e\frame_00000410.png,3840,2088,F:\CODE\JianChanChan\scripts\..\docs\qa_runs\a1\bulk\img_0658.jpg
13,659,20260912_054806_0e08907e_frame_00000411,20260912_054806_0e08907e,png,F:\CODE\JianChanChan\src\ChanSight.Cli\bin\Debug\net8.0-windows10.0.22621.0\datasets\recordings\20260912_054806_0e08907e\frame_00000411.png,3840,2088,F:\CODE\JianChanChan\scripts\..\docs\qa_runs\a1\bulk\img_0659.jpg
13,660,20260912_054806_0e08907e_frame_00000412,20260912_054806_0e08907e,png,F:\CODE\JianChanChan\src\ChanSight.Cli\bin\Debug\net8.0-windows10.0.22621.0\datasets\recordings\20260912_054806_0e08907e\frame_00000412.png,3840,2088,F:\CODE\JianChanChan\scripts\..\docs\qa_runs\a1\bulk\img_0660.jpg
13,661,20260912_054806_0e08907e_frame_00000413,20260912_054806_0e08907e,png,F:\CODE\JianChanChan\src\ChanSight.Cli\bin\Debug\net8.0-windows10.0.22621.0\datasets\recordings\20260912_054806_0e08907e\frame_00000413.png,3840,2088,F:\CODE\JianChanChan\scripts\..\docs\qa_runs\a1\bulk\img_0661.jpg
13,662,20260912_054806_0e08907e_frame_00000414,20260912_054806_0e08907e,png,F:\CODE\JianChanChan\src\ChanSight.Cli\bin\Debug\net8.0-windows10.0.22621.0\datasets\recordings\20260912_054806_0e08907e\frame_00000414.png,3840,2088,F:\CODE\JianChanChan\scripts\..\docs\qa_runs\a1\bulk\img_0662.jpg
13,663,20260912_054806_0e08907e_frame_00000415,20260912_054806_0e08907e,png,F:\CODE\JianChanChan\src\ChanSight.Cli\bin\Debug\net8.0-windows10.0.22621.0\datasets\recordings\20260912_054806_0e08907e\frame_00000415.png,3840,2088,F:\CODE\JianChanChan\scripts\..\docs\qa_runs\a1\bulk\img_0663.jpg
14,664,20260912_054806_0e08907e_frame_00000416,20260912_054806_0e08907e,png,F:\CODE\JianChanChan\src\ChanSight.Cli\bin\Debug\net8.0-windows10.0.22621.0\datasets\recordings\20260912_054806_0e08907e\frame_00000416.png,3840,2088,F:\CODE\JianChanChan\scripts\..\docs\qa_runs\a1\bulk\img_0664.jpg
14,665,20260912_054806_0e08907e_frame_00000417,20260912_054806_0e08907e,png,F:\CODE\JianChanChan\src\ChanSight.Cli\bin\Debug\net8.0-windows10.0.22621.0\datasets\recordings\20260912_054806_0e08907e\frame_00000417.png,3840,2088,F:\CODE\JianChanChan\scripts\..\docs\qa_runs\a1\bulk\img_0665.jpg
14,666,20260912_054806_0e08907e_frame_00000418,20260912_054806_0e08907e,png,F:\CODE\JianChanChan\src\ChanSight.Cli\bin\Debug\net8.0-windows10.0.22621.0\datasets\recordings\20260912_054806_0e08907e\frame_00000418.png,3840,2088,F:\CODE\JianChanChan\scripts\..\docs\qa_runs\a1\bulk\img_0666.jpg
14,667,20260912_054806_0e08907e_frame_00000419,20260912_054806_0e08907e,png,F:\CODE\JianChanChan\src\ChanSight.Cli\bin\Debug\net8.0-windows10.0.22621.0\datasets\recordings\20260912_054806_0e08907e\frame_00000419.png,3840,2088,F:\CODE\JianChanChan\scripts\..\docs\qa_runs\a1\bulk\img_0667.jpg
14,668,20260912_054806_0e08907e_frame_00000420,20260912_054806_0e08907e,png,F:\CODE\JianChanChan\src\ChanSight.Cli\bin\Debug\net8.0-windows10.0.22621.0\datasets\recordings\20260912_054806_0e08907e\frame_00000420.png,3840,2088,F:\CODE\JianChanChan\scripts\..\docs\qa_runs\a1\bulk\img_0668.jpg
14,669,20260912_054806_0e08907e_frame_00000421,20260912_054806_0e08907e,png,F:\CODE\JianChanChan\src\ChanSight.Cli\bin\Debug\net8.0-windows10.0.22621.0\datasets\recordings\20260912_054806_0e08907e\frame_00000421.png,3840,2088,F:\CODE\JianChanChan\scripts\..\docs\qa_runs\a1\bulk\img_0669.jpg
14,670,20260912_054806_0e08907e_frame_00000422,20260912_054806_0e08907e,png,F:\CODE\JianChanChan\src\ChanSight.Cli\bin\Debug\net8.0-windows10.0.22621.0\datasets\recordings\20260912_054806_0e08907e\frame_00000422.png,3840,2088,F:\CODE\JianChanChan\scripts\..\docs\qa_runs\a1\bulk\img_0670.jpg
14,671,20260912_054806_0e08907e_frame_00000423,20260912_054806_0e08907e,png,F:\CODE\JianChanChan\src\ChanSight.Cli\bin\Debug\net8.0-windows10.0.22621.0\datasets\recordings\20260912_054806_0e08907e\frame_00000423.png,3840,2088,F:\CODE\JianChanChan\scripts\..\docs\qa_runs\a1\bulk\img_0671.jpg
14,672,20260912_054806_0e08907e_frame_00000424,20260912_054806_0e08907e,png,F:\CODE\JianChanChan\src\ChanSight.Cli\bin\Debug\net8.0-windows10.0.22621.0\datasets\recordings\20260912_054806_0e08907e\frame_00000424.png,3840,2088,F:\CODE\JianChanChan\scripts\..\docs\qa_runs\a1\bulk\img_0672.jpg
14,673,20260912_054806_0e08907e_frame_00000425,20260912_054806_0e08907e,png,F:\CODE\JianChanChan\src\ChanSight.Cli\bin\Debug\net8.0-windows10.0.22621.0\datasets\recordings\20260912_054806_0e08907e\frame_00000425.png,3840,2088,F:\CODE\JianChanChan\scripts\..\docs\qa_runs\a1\bulk\img_0673.jpg
14,674,20260912_054806_0e08907e_frame_00000426,20260912_054806_0e08907e,png,F:\CODE\JianChanChan\src\ChanSight.Cli\bin\Debug\net8.0-windows10.0.22621.0\datasets\recordings\20260912_054806_0e08907e\frame_00000426.png,3840,2088,F:\CODE\JianChanChan\scripts\..\docs\qa_runs\a1\bulk\img_0674.jpg
