batch,idx,key,session,ext,src_path,width,height,qa_path
1,1,20260912_090902_977b2686_auto_00000001_20260912090902470,20260912_090902_977b2686,jpg,F:\CODE\JianChanChan\src\ChanSight.Cli\bin\Debug\net8.0-windows10.0.22621.0\datasets\recordings\20260912_090902_977b2686\auto_00000001_20260912090902470.jpg,3840,2088,F:\CODE\JianChanChan\scripts\..\docs\qa_runs\a1b\bulk\img_0001.jpg
1,2,20260912_090902_977b2686_auto_00000101_20260912090904484,20260912_090902_977b2686,jpg,F:\CODE\JianChanChan\src\ChanSight.Cli\bin\Debug\net8.0-windows10.0.22621.0\datasets\recordings\20260912_090902_977b2686\auto_00000101_20260912090904484.jpg,3840,2088,F:\CODE\JianChanChan\scripts\..\docs\qa_runs\a1b\bulk\img_0002.jpg
1,3,20260912_090902_977b2686_auto_00000199_20260912090906485,20260912_090902_977b2686,jpg,F:\CODE\JianChanChan\src\ChanSight.Cli\bin\Debug\net8.0-windows10.0.22621.0\datasets\recordings\20260912_090902_977b2686\auto_00000199_20260912090906485.jpg,3840,2088,F:\CODE\JianChanChan\scripts\..\docs\qa_runs\a1b\bulk\img_0003.jpg
1,4,20260912_090902_977b2686_auto_00000296_20260912090908512,20260912_090902_977b2686,jpg,F:\CODE\JianChanChan\src\ChanSight.Cli\bin\Debug\net8.0-windows10.0.22621.0\datasets\recordings\20260912_090902_977b2686\auto_00000296_20260912090908512.jpg,3840,2088,F:\CODE\JianChanChan\scripts\..\docs\qa_runs\a1b\bulk\img_0004.jpg
1,5,20260912_090902_977b2686_auto_00000394_20260912090910534,20260912_090902_977b2686,jpg,F:\CODE\JianChanChan\src\ChanSight.Cli\bin\Debug\net8.0-windows10.0.22621.0\datasets\recordings\20260912_090902_977b2686\auto_00000394_20260912090910534.jpg,3840,2088,F:\CODE\JianChanChan\scripts\..\docs\qa_runs\a1b\bulk\img_0005.jpg
1,6,20260912_090902_977b2686_auto_00000500_20260912090912595,20260912_090902_977b2686,jpg,F:\CODE\JianChanChan\src\ChanSight.Cli\bin\Debug\net8.0-windows10.0.22621.0\datasets\recordings\20260912_090902_977b2686\auto_00000500_20260912090912595.jpg,3840,2088,F:\CODE\JianChanChan\scripts\..\docs\qa_runs\a1b\bulk\img_0006.jpg
1,7,20260912_090902_977b2686_auto_00000598_20260912090914597,20260912_090902_977b2686,jpg,F:\CODE\JianChanChan\src\ChanSight.Cli\bin\Debug\net8.0-windows10.0.22621.0\datasets\recordings\20260912_090902_977b2686\auto_00000598_20260912090914597.jpg,3840,2088,F:\CODE\JianChanChan\scripts\..\docs\qa_runs\a1b\bulk\img_0007.jpg
1,8,20260912_090902_977b2686_auto_00000681_20260912090916707,20260912_090902_977b2686,jpg,F:\CODE\JianChanChan\src\ChanSight.Cli\bin\Debug\net8.0-windows10.0.22621.0\datasets\recordings\20260912_090902_977b2686\auto_00000681_20260912090916707.jpg,3840,2088,F:\CODE\JianChanChan\scripts\..\docs\qa_runs\a1b\bulk\img_0008.jpg
1,9,20260912_090902_977b2686_auto_00000760_20260912090918763,20260912_090902_977b2686,jpg,F:\CODE\JianChanChan\src\ChanSight.Cli\bin\Debug\net8.0-windows10.0.22621.0\datasets\recordings\20260912_090902_977b2686\auto_00000760_20260912090918763.jpg,3840,2088,F:\CODE\JianChanChan\scripts\..\docs\qa_runs\a1b\bulk\img_0009.jpg
1,10,20260912_090902_977b2686_auto_00000859_20260912090920776,20260912_090902_977b2686,jpg,F:\CODE\JianChanChan\src\ChanSight.Cli\bin\Debug\net8.0-windows10.0.22621.0\datasets\recordings\20260912_090902_977b2686\auto_00000859_20260912090920776.jpg,3840,2088,F:\CODE\JianChanChan\scripts\..\docs\qa_runs\a1b\bulk\img_0010.jpg
1,11,20260912_090902_977b2686_auto_00000952_20260912090922937,20260912_090902_977b2686,jpg,F:\CODE\JianChanChan\src\ChanSight.Cli\bin\Debug\net8.0-windows10.0.22621.0\datasets\recordings\20260912_090902_977b2686\auto_00000952_20260912090922937.jpg,3840,2088,F:\CODE\JianChanChan\scripts\..\docs\qa_runs\a1b\bulk\img_0011.jpg
1,12,20260912_090902_977b2686_auto_00000962_20260912090926019,20260912_090902_977b2686,jpg,F:\CODE\JianChanChan\src\ChanSight.Cli\bin\Debug\net8.0-windows10.0.22621.0\datasets\recordings\20260912_090902_977b2686\auto_00000962_20260912090926019.jpg,3840,2088,F:\CODE\JianChanChan\scripts\..\docs\qa_runs\a1b\bulk\img_0012.jpg
1,13,20260912_090902_977b2686_auto_00000990_20260912090928065,20260912_090902_977b2686,jpg,F:\CODE\JianChanChan\src\ChanSight.Cli\bin\Debug\net8.0-windows10.0.22621.0\datasets\recordings\20260912_090902_977b2686\auto_00000990_20260912090928065.jpg,3840,2088,F:\CODE\JianChanChan\scripts\..\docs\qa_runs\a1b\bulk\img_0013.jpg
1,14,20260912_090902_977b2686_auto_00001041_20260912090930392,20260912_090902_977b2686,jpg,F:\CODE\JianChanChan\src\ChanSight.Cli\bin\Debug\net8.0-windows10.0.22621.0\datasets\recordings\20260912_090902_977b2686\auto_00001041_20260912090930392.jpg,3840,2088,F:\CODE\JianChanChan\scripts\..\docs\qa_runs\a1b\bulk\img_0014.jpg
1,15,20260912_090902_977b2686_auto_00001081_20260912090934599,20260912_090902_977b2686,jpg,F:\CODE\JianChanChan\src\ChanSight.Cli\bin\Debug\net8.0-windows10.0.22621.0\datasets\recordings\20260912_090902_977b2686\auto_00001081_20260912090934599.jpg,3840,2088,F:\CODE\JianChanChan\scripts\..\docs\qa_runs\a1b\bulk\img_0015.jpg
1,16,20260912_090902_977b2686_auto_00001131_20260912090936632,20260912_090902_977b2686,jpg,F:\CODE\JianChanChan\src\ChanSight.Cli\bin\Debug\net8.0-windows10.0.22621.0\datasets\recordings\20260912_090902_977b2686\auto_00001131_20260912090936632.jpg,3840,2088,F:\CODE\JianChanChan\scripts\..\docs\qa_runs\a1b\bulk\img_0016.jpg
1,17,20260912_090902_977b2686_auto_00001157_20260912090938649,20260912_090902_977b2686,jpg,F:\CODE\JianChanChan\src\ChanSight.Cli\bin\Debug\net8.0-windows10.0.22621.0\datasets\recordings\20260912_090902_977b2686\auto_00001157_20260912090938649.jpg,3840,2088,F:\CODE\JianChanChan\scripts\..\docs\qa_runs\a1b\bulk\img_0017.jpg
1,18,20260912_090902_977b2686_auto_00001200_20260912090940734,20260912_090902_977b2686,jpg,F:\CODE\JianChanChan\src\ChanSight.Cli\bin\Debug\net8.0-windows10.0.22621.0\datasets\recordings\20260912_090902_977b2686\auto_00001200_20260912090940734.jpg,3840,2088,F:\CODE\JianChanChan\scripts\..\docs\qa_runs\a1b\bulk\img_0018.jpg
1,19,20260912_090902_977b2686_auto_00001243_20260912090942743,20260912_090902_977b2686,jpg,F:\CODE\JianChanChan\src\ChanSight.Cli\bin\Debug\net8.0-windows10.0.22621.0\datasets\recordings\20260912_090902_977b2686\auto_00001243_20260912090942743.jpg,3840,2088,F:\CODE\JianChanChan\scripts\..\docs\qa_runs\a1b\bulk\img_0019.jpg
1,20,20260912_090902_977b2686_auto_00001277_20260912090945057,20260912_090902_977b2686,jpg,F:\CODE\JianChanChan\src\ChanSight.Cli\bin\Debug\net8.0-windows10.0.22621.0\datasets\recordings\20260912_090902_977b2686\auto_00001277_20260912090945057.jpg,3840,2088,F:\CODE\JianChanChan\scripts\..\docs\qa_runs\a1b\bulk\img_0020.jpg
1,21,20260912_090902_977b2686_auto_00001319_20260912090947843,20260912_090902_977b2686,jpg,F:\CODE\JianChanChan\src\ChanSight.Cli\bin\Debug\net8.0-windows10.0.22621.0\datasets\recordings\20260912_090902_977b2686\auto_00001319_20260912090947843.jpg,3840,2088,F:\CODE\JianChanChan\scripts\..\docs\qa_runs\a1b\bulk\img_0021.jpg
1,22,20260912_090902_977b2686_auto_00001358_20260912090949862,20260912_090902_977b2686,jpg,F:\CODE\JianChanChan\src\ChanSight.Cli\bin\Debug\net8.0-windows10.0.22621.0\datasets\recordings\20260912_090902_977b2686\auto_00001358_20260912090949862.jpg,3840,2088,F:\CODE\JianChanChan\scripts\..\docs\qa_runs\a1b\bulk\img_0022.jpg
1,23,20260912_090902_977b2686_auto_00001445_20260912090951905,20260912_090902_977b2686,jpg,F:\CODE\JianChanChan\src\ChanSight.Cli\bin\Debug\net8.0-windows10.0.22621.0\datasets\recordings\20260912_090902_977b2686\auto_00001445_20260912090951905.jpg,3840,2088,F:\CODE\JianChanChan\scripts\..\docs\qa_runs\a1b\bulk\img_0023.jpg
1,24,20260912_090902_977b2686_auto_00001543_20260912090953924,20260912_090902_977b2686,jpg,F:\CODE\JianChanChan\src\ChanSight.Cli\bin\Debug\net8.0-windows10.0.22621.0\datasets\recordings\20260912_090902_977b2686\auto_00001543_20260912090953924.jpg,3840,2088,F:\CODE\JianChanChan\scripts\..\docs\qa_runs\a1b\bulk\img_0024.jpg
1,25,20260912_090902_977b2686_auto_00001631_20260912090955931,20260912_090902_977b2686,jpg,F:\CODE\JianChanChan\src\ChanSight.Cli\bin\Debug\net8.0-windows10.0.22621.0\datasets\recordings\20260912_090902_977b2686\auto_00001631_20260912090955931.jpg,3840,2088,F:\CODE\JianChanChan\scripts\..\docs\qa_runs\a1b\bulk\img_0025.jpg
1,26,20260912_090902_977b2686_auto_00001698_20260912090957952,20260912_090902_977b2686,jpg,F:\CODE\JianChanChan\src\ChanSight.Cli\bin\Debug\net8.0-windows10.0.22621.0\datasets\recordings\20260912_090902_977b2686\auto_00001698_20260912090957952.jpg,3840,2088,F:\CODE\JianChanChan\scripts\..\docs\qa_runs\a1b\bulk\img_0026.jpg
1,27,20260912_090902_977b2686_auto_00001797_20260912090959989,20260912_090902_977b2686,jpg,F:\CODE\JianChanChan\src\ChanSight.Cli\bin\Debug\net8.0-windows10.0.22621.0\datasets\recordings\20260912_090902_977b2686\auto_00001797_20260912090959989.jpg,3840,2088,F:\CODE\JianChanChan\scripts\..\docs\qa_runs\a1b\bulk\img_0027.jpg
1,28,20260912_090902_977b2686_auto_00001897_20260912091002014,20260912_090902_977b2686,jpg,F:\CODE\JianChanChan\src\ChanSight.Cli\bin\Debug\net8.0-windows10.0.22621.0\datasets\recordings\20260912_090902_977b2686\auto_00001897_20260912091002014.jpg,3840,2088,F:\CODE\JianChanChan\scripts\..\docs\qa_runs\a1b\bulk\img_0028.jpg
1,29,20260912_090902_977b2686_auto_00001999_20260912091004084,20260912_090902_977b2686,jpg,F:\CODE\JianChanChan\src\ChanSight.Cli\bin\Debug\net8.0-windows10.0.22621.0\datasets\recordings\20260912_090902_977b2686\auto_00001999_20260912091004084.jpg,3840,2088,F:\CODE\JianChanChan\scripts\..\docs\qa_runs\a1b\bulk\img_0029.jpg
1,30,20260912_090902_977b2686_auto_00002097_20260912091006163,20260912_090902_977b2686,jpg,F:\CODE\JianChanChan\src\ChanSight.Cli\bin\Debug\net8.0-windows10.0.22621.0\datasets\recordings\20260912_090902_977b2686\auto_00002097_20260912091006163.jpg,3840,2088,F:\CODE\JianChanChan\scripts\..\docs\qa_runs\a1b\bulk\img_0030.jpg
1,31,20260912_090902_977b2686_auto_00002197_20260912091008181,20260912_090902_977b2686,jpg,F:\CODE\JianChanChan\src\ChanSight.Cli\bin\Debug\net8.0-windows10.0.22621.0\datasets\recordings\20260912_090902_977b2686\auto_00002197_20260912091008181.jpg,3840,2088,F:\CODE\JianChanChan\scripts\..\docs\qa_runs\a1b\bulk\img_0031.jpg
1,32,20260912_090902_977b2686_auto_00002299_20260912091010182,20260912_090902_977b2686,jpg,F:\CODE\JianChanChan\src\ChanSight.Cli\bin\Debug\net8.0-windows10.0.22621.0\datasets\recordings\20260912_090902_977b2686\auto_00002299_20260912091010182.jpg,3840,2088,F:\CODE\JianChanChan\scripts\..\docs\qa_runs\a1b\bulk\img_0032.jpg
1,33,20260912_090902_977b2686_auto_00002399_20260912091012214,20260912_090902_977b2686,jpg,F:\CODE\JianChanChan\src\ChanSight.Cli\bin\Debug\net8.0-windows10.0.22621.0\datasets\recordings\20260912_090902_977b2686\auto_00002399_20260912091012214.jpg,3840,2088,F:\CODE\JianChanChan\scripts\..\docs\qa_runs\a1b\bulk\img_0033.jpg
1,34,20260912_090902_977b2686_auto_00002500_20260912091014224,20260912_090902_977b2686,jpg,F:\CODE\JianChanChan\src\ChanSight.Cli\bin\Debug\net8.0-windows10.0.22621.0\datasets\recordings\20260912_090902_977b2686\auto_00002500_20260912091014224.jpg,3840,2088,F:\CODE\JianChanChan\scripts\..\docs\qa_runs\a1b\bulk\img_0034.jpg
1,35,20260912_090902_977b2686_auto_00002594_20260912091016257,20260912_090902_977b2686,jpg,F:\CODE\JianChanChan\src\ChanSight.Cli\bin\Debug\net8.0-windows10.0.22621.0\datasets\recordings\20260912_090902_977b2686\auto_00002594_20260912091016257.jpg,3840,2088,F:\CODE\JianChanChan\scripts\..\docs\qa_runs\a1b\bulk\img_0035.jpg
1,36,20260912_090902_977b2686_auto_00002691_20260912091018259,20260912_090902_977b2686,jpg,F:\CODE\JianChanChan\src\ChanSight.Cli\bin\Debug\net8.0-windows10.0.22621.0\datasets\recordings\20260912_090902_977b2686\auto_00002691_20260912091018259.jpg,3840,2088,F:\CODE\JianChanChan\scripts\..\docs\qa_runs\a1b\bulk\img_0036.jpg
1,37,20260912_090902_977b2686_auto_00002791_20260912091020279,20260912_090902_977b2686,jpg,F:\CODE\JianChanChan\src\ChanSight.Cli\bin\Debug\net8.0-windows10.0.22621.0\datasets\recordings\20260912_090902_977b2686\auto_00002791_20260912091020279.jpg,3840,2088,F:\CODE\JianChanChan\scripts\..\docs\qa_runs\a1b\bulk\img_0037.jpg
1,38,20260912_090902_977b2686_auto_00002891_20260912091022300,20260912_090902_977b2686,jpg,F:\CODE\JianChanChan\src\ChanSight.Cli\bin\Debug\net8.0-windows10.0.22621.0\datasets\recordings\20260912_090902_977b2686\auto_00002891_20260912091022300.jpg,3840,2088,F:\CODE\JianChanChan\scripts\..\docs\qa_runs\a1b\bulk\img_0038.jpg
1,39,20260912_090902_977b2686_auto_00002987_20260912091024320,20260912_090902_977b2686,jpg,F:\CODE\JianChanChan\src\ChanSight.Cli\bin\Debug\net8.0-windows10.0.22621.0\datasets\recordings\20260912_090902_977b2686\auto_00002987_20260912091024320.jpg,3840,2088,F:\CODE\JianChanChan\scripts\..\docs\qa_runs\a1b\bulk\img_0039.jpg
1,40,20260912_090902_977b2686_auto_00003070_20260912091026344,20260912_090902_977b2686,jpg,F:\CODE\JianChanChan\src\ChanSight.Cli\bin\Debug\net8.0-windows10.0.22621.0\datasets\recordings\20260912_090902_977b2686\auto_00003070_20260912091026344.jpg,3840,2088,F:\CODE\JianChanChan\scripts\..\docs\qa_runs\a1b\bulk\img_0040.jpg
1,41,20260912_090902_977b2686_auto_00003171_20260912091028384,20260912_090902_977b2686,jpg,F:\CODE\JianChanChan\src\ChanSight.Cli\bin\Debug\net8.0-windows10.0.22621.0\datasets\recordings\20260912_090902_977b2686\auto_00003171_20260912091028384.jpg,3840,2088,F:\CODE\JianChanChan\scripts\..\docs\qa_runs\a1b\bulk\img_0041.jpg
1,42,20260912_090902_977b2686_auto_00003268_20260912091030386,20260912_090902_977b2686,jpg,F:\CODE\JianChanChan\src\ChanSight.Cli\bin\Debug\net8.0-windows10.0.22621.0\datasets\recordings\20260912_090902_977b2686\auto_00003268_20260912091030386.jpg,3840,2088,F:\CODE\JianChanChan\scripts\..\docs\qa_runs\a1b\bulk\img_0042.jpg
1,43,20260912_090902_977b2686_auto_00003368_20260912091032425,20260912_090902_977b2686,jpg,F:\CODE\JianChanChan\src\ChanSight.Cli\bin\Debug\net8.0-windows10.0.22621.0\datasets\recordings\20260912_090902_977b2686\auto_00003368_20260912091032425.jpg,3840,2088,F:\CODE\JianChanChan\scripts\..\docs\qa_runs\a1b\bulk\img_0043.jpg
1,44,20260912_090902_977b2686_auto_00003467_20260912091034460,20260912_090902_977b2686,jpg,F:\CODE\JianChanChan\src\ChanSight.Cli\bin\Debug\net8.0-windows10.0.22621.0\datasets\recordings\20260912_090902_977b2686\auto_00003467_20260912091034460.jpg,3840,2088,F:\CODE\JianChanChan\scripts\..\docs\qa_runs\a1b\bulk\img_0044.jpg
1,45,20260912_090902_977b2686_auto_00003566_20260912091036490,20260912_090902_977b2686,jpg,F:\CODE\JianChanChan\src\ChanSight.Cli\bin\Debug\net8.0-windows10.0.22621.0\datasets\recordings\20260912_090902_977b2686\auto_00003566_20260912091036490.jpg,3840,2088,F:\CODE\JianChanChan\scripts\..\docs\qa_runs\a1b\bulk\img_0045.jpg
1,46,20260912_090902_977b2686_auto_00003665_20260912091038517,20260912_090902_977b2686,jpg,F:\CODE\JianChanChan\src\ChanSight.Cli\bin\Debug\net8.0-windows10.0.22621.0\datasets\recordings\20260912_090902_977b2686\auto_00003665_20260912091038517.jpg,3840,2088,F:\CODE\JianChanChan\scripts\..\docs\qa_runs\a1b\bulk\img_0046.jpg
1,47,20260912_090902_977b2686_auto_00003766_20260912091040558,20260912_090902_977b2686,jpg,F:\CODE\JianChanChan\src\ChanSight.Cli\bin\Debug\net8.0-windows10.0.22621.0\datasets\recordings\20260912_090902_977b2686\auto_00003766_20260912091040558.jpg,3840,2088,F:\CODE\JianChanChan\scripts\..\docs\qa_runs\a1b\bulk\img_0047.jpg
1,48,20260912_090902_977b2686_auto_00003866_20260912091042582,20260912_090902_977b2686,jpg,F:\CODE\JianChanChan\src\ChanSight.Cli\bin\Debug\net8.0-windows10.0.22621.0\datasets\recordings\20260912_090902_977b2686\auto_00003866_20260912091042582.jpg,3840,2088,F:\CODE\JianChanChan\scripts\..\docs\qa_runs\a1b\bulk\img_0048.jpg
1,49,20260912_090902_977b2686_auto_00003963_20260912091044601,20260912_090902_977b2686,jpg,F:\CODE\JianChanChan\src\ChanSight.Cli\bin\Debug\net8.0-windows10.0.22621.0\datasets\recordings\20260912_090902_977b2686\auto_00003963_20260912091044601.jpg,3840,2088,F:\CODE\JianChanChan\scripts\..\docs\qa_runs\a1b\bulk\img_0049.jpg
1,50,20260912_090902_977b2686_auto_00004063_20260912091046609,20260912_090902_977b2686,jpg,F:\CODE\JianChanChan\src\ChanSight.Cli\bin\Debug\net8.0-windows10.0.22621.0\datasets\recordings\20260912_090902_977b2686\auto_00004063_20260912091046609.jpg,3840,2088,F:\CODE\JianChanChan\scripts\..\docs\qa_runs\a1b\bulk\img_0050.jpg
1,51,20260912_090902_977b2686_auto_00004166_20260912091048664,20260912_090902_977b2686,jpg,F:\CODE\JianChanChan\src\ChanSight.Cli\bin\Debug\net8.0-windows10.0.22621.0\datasets\recordings\20260912_090902_977b2686\auto_00004166_20260912091048664.jpg,3840,2088,F:\CODE\JianChanChan\scripts\..\docs\qa_runs\a1b\bulk\img_0051.jpg
2,52,20260912_090902_977b2686_auto_00004264_20260912091050670,20260912_090902_977b2686,jpg,F:\CODE\JianChanChan\src\ChanSight.Cli\bin\Debug\net8.0-windows10.0.22621.0\datasets\recordings\20260912_090902_977b2686\auto_00004264_20260912091050670.jpg,3840,2088,F:\CODE\JianChanChan\scripts\..\docs\qa_runs\a1b\bulk\img_0052.jpg
2,53,20260912_090902_977b2686_auto_00004365_20260912091052690,20260912_090902_977b2686,jpg,F:\CODE\JianChanChan\src\ChanSight.Cli\bin\Debug\net8.0-windows10.0.22621.0\datasets\recordings\20260912_090902_977b2686\auto_00004365_20260912091052690.jpg,3840,2088,F:\CODE\JianChanChan\scripts\..\docs\qa_runs\a1b\bulk\img_0053.jpg
2,54,20260912_090902_977b2686_auto_00004460_20260912091054714,20260912_090902_977b2686,jpg,F:\CODE\JianChanChan\src\ChanSight.Cli\bin\Debug\net8.0-windows10.0.22621.0\datasets\recordings\20260912_090902_977b2686\auto_00004460_20260912091054714.jpg,3840,2088,F:\CODE\JianChanChan\scripts\..\docs\qa_runs\a1b\bulk\img_0054.jpg
2,55,20260912_090902_977b2686_auto_00004561_20260912091056718,20260912_090902_977b2686,jpg,F:\CODE\JianChanChan\src\ChanSight.Cli\bin\Debug\net8.0-windows10.0.22621.0\datasets\recordings\20260912_090902_977b2686\auto_00004561_20260912091056718.jpg,3840,2088,F:\CODE\JianChanChan\scripts\..\docs\qa_runs\a1b\bulk\img_0055.jpg
2,56,20260912_090902_977b2686_auto_00004662_20260912091058753,20260912_090902_977b2686,jpg,F:\CODE\JianChanChan\src\ChanSight.Cli\bin\Debug\net8.0-windows10.0.22621.0\datasets\recordings\20260912_090902_977b2686\auto_00004662_20260912091058753.jpg,3840,2088,F:\CODE\JianChanChan\scripts\..\docs\qa_runs\a1b\bulk\img_0056.jpg
2,57,20260912_090902_977b2686_auto_00004767_20260912091100831,20260912_090902_977b2686,jpg,F:\CODE\JianChanChan\src\ChanSight.Cli\bin\Debug\net8.0-windows10.0.22621.0\datasets\recordings\20260912_090902_977b2686\auto_00004767_20260912091100831.jpg,3840,2088,F:\CODE\JianChanChan\scripts\..\docs\qa_runs\a1b\bulk\img_0057.jpg
2,58,20260912_090902_977b2686_auto_00004865_20260912091102975,20260912_090902_977b2686,jpg,F:\CODE\JianChanChan\src\ChanSight.Cli\bin\Debug\net8.0-windows10.0.22621.0\datasets\recordings\20260912_090902_977b2686\auto_00004865_20260912091102975.jpg,3840,2088,F:\CODE\JianChanChan\scripts\..\docs\qa_runs\a1b\bulk\img_0058.jpg
2,59,20260912_090902_977b2686_auto_00004934_20260912091104998,20260912_090902_977b2686,jpg,F:\CODE\JianChanChan\src\ChanSight.Cli\bin\Debug\net8.0-windows10.0.22621.0\datasets\recordings\20260912_090902_977b2686\auto_00004934_20260912091104998.jpg,3840,2088,F:\CODE\JianChanChan\scripts\..\docs\qa_runs\a1b\bulk\img_0059.jpg
2,60,20260912_090902_977b2686_auto_00005019_20260912091107012,20260912_090902_977b2686,jpg,F:\CODE\JianChanChan\src\ChanSight.Cli\bin\Debug\net8.0-windows10.0.22621.0\datasets\recordings\20260912_090902_977b2686\auto_00005019_20260912091107012.jpg,3840,2088,F:\CODE\JianChanChan\scripts\..\docs\qa_runs\a1b\bulk\img_0060.jpg
2,61,20260912_090902_977b2686_auto_00005117_20260912091109012,20260912_090902_977b2686,jpg,F:\CODE\JianChanChan\src\ChanSight.Cli\bin\Debug\net8.0-windows10.0.22621.0\datasets\recordings\20260912_090902_977b2686\auto_00005117_20260912091109012.jpg,3840,2088,F:\CODE\JianChanChan\scripts\..\docs\qa_runs\a1b\bulk\img_0061.jpg
2,62,20260912_090902_977b2686_auto_00005218_20260912091111025,20260912_090902_977b2686,jpg,F:\CODE\JianChanChan\src\ChanSight.Cli\bin\Debug\net8.0-windows10.0.22621.0\datasets\recordings\20260912_090902_977b2686\auto_00005218_20260912091111025.jpg,3840,2088,F:\CODE\JianChanChan\scripts\..\docs\qa_runs\a1b\bulk\img_0062.jpg
2,63,20260912_090902_977b2686_auto_00005316_20260912091113045,20260912_090902_977b2686,jpg,F:\CODE\JianChanChan\src\ChanSight.Cli\bin\Debug\net8.0-windows10.0.22621.0\datasets\recordings\20260912_090902_977b2686\auto_00005316_20260912091113045.jpg,3840,2088,F:\CODE\JianChanChan\scripts\..\docs\qa_runs\a1b\bulk\img_0063.jpg
2,64,20260912_090902_977b2686_auto_00005415_20260912091115054,20260912_090902_977b2686,jpg,F:\CODE\JianChanChan\src\ChanSight.Cli\bin\Debug\net8.0-windows10.0.22621.0\datasets\recordings\20260912_090902_977b2686\auto_00005415_20260912091115054.jpg,3840,2088,F:\CODE\JianChanChan\scripts\..\docs\qa_runs\a1b\bulk\img_0064.jpg
2,65,20260912_090902_977b2686_auto_00005515_20260912091117061,20260912_090902_977b2686,jpg,F:\CODE\JianChanChan\src\ChanSight.Cli\bin\Debug\net8.0-windows10.0.22621.0\datasets\recordings\20260912_090902_977b2686\auto_00005515_20260912091117061.jpg,3840,2088,F:\CODE\JianChanChan\scripts\..\docs\qa_runs\a1b\bulk\img_0065.jpg
2,66,20260912_090902_977b2686_auto_00005617_20260912091119099,20260912_090902_977b2686,jpg,F:\CODE\JianChanChan\src\ChanSight.Cli\bin\Debug\net8.0-windows10.0.22621.0\datasets\recordings\20260912_090902_977b2686\auto_00005617_20260912091119099.jpg,3840,2088,F:\CODE\JianChanChan\scripts\..\docs\qa_runs\a1b\bulk\img_0066.jpg
2,67,20260912_090902_977b2686_auto_00005719_20260912091121151,20260912_090902_977b2686,jpg,F:\CODE\JianChanChan\src\ChanSight.Cli\bin\Debug\net8.0-windows10.0.22621.0\datasets\recordings\20260912_090902_977b2686\auto_00005719_20260912091121151.jpg,3840,2088,F:\CODE\JianChanChan\scripts\..\docs\qa_runs\a1b\bulk\img_0067.jpg
2,68,20260912_090902_977b2686_auto_00005820_20260912091123186,20260912_090902_977b2686,jpg,F:\CODE\JianChanChan\src\ChanSight.Cli\bin\Debug\net8.0-windows10.0.22621.0\datasets\recordings\20260912_090902_977b2686\auto_00005820_20260912091123186.jpg,3840,2088,F:\CODE\JianChanChan\scripts\..\docs\qa_runs\a1b\bulk\img_0068.jpg
2,69,20260912_090902_977b2686_auto_00005917_20260912091125187,20260912_090902_977b2686,jpg,F:\CODE\JianChanChan\src\ChanSight.Cli\bin\Debug\net8.0-windows10.0.22621.0\datasets\recordings\20260912_090902_977b2686\auto_00005917_20260912091125187.jpg,3840,2088,F:\CODE\JianChanChan\scripts\..\docs\qa_runs\a1b\bulk\img_0069.jpg
2,70,20260912_090902_977b2686_auto_00006016_20260912091127220,20260912_090902_977b2686,jpg,F:\CODE\JianChanChan\src\ChanSight.Cli\bin\Debug\net8.0-windows10.0.22621.0\datasets\recordings\20260912_090902_977b2686\auto_00006016_20260912091127220.jpg,3840,2088,F:\CODE\JianChanChan\scripts\..\docs\qa_runs\a1b\bulk\img_0070.jpg
2,71,20260912_090902_977b2686_auto_00006092_20260912091129234,20260912_090902_977b2686,jpg,F:\CODE\JianChanChan\src\ChanSight.Cli\bin\Debug\net8.0-windows10.0.22621.0\datasets\recordings\20260912_090902_977b2686\auto_00006092_20260912091129234.jpg,3840,2088,F:\CODE\JianChanChan\scripts\..\docs\qa_runs\a1b\bulk\img_0071.jpg
2,72,20260912_090902_977b2686_auto_00006152_20260912091131235,20260912_090902_977b2686,jpg,F:\CODE\JianChanChan\src\ChanSight.Cli\bin\Debug\net8.0-windows10.0.22621.0\datasets\recordings\20260912_090902_977b2686\auto_00006152_20260912091131235.jpg,3840,2088,F:\CODE\JianChanChan\scripts\..\docs\qa_runs\a1b\bulk\img_0072.jpg
2,73,20260912_090902_977b2686_auto_00006217_20260912091133248,20260912_090902_977b2686,jpg,F:\CODE\JianChanChan\src\ChanSight.Cli\bin\Debug\net8.0-windows10.0.22621.0\datasets\recordings\20260912_090902_977b2686\auto_00006217_20260912091133248.jpg,3840,2088,F:\CODE\JianChanChan\scripts\..\docs\qa_runs\a1b\bulk\img_0073.jpg
2,74,20260912_090902_977b2686_auto_00006313_20260912091135273,20260912_090902_977b2686,jpg,F:\CODE\JianChanChan\src\ChanSight.Cli\bin\Debug\net8.0-windows10.0.22621.0\datasets\recordings\20260912_090902_977b2686\auto_00006313_20260912091135273.jpg,3840,2088,F:\CODE\JianChanChan\scripts\..\docs\qa_runs\a1b\bulk\img_0074.jpg
2,75,20260912_090902_977b2686_auto_00006394_20260912091137284,20260912_090902_977b2686,jpg,F:\CODE\JianChanChan\src\ChanSight.Cli\bin\Debug\net8.0-windows10.0.22621.0\datasets\recordings\20260912_090902_977b2686\auto_00006394_20260912091137284.jpg,3840,2088,F:\CODE\JianChanChan\scripts\..\docs\qa_runs\a1b\bulk\img_0075.jpg
2,76,20260912_090902_977b2686_auto_00006492_20260912091139305,20260912_090902_977b2686,jpg,F:\CODE\JianChanChan\src\ChanSight.Cli\bin\Debug\net8.0-windows10.0.22621.0\datasets\recordings\20260912_090902_977b2686\auto_00006492_20260912091139305.jpg,3840,2088,F:\CODE\JianChanChan\scripts\..\docs\qa_runs\a1b\bulk\img_0076.jpg
2,77,20260912_090902_977b2686_auto_00006590_20260912091141325,20260912_090902_977b2686,jpg,F:\CODE\JianChanChan\src\ChanSight.Cli\bin\Debug\net8.0-windows10.0.22621.0\datasets\recordings\20260912_090902_977b2686\auto_00006590_20260912091141325.jpg,3840,2088,F:\CODE\JianChanChan\scripts\..\docs\qa_runs\a1b\bulk\img_0077.jpg
2,78,20260912_090902_977b2686_auto_00006676_20260912091143326,20260912_090902_977b2686,jpg,F:\CODE\JianChanChan\src\ChanSight.Cli\bin\Debug\net8.0-windows10.0.22621.0\datasets\recordings\20260912_090902_977b2686\auto_00006676_20260912091143326.jpg,3840,2088,F:\CODE\JianChanChan\scripts\..\docs\qa_runs\a1b\bulk\img_0078.jpg
2,79,20260912_090902_977b2686_auto_00006778_20260912091145347,20260912_090902_977b2686,jpg,F:\CODE\JianChanChan\src\ChanSight.Cli\bin\Debug\net8.0-windows10.0.22621.0\datasets\recordings\20260912_090902_977b2686\auto_00006778_20260912091145347.jpg,3840,2088,F:\CODE\JianChanChan\scripts\..\docs\qa_runs\a1b\bulk\img_0079.jpg
2,80,20260912_090902_977b2686_auto_00006881_20260912091147352,20260912_090902_977b2686,jpg,F:\CODE\JianChanChan\src\ChanSight.Cli\bin\Debug\net8.0-windows10.0.22621.0\datasets\recordings\20260912_090902_977b2686\auto_00006881_20260912091147352.jpg,3840,2088,F:\CODE\JianChanChan\scripts\..\docs\qa_runs\a1b\bulk\img_0080.jpg
2,81,20260912_090902_977b2686_auto_00006981_20260912091149366,20260912_090902_977b2686,jpg,F:\CODE\JianChanChan\src\ChanSight.Cli\bin\Debug\net8.0-windows10.0.22621.0\datasets\recordings\20260912_090902_977b2686\auto_00006981_20260912091149366.jpg,3840,2088,F:\CODE\JianChanChan\scripts\..\docs\qa_runs\a1b\bulk\img_0081.jpg
2,82,20260912_090902_977b2686_auto_00007079_20260912091151381,20260912_090902_977b2686,jpg,F:\CODE\JianChanChan\src\ChanSight.Cli\bin\Debug\net8.0-windows10.0.22621.0\datasets\recordings\20260912_090902_977b2686\auto_00007079_20260912091151381.jpg,3840,2088,F:\CODE\JianChanChan\scripts\..\docs\qa_runs\a1b\bulk\img_0082.jpg
2,83,20260912_090902_977b2686_auto_00007182_20260912091153422,20260912_090902_977b2686,jpg,F:\CODE\JianChanChan\src\ChanSight.Cli\bin\Debug\net8.0-windows10.0.22621.0\datasets\recordings\20260912_090902_977b2686\auto_00007182_20260912091153422.jpg,3840,2088,F:\CODE\JianChanChan\scripts\..\docs\qa_runs\a1b\bulk\img_0083.jpg
2,84,20260912_090902_977b2686_auto_00007281_20260912091155443,20260912_090902_977b2686,jpg,F:\CODE\JianChanChan\src\ChanSight.Cli\bin\Debug\net8.0-windows10.0.22621.0\datasets\recordings\20260912_090902_977b2686\auto_00007281_20260912091155443.jpg,3840,2088,F:\CODE\JianChanChan\scripts\..\docs\qa_runs\a1b\bulk\img_0084.jpg
2,85,20260912_090902_977b2686_auto_00007380_20260912091157473,20260912_090902_977b2686,jpg,F:\CODE\JianChanChan\src\ChanSight.Cli\bin\Debug\net8.0-windows10.0.22621.0\datasets\recordings\20260912_090902_977b2686\auto_00007380_20260912091157473.jpg,3840,2088,F:\CODE\JianChanChan\scripts\..\docs\qa_runs\a1b\bulk\img_0085.jpg
2,86,20260912_090902_977b2686_auto_00007486_20260912091159521,20260912_090902_977b2686,jpg,F:\CODE\JianChanChan\src\ChanSight.Cli\bin\Debug\net8.0-windows10.0.22621.0\datasets\recordings\20260912_090902_977b2686\auto_00007486_20260912091159521.jpg,3840,2088,F:\CODE\JianChanChan\scripts\..\docs\qa_runs\a1b\bulk\img_0086.jpg
2,87,20260912_090902_977b2686_auto_00007586_20260912091201591,20260912_090902_977b2686,jpg,F:\CODE\JianChanChan\src\ChanSight.Cli\bin\Debug\net8.0-windows10.0.22621.0\datasets\recordings\20260912_090902_977b2686\auto_00007586_20260912091201591.jpg,3840,2088,F:\CODE\JianChanChan\scripts\..\docs\qa_runs\a1b\bulk\img_0087.jpg
2,88,20260912_090902_977b2686_auto_00007683_20260912091203599,20260912_090902_977b2686,jpg,F:\CODE\JianChanChan\src\ChanSight.Cli\bin\Debug\net8.0-windows10.0.22621.0\datasets\recordings\20260912_090902_977b2686\auto_00007683_20260912091203599.jpg,3840,2088,F:\CODE\JianChanChan\scripts\..\docs\qa_runs\a1b\bulk\img_0088.jpg
2,89,20260912_090902_977b2686_auto_00007786_20260912091205638,20260912_090902_977b2686,jpg,F:\CODE\JianChanChan\src\ChanSight.Cli\bin\Debug\net8.0-windows10.0.22621.0\datasets\recordings\20260912_090902_977b2686\auto_00007786_20260912091205638.jpg,3840,2088,F:\CODE\JianChanChan\scripts\..\docs\qa_runs\a1b\bulk\img_0089.jpg
2,90,20260912_090902_977b2686_auto_00007891_20260912091207687,20260912_090902_977b2686,jpg,F:\CODE\JianChanChan\src\ChanSight.Cli\bin\Debug\net8.0-windows10.0.22621.0\datasets\recordings\20260912_090902_977b2686\auto_00007891_20260912091207687.jpg,3840,2088,F:\CODE\JianChanChan\scripts\..\docs\qa_runs\a1b\bulk\img_0090.jpg
2,91,20260912_090902_977b2686_auto_00007990_20260912091209702,20260912_090902_977b2686,jpg,F:\CODE\JianChanChan\src\ChanSight.Cli\bin\Debug\net8.0-windows10.0.22621.0\datasets\recordings\20260912_090902_977b2686\auto_00007990_20260912091209702.jpg,3840,2088,F:\CODE\JianChanChan\scripts\..\docs\qa_runs\a1b\bulk\img_0091.jpg
2,92,20260912_090902_977b2686_auto_00008090_20260912091211772,20260912_090902_977b2686,jpg,F:\CODE\JianChanChan\src\ChanSight.Cli\bin\Debug\net8.0-windows10.0.22621.0\datasets\recordings\20260912_090902_977b2686\auto_00008090_20260912091211772.jpg,3840,2088,F:\CODE\JianChanChan\scripts\..\docs\qa_runs\a1b\bulk\img_0092.jpg
2,93,20260912_090902_977b2686_auto_00008188_20260912091213808,20260912_090902_977b2686,jpg,F:\CODE\JianChanChan\src\ChanSight.Cli\bin\Debug\net8.0-windows10.0.22621.0\datasets\recordings\20260912_090902_977b2686\auto_00008188_20260912091213808.jpg,3840,2088,F:\CODE\JianChanChan\scripts\..\docs\qa_runs\a1b\bulk\img_0093.jpg
2,94,20260912_090902_977b2686_auto_00008286_20260912091215828,20260912_090902_977b2686,jpg,F:\CODE\JianChanChan\src\ChanSight.Cli\bin\Debug\net8.0-windows10.0.22621.0\datasets\recordings\20260912_090902_977b2686\auto_00008286_20260912091215828.jpg,3840,2088,F:\CODE\JianChanChan\scripts\..\docs\qa_runs\a1b\bulk\img_0094.jpg
2,95,20260912_090902_977b2686_auto_00008384_20260912091217835,20260912_090902_977b2686,jpg,F:\CODE\JianChanChan\src\ChanSight.Cli\bin\Debug\net8.0-windows10.0.22621.0\datasets\recordings\20260912_090902_977b2686\auto_00008384_20260912091217835.jpg,3840,2088,F:\CODE\JianChanChan\scripts\..\docs\qa_runs\a1b\bulk\img_0095.jpg
2,96,20260912_090902_977b2686_auto_00008482_20260912091219863,20260912_090902_977b2686,jpg,F:\CODE\JianChanChan\src\ChanSight.Cli\bin\Debug\net8.0-windows10.0.22621.0\datasets\recordings\20260912_090902_977b2686\auto_00008482_20260912091219863.jpg,3840,2088,F:\CODE\JianChanChan\scripts\..\docs\qa_runs\a1b\bulk\img_0096.jpg
2,97,20260912_090902_977b2686_auto_00008581_20260912091221897,20260912_090902_977b2686,jpg,F:\CODE\JianChanChan\src\ChanSight.Cli\bin\Debug\net8.0-windows10.0.22621.0\datasets\recordings\20260912_090902_977b2686\auto_00008581_20260912091221897.jpg,3840,2088,F:\CODE\JianChanChan\scripts\..\docs\qa_runs\a1b\bulk\img_0097.jpg
2,98,20260912_090902_977b2686_auto_00008682_20260912091223930,20260912_090902_977b2686,jpg,F:\CODE\JianChanChan\src\ChanSight.Cli\bin\Debug\net8.0-windows10.0.22621.0\datasets\recordings\20260912_090902_977b2686\auto_00008682_20260912091223930.jpg,3840,2088,F:\CODE\JianChanChan\scripts\..\docs\qa_runs\a1b\bulk\img_0098.jpg
2,99,20260912_090902_977b2686_auto_00008781_20260912091225931,20260912_090902_977b2686,jpg,F:\CODE\JianChanChan\src\ChanSight.Cli\bin\Debug\net8.0-windows10.0.22621.0\datasets\recordings\20260912_090902_977b2686\auto_00008781_20260912091225931.jpg,3840,2088,F:\CODE\JianChanChan\scripts\..\docs\qa_runs\a1b\bulk\img_0099.jpg
2,100,20260912_090902_977b2686_auto_00008880_20260912091227932,20260912_090902_977b2686,jpg,F:\CODE\JianChanChan\src\ChanSight.Cli\bin\Debug\net8.0-windows10.0.22621.0\datasets\recordings\20260912_090902_977b2686\auto_00008880_20260912091227932.jpg,3840,2088,F:\CODE\JianChanChan\scripts\..\docs\qa_runs\a1b\bulk\img_0100.jpg
2,101,20260912_090902_977b2686_auto_00008976_20260912091229932,20260912_090902_977b2686,jpg,F:\CODE\JianChanChan\src\ChanSight.Cli\bin\Debug\net8.0-windows10.0.22621.0\datasets\recordings\20260912_090902_977b2686\auto_00008976_20260912091229932.jpg,3840,2088,F:\CODE\JianChanChan\scripts\..\docs\qa_runs\a1b\bulk\img_0101.jpg
2,102,20260912_090902_977b2686_auto_00009067_20260912091231980,20260912_090902_977b2686,jpg,F:\CODE\JianChanChan\src\ChanSight.Cli\bin\Debug\net8.0-windows10.0.22621.0\datasets\recordings\20260912_090902_977b2686\auto_00009067_20260912091231980.jpg,3840,2088,F:\CODE\JianChanChan\scripts\..\docs\qa_runs\a1b\bulk\img_0102.jpg
3,103,20260912_090902_977b2686_auto_00009154_20260912091233995,20260912_090902_977b2686,jpg,F:\CODE\JianChanChan\src\ChanSight.Cli\bin\Debug\net8.0-windows10.0.22621.0\datasets\recordings\20260912_090902_977b2686\auto_00009154_20260912091233995.jpg,3840,2088,F:\CODE\JianChanChan\scripts\..\docs\qa_runs\a1b\bulk\img_0103.jpg
3,104,20260912_090902_977b2686_auto_00009250_20260912091236015,20260912_090902_977b2686,jpg,F:\CODE\JianChanChan\src\ChanSight.Cli\bin\Debug\net8.0-windows10.0.22621.0\datasets\recordings\20260912_090902_977b2686\auto_00009250_20260912091236015.jpg,3840,2088,F:\CODE\JianChanChan\scripts\..\docs\qa_runs\a1b\bulk\img_0104.jpg
3,105,20260912_090902_977b2686_auto_00009347_20260912091238044,20260912_090902_977b2686,jpg,F:\CODE\JianChanChan\src\ChanSight.Cli\bin\Debug\net8.0-windows10.0.22621.0\datasets\recordings\20260912_090902_977b2686\auto_00009347_20260912091238044.jpg,3840,2088,F:\CODE\JianChanChan\scripts\..\docs\qa_runs\a1b\bulk\img_0105.jpg
3,106,20260912_090902_977b2686_auto_00009442_20260912091240064,20260912_090902_977b2686,jpg,F:\CODE\JianChanChan\src\ChanSight.Cli\bin\Debug\net8.0-windows10.0.22621.0\datasets\recordings\20260912_090902_977b2686\auto_00009442_20260912091240064.jpg,3840,2088,F:\CODE\JianChanChan\scripts\..\docs\qa_runs\a1b\bulk\img_0106.jpg
3,107,20260912_090902_977b2686_auto_00009538_20260912091242073,20260912_090902_977b2686,jpg,F:\CODE\JianChanChan\src\ChanSight.Cli\bin\Debug\net8.0-windows10.0.22621.0\datasets\recordings\20260912_090902_977b2686\auto_00009538_20260912091242073.jpg,3840,2088,F:\CODE\JianChanChan\scripts\..\docs\qa_runs\a1b\bulk\img_0107.jpg
3,108,20260912_090902_977b2686_auto_00009636_20260912091244142,20260912_090902_977b2686,jpg,F:\CODE\JianChanChan\src\ChanSight.Cli\bin\Debug\net8.0-windows10.0.22621.0\datasets\recordings\20260912_090902_977b2686\auto_00009636_20260912091244142.jpg,3840,2088,F:\CODE\JianChanChan\scripts\..\docs\qa_runs\a1b\bulk\img_0108.jpg
3,109,20260912_090902_977b2686_auto_00009734_20260912091246162,20260912_090902_977b2686,jpg,F:\CODE\JianChanChan\src\ChanSight.Cli\bin\Debug\net8.0-windows10.0.22621.0\datasets\recordings\20260912_090902_977b2686\auto_00009734_20260912091246162.jpg,3840,2088,F:\CODE\JianChanChan\scripts\..\docs\qa_runs\a1b\bulk\img_0109.jpg
3,110,20260912_090902_977b2686_auto_00009836_20260912091248183,20260912_090902_977b2686,jpg,F:\CODE\JianChanChan\src\ChanSight.Cli\bin\Debug\net8.0-windows10.0.22621.0\datasets\recordings\20260912_090902_977b2686\auto_00009836_20260912091248183.jpg,3840,2088,F:\CODE\JianChanChan\scripts\..\docs\qa_runs\a1b\bulk\img_0110.jpg
3,111,20260912_090902_977b2686_auto_00009939_20260912091250265,20260912_090902_977b2686,jpg,F:\CODE\JianChanChan\src\ChanSight.Cli\bin\Debug\net8.0-windows10.0.22621.0\datasets\recordings\20260912_090902_977b2686\auto_00009939_20260912091250265.jpg,3840,2088,F:\CODE\JianChanChan\scripts\..\docs\qa_runs\a1b\bulk\img_0111.jpg
3,112,20260912_090902_977b2686_auto_00010034_20260912091252286,20260912_090902_977b2686,jpg,F:\CODE\JianChanChan\src\ChanSight.Cli\bin\Debug\net8.0-windows10.0.22621.0\datasets\recordings\20260912_090902_977b2686\auto_00010034_20260912091252286.jpg,3840,2088,F:\CODE\JianChanChan\scripts\..\docs\qa_runs\a1b\bulk\img_0112.jpg
3,113,20260912_090902_977b2686_auto_00010129_20260912091254294,20260912_090902_977b2686,jpg,F:\CODE\JianChanChan\src\ChanSight.Cli\bin\Debug\net8.0-windows10.0.22621.0\datasets\recordings\20260912_090902_977b2686\auto_00010129_20260912091254294.jpg,3840,2088,F:\CODE\JianChanChan\scripts\..\docs\qa_runs\a1b\bulk\img_0113.jpg
3,114,20260912_090902_977b2686_auto_00010230_20260912091256377,20260912_090902_977b2686,jpg,F:\CODE\JianChanChan\src\ChanSight.Cli\bin\Debug\net8.0-windows10.0.22621.0\datasets\recordings\20260912_090902_977b2686\auto_00010230_20260912091256377.jpg,3840,2088,F:\CODE\JianChanChan\scripts\..\docs\qa_runs\a1b\bulk\img_0114.jpg
3,115,20260912_090902_977b2686_auto_00010307_20260912091258426,20260912_090902_977b2686,jpg,F:\CODE\JianChanChan\src\ChanSight.Cli\bin\Debug\net8.0-windows10.0.22621.0\datasets\recordings\20260912_090902_977b2686\auto_00010307_20260912091258426.jpg,3840,2088,F:\CODE\JianChanChan\scripts\..\docs\qa_runs\a1b\bulk\img_0115.jpg
3,116,20260912_090902_977b2686_auto_00010394_20260912091300490,20260912_090902_977b2686,jpg,F:\CODE\JianChanChan\src\ChanSight.Cli\bin\Debug\net8.0-windows10.0.22621.0\datasets\recordings\20260912_090902_977b2686\auto_00010394_20260912091300490.jpg,3840,2088,F:\CODE\JianChanChan\scripts\..\docs\qa_runs\a1b\bulk\img_0116.jpg
3,117,20260912_090902_977b2686_auto_00010489_20260912091302564,20260912_090902_977b2686,jpg,F:\CODE\JianChanChan\src\ChanSight.Cli\bin\Debug\net8.0-windows10.0.22621.0\datasets\recordings\20260912_090902_977b2686\auto_00010489_20260912091302564.jpg,3840,2088,F:\CODE\JianChanChan\scripts\..\docs\qa_runs\a1b\bulk\img_0117.jpg
3,118,20260912_090902_977b2686_auto_00010567_20260912091304575,20260912_090902_977b2686,jpg,F:\CODE\JianChanChan\src\ChanSight.Cli\bin\Debug\net8.0-windows10.0.22621.0\datasets\recordings\20260912_090902_977b2686\auto_00010567_20260912091304575.jpg,3840,2088,F:\CODE\JianChanChan\scripts\..\docs\qa_runs\a1b\bulk\img_0118.jpg
3,119,20260912_090902_977b2686_auto_00010663_20260912091306633,20260912_090902_977b2686,jpg,F:\CODE\JianChanChan\src\ChanSight.Cli\bin\Debug\net8.0-windows10.0.22621.0\datasets\recordings\20260912_090902_977b2686\auto_00010663_20260912091306633.jpg,3840,2088,F:\CODE\JianChanChan\scripts\..\docs\qa_runs\a1b\bulk\img_0119.jpg
3,120,20260912_090902_977b2686_auto_00010761_20260912091308682,20260912_090902_977b2686,jpg,F:\CODE\JianChanChan\src\ChanSight.Cli\bin\Debug\net8.0-windows10.0.22621.0\datasets\recordings\20260912_090902_977b2686\auto_00010761_20260912091308682.jpg,3840,2088,F:\CODE\JianChanChan\scripts\..\docs\qa_runs\a1b\bulk\img_0120.jpg
3,121,20260912_090902_977b2686_auto_00010863_20260912091310703,20260912_090902_977b2686,jpg,F:\CODE\JianChanChan\src\ChanSight.Cli\bin\Debug\net8.0-windows10.0.22621.0\datasets\recordings\20260912_090902_977b2686\auto_00010863_20260912091310703.jpg,3840,2088,F:\CODE\JianChanChan\scripts\..\docs\qa_runs\a1b\bulk\img_0121.jpg
3,122,20260912_090902_977b2686_auto_00010942_20260912091312712,20260912_090902_977b2686,jpg,F:\CODE\JianChanChan\src\ChanSight.Cli\bin\Debug\net8.0-windows10.0.22621.0\datasets\recordings\20260912_090902_977b2686\auto_00010942_20260912091312712.jpg,3840,2088,F:\CODE\JianChanChan\scripts\..\docs\qa_runs\a1b\bulk\img_0122.jpg
3,123,20260912_090902_977b2686_auto_00011033_20260912091314719,20260912_090902_977b2686,jpg,F:\CODE\JianChanChan\src\ChanSight.Cli\bin\Debug\net8.0-windows10.0.22621.0\datasets\recordings\20260912_090902_977b2686\auto_00011033_20260912091314719.jpg,3840,2088,F:\CODE\JianChanChan\scripts\..\docs\qa_runs\a1b\bulk\img_0123.jpg
3,124,20260912_090902_977b2686_auto_00011131_20260912091316740,20260912_090902_977b2686,jpg,F:\CODE\JianChanChan\src\ChanSight.Cli\bin\Debug\net8.0-windows10.0.22621.0\datasets\recordings\20260912_090902_977b2686\auto_00011131_20260912091316740.jpg,3840,2088,F:\CODE\JianChanChan\scripts\..\docs\qa_runs\a1b\bulk\img_0124.jpg
3,125,20260912_090902_977b2686_auto_00011230_20260912091318767,20260912_090902_977b2686,jpg,F:\CODE\JianChanChan\src\ChanSight.Cli\bin\Debug\net8.0-windows10.0.22621.0\datasets\recordings\20260912_090902_977b2686\auto_00011230_20260912091318767.jpg,3840,2088,F:\CODE\JianChanChan\scripts\..\docs\qa_runs\a1b\bulk\img_0125.jpg
3,126,20260912_090902_977b2686_auto_00011312_20260912091320804,20260912_090902_977b2686,jpg,F:\CODE\JianChanChan\src\ChanSight.Cli\bin\Debug\net8.0-windows10.0.22621.0\datasets\recordings\20260912_090902_977b2686\auto_00011312_20260912091320804.jpg,3840,2088,F:\CODE\JianChanChan\scripts\..\docs\qa_runs\a1b\bulk\img_0126.jpg
3,127,20260912_090902_977b2686_auto_00011410_20260912091322831,20260912_090902_977b2686,jpg,F:\CODE\JianChanChan\src\ChanSight.Cli\bin\Debug\net8.0-windows10.0.22621.0\datasets\recordings\20260912_090902_977b2686\auto_00011410_20260912091322831.jpg,3840,2088,F:\CODE\JianChanChan\scripts\..\docs\qa_runs\a1b\bulk\img_0127.jpg
3,128,20260912_090902_977b2686_auto_00011510_20260912091324837,20260912_090902_977b2686,jpg,F:\CODE\JianChanChan\src\ChanSight.Cli\bin\Debug\net8.0-windows10.0.22621.0\datasets\recordings\20260912_090902_977b2686\auto_00011510_20260912091324837.jpg,3840,2088,F:\CODE\JianChanChan\scripts\..\docs\qa_runs\a1b\bulk\img_0128.jpg
3,129,20260912_090902_977b2686_auto_00011607_20260912091326851,20260912_090902_977b2686,jpg,F:\CODE\JianChanChan\src\ChanSight.Cli\bin\Debug\net8.0-windows10.0.22621.0\datasets\recordings\20260912_090902_977b2686\auto_00011607_20260912091326851.jpg,3840,2088,F:\CODE\JianChanChan\scripts\..\docs\qa_runs\a1b\bulk\img_0129.jpg
3,130,20260912_090902_977b2686_auto_00011705_20260912091328857,20260912_090902_977b2686,jpg,F:\CODE\JianChanChan\src\ChanSight.Cli\bin\Debug\net8.0-windows10.0.22621.0\datasets\recordings\20260912_090902_977b2686\auto_00011705_20260912091328857.jpg,3840,2088,F:\CODE\JianChanChan\scripts\..\docs\qa_runs\a1b\bulk\img_0130.jpg
3,131,20260912_090902_977b2686_auto_00011803_20260912091330864,20260912_090902_977b2686,jpg,F:\CODE\JianChanChan\src\ChanSight.Cli\bin\Debug\net8.0-windows10.0.22621.0\datasets\recordings\20260912_090902_977b2686\auto_00011803_20260912091330864.jpg,3840,2088,F:\CODE\JianChanChan\scripts\..\docs\qa_runs\a1b\bulk\img_0131.jpg
3,132,20260912_090902_977b2686_auto_00011901_20260912091332887,20260912_090902_977b2686,jpg,F:\CODE\JianChanChan\src\ChanSight.Cli\bin\Debug\net8.0-windows10.0.22621.0\datasets\recordings\20260912_090902_977b2686\auto_00011901_20260912091332887.jpg,3840,2088,F:\CODE\JianChanChan\scripts\..\docs\qa_runs\a1b\bulk\img_0132.jpg
3,133,20260912_090902_977b2686_auto_00011999_20260912091334934,20260912_090902_977b2686,jpg,F:\CODE\JianChanChan\src\ChanSight.Cli\bin\Debug\net8.0-windows10.0.22621.0\datasets\recordings\20260912_090902_977b2686\auto_00011999_20260912091334934.jpg,3840,2088,F:\CODE\JianChanChan\scripts\..\docs\qa_runs\a1b\bulk\img_0133.jpg
3,134,20260912_090902_977b2686_auto_00012068_20260912091336956,20260912_090902_977b2686,jpg,F:\CODE\JianChanChan\src\ChanSight.Cli\bin\Debug\net8.0-windows10.0.22621.0\datasets\recordings\20260912_090902_977b2686\auto_00012068_20260912091336956.jpg,3840,2088,F:\CODE\JianChanChan\scripts\..\docs\qa_runs\a1b\bulk\img_0134.jpg
3,135,20260912_090902_977b2686_auto_00012162_20260912091338997,20260912_090902_977b2686,jpg,F:\CODE\JianChanChan\src\ChanSight.Cli\bin\Debug\net8.0-windows10.0.22621.0\datasets\recordings\20260912_090902_977b2686\auto_00012162_20260912091338997.jpg,3840,2088,F:\CODE\JianChanChan\scripts\..\docs\qa_runs\a1b\bulk\img_0135.jpg
3,136,20260912_090902_977b2686_auto_00012260_20260912091341047,20260912_090902_977b2686,jpg,F:\CODE\JianChanChan\src\ChanSight.Cli\bin\Debug\net8.0-windows10.0.22621.0\datasets\recordings\20260912_090902_977b2686\auto_00012260_20260912091341047.jpg,3840,2088,F:\CODE\JianChanChan\scripts\..\docs\qa_runs\a1b\bulk\img_0136.jpg
3,137,20260912_090902_977b2686_auto_00012357_20260912091343130,20260912_090902_977b2686,jpg,F:\CODE\JianChanChan\src\ChanSight.Cli\bin\Debug\net8.0-windows10.0.22621.0\datasets\recordings\20260912_090902_977b2686\auto_00012357_20260912091343130.jpg,3840,2088,F:\CODE\JianChanChan\scripts\..\docs\qa_runs\a1b\bulk\img_0137.jpg
3,138,20260912_090902_977b2686_auto_00012456_20260912091345158,20260912_090902_977b2686,jpg,F:\CODE\JianChanChan\src\ChanSight.Cli\bin\Debug\net8.0-windows10.0.22621.0\datasets\recordings\20260912_090902_977b2686\auto_00012456_20260912091345158.jpg,3840,2088,F:\CODE\JianChanChan\scripts\..\docs\qa_runs\a1b\bulk\img_0138.jpg
3,139,20260912_090902_977b2686_auto_00012556_20260912091347179,20260912_090902_977b2686,jpg,F:\CODE\JianChanChan\src\ChanSight.Cli\bin\Debug\net8.0-windows10.0.22621.0\datasets\recordings\20260912_090902_977b2686\auto_00012556_20260912091347179.jpg,3840,2088,F:\CODE\JianChanChan\scripts\..\docs\qa_runs\a1b\bulk\img_0139.jpg
3,140,20260912_090902_977b2686_auto_00012658_20260912091349248,20260912_090902_977b2686,jpg,F:\CODE\JianChanChan\src\ChanSight.Cli\bin\Debug\net8.0-windows10.0.22621.0\datasets\recordings\20260912_090902_977b2686\auto_00012658_20260912091349248.jpg,3840,2088,F:\CODE\JianChanChan\scripts\..\docs\qa_runs\a1b\bulk\img_0140.jpg
3,141,20260912_090902_977b2686_auto_00012746_20260912091351264,20260912_090902_977b2686,jpg,F:\CODE\JianChanChan\src\ChanSight.Cli\bin\Debug\net8.0-windows10.0.22621.0\datasets\recordings\20260912_090902_977b2686\auto_00012746_20260912091351264.jpg,3840,2088,F:\CODE\JianChanChan\scripts\..\docs\qa_runs\a1b\bulk\img_0141.jpg
3,142,20260912_090902_977b2686_auto_00012843_20260912091353308,20260912_090902_977b2686,jpg,F:\CODE\JianChanChan\src\ChanSight.Cli\bin\Debug\net8.0-windows10.0.22621.0\datasets\recordings\20260912_090902_977b2686\auto_00012843_20260912091353308.jpg,3840,2088,F:\CODE\JianChanChan\scripts\..\docs\qa_runs\a1b\bulk\img_0142.jpg
3,143,20260912_090902_977b2686_auto_00012945_20260912091355387,20260912_090902_977b2686,jpg,F:\CODE\JianChanChan\src\ChanSight.Cli\bin\Debug\net8.0-windows10.0.22621.0\datasets\recordings\20260912_090902_977b2686\auto_00012945_20260912091355387.jpg,3840,2088,F:\CODE\JianChanChan\scripts\..\docs\qa_runs\a1b\bulk\img_0143.jpg
3,144,20260912_090902_977b2686_auto_00013045_20260912091357422,20260912_090902_977b2686,jpg,F:\CODE\JianChanChan\src\ChanSight.Cli\bin\Debug\net8.0-windows10.0.22621.0\datasets\recordings\20260912_090902_977b2686\auto_00013045_20260912091357422.jpg,3840,2088,F:\CODE\JianChanChan\scripts\..\docs\qa_runs\a1b\bulk\img_0144.jpg
3,145,20260912_090902_977b2686_auto_00013145_20260912091359477,20260912_090902_977b2686,jpg,F:\CODE\JianChanChan\src\ChanSight.Cli\bin\Debug\net8.0-windows10.0.22621.0\datasets\recordings\20260912_090902_977b2686\auto_00013145_20260912091359477.jpg,3840,2088,F:\CODE\JianChanChan\scripts\..\docs\qa_runs\a1b\bulk\img_0145.jpg
3,146,20260912_090902_977b2686_auto_00013243_20260912091401490,20260912_090902_977b2686,jpg,F:\CODE\JianChanChan\src\ChanSight.Cli\bin\Debug\net8.0-windows10.0.22621.0\datasets\recordings\20260912_090902_977b2686\auto_00013243_20260912091401490.jpg,3840,2088,F:\CODE\JianChanChan\scripts\..\docs\qa_runs\a1b\bulk\img_0146.jpg
3,147,20260912_090902_977b2686_auto_00013341_20260912091403520,20260912_090902_977b2686,jpg,F:\CODE\JianChanChan\src\ChanSight.Cli\bin\Debug\net8.0-windows10.0.22621.0\datasets\recordings\20260912_090902_977b2686\auto_00013341_20260912091403520.jpg,3840,2088,F:\CODE\JianChanChan\scripts\..\docs\qa_runs\a1b\bulk\img_0147.jpg
3,148,20260912_090902_977b2686_auto_00013439_20260912091405527,20260912_090902_977b2686,jpg,F:\CODE\JianChanChan\src\ChanSight.Cli\bin\Debug\net8.0-windows10.0.22621.0\datasets\recordings\20260912_090902_977b2686\auto_00013439_20260912091405527.jpg,3840,2088,F:\CODE\JianChanChan\scripts\..\docs\qa_runs\a1b\bulk\img_0148.jpg
3,149,20260912_090902_977b2686_auto_00013536_20260912091407535,20260912_090902_977b2686,jpg,F:\CODE\JianChanChan\src\ChanSight.Cli\bin\Debug\net8.0-windows10.0.22621.0\datasets\recordings\20260912_090902_977b2686\auto_00013536_20260912091407535.jpg,3840,2088,F:\CODE\JianChanChan\scripts\..\docs\qa_runs\a1b\bulk\img_0149.jpg
3,150,20260912_090902_977b2686_auto_00013636_20260912091409568,20260912_090902_977b2686,jpg,F:\CODE\JianChanChan\src\ChanSight.Cli\bin\Debug\net8.0-windows10.0.22621.0\datasets\recordings\20260912_090902_977b2686\auto_00013636_20260912091409568.jpg,3840,2088,F:\CODE\JianChanChan\scripts\..\docs\qa_runs\a1b\bulk\img_0150.jpg
3,151,20260912_090902_977b2686_auto_00013712_20260912091411657,20260912_090902_977b2686,jpg,F:\CODE\JianChanChan\src\ChanSight.Cli\bin\Debug\net8.0-windows10.0.22621.0\datasets\recordings\20260912_090902_977b2686\auto_00013712_20260912091411657.jpg,3840,2088,F:\CODE\JianChanChan\scripts\..\docs\qa_runs\a1b\bulk\img_0151.jpg
3,152,20260912_090902_977b2686_auto_00013796_20260912091413679,20260912_090902_977b2686,jpg,F:\CODE\JianChanChan\src\ChanSight.Cli\bin\Debug\net8.0-windows10.0.22621.0\datasets\recordings\20260912_090902_977b2686\auto_00013796_20260912091413679.jpg,3840,2088,F:\CODE\JianChanChan\scripts\..\docs\qa_runs\a1b\bulk\img_0152.jpg
3,153,20260912_090902_977b2686_auto_00013896_20260912091415694,20260912_090902_977b2686,jpg,F:\CODE\JianChanChan\src\ChanSight.Cli\bin\Debug\net8.0-windows10.0.22621.0\datasets\recordings\20260912_090902_977b2686\auto_00013896_20260912091415694.jpg,3840,2088,F:\CODE\JianChanChan\scripts\..\docs\qa_runs\a1b\bulk\img_0153.jpg
4,154,20260912_090902_977b2686_auto_00013992_20260912091417708,20260912_090902_977b2686,jpg,F:\CODE\JianChanChan\src\ChanSight.Cli\bin\Debug\net8.0-windows10.0.22621.0\datasets\recordings\20260912_090902_977b2686\auto_00013992_20260912091417708.jpg,3840,2088,F:\CODE\JianChanChan\scripts\..\docs\qa_runs\a1b\bulk\img_0154.jpg
4,155,20260912_090902_977b2686_auto_00014090_20260912091419722,20260912_090902_977b2686,jpg,F:\CODE\JianChanChan\src\ChanSight.Cli\bin\Debug\net8.0-windows10.0.22621.0\datasets\recordings\20260912_090902_977b2686\auto_00014090_20260912091419722.jpg,3840,2088,F:\CODE\JianChanChan\scripts\..\docs\qa_runs\a1b\bulk\img_0155.jpg
4,156,20260912_090902_977b2686_auto_00014191_20260912091421742,20260912_090902_977b2686,jpg,F:\CODE\JianChanChan\src\ChanSight.Cli\bin\Debug\net8.0-windows10.0.22621.0\datasets\recordings\20260912_090902_977b2686\auto_00014191_20260912091421742.jpg,3840,2088,F:\CODE\JianChanChan\scripts\..\docs\qa_runs\a1b\bulk\img_0156.jpg
4,157,20260912_090902_977b2686_auto_00014292_20260912091423770,20260912_090902_977b2686,jpg,F:\CODE\JianChanChan\src\ChanSight.Cli\bin\Debug\net8.0-windows10.0.22621.0\datasets\recordings\20260912_090902_977b2686\auto_00014292_20260912091423770.jpg,3840,2088,F:\CODE\JianChanChan\scripts\..\docs\qa_runs\a1b\bulk\img_0157.jpg
4,158,20260912_090902_977b2686_auto_00014392_20260912091425777,20260912_090902_977b2686,jpg,F:\CODE\JianChanChan\src\ChanSight.Cli\bin\Debug\net8.0-windows10.0.22621.0\datasets\recordings\20260912_090902_977b2686\auto_00014392_20260912091425777.jpg,3840,2088,F:\CODE\JianChanChan\scripts\..\docs\qa_runs\a1b\bulk\img_0158.jpg
4,159,20260912_090902_977b2686_auto_00014489_20260912091427805,20260912_090902_977b2686,jpg,F:\CODE\JianChanChan\src\ChanSight.Cli\bin\Debug\net8.0-windows10.0.22621.0\datasets\recordings\20260912_090902_977b2686\auto_00014489_20260912091427805.jpg,3840,2088,F:\CODE\JianChanChan\scripts\..\docs\qa_runs\a1b\bulk\img_0159.jpg
4,160,20260912_090902_977b2686_auto_00014588_20260912091429854,20260912_090902_977b2686,jpg,F:\CODE\JianChanChan\src\ChanSight.Cli\bin\Debug\net8.0-windows10.0.22621.0\datasets\recordings\20260912_090902_977b2686\auto_00014588_20260912091429854.jpg,3840,2088,F:\CODE\JianChanChan\scripts\..\docs\qa_runs\a1b\bulk\img_0160.jpg
4,161,20260912_090902_977b2686_auto_00014688_20260912091431889,20260912_090902_977b2686,jpg,F:\CODE\JianChanChan\src\ChanSight.Cli\bin\Debug\net8.0-windows10.0.22621.0\datasets\recordings\20260912_090902_977b2686\auto_00014688_20260912091431889.jpg,3840,2088,F:\CODE\JianChanChan\scripts\..\docs\qa_runs\a1b\bulk\img_0161.jpg
4,162,20260912_090902_977b2686_auto_00014788_20260912091433923,20260912_090902_977b2686,jpg,F:\CODE\JianChanChan\src\ChanSight.Cli\bin\Debug\net8.0-windows10.0.22621.0\datasets\recordings\20260912_090902_977b2686\auto_00014788_20260912091433923.jpg,3840,2088,F:\CODE\JianChanChan\scripts\..\docs\qa_runs\a1b\bulk\img_0162.jpg
4,163,20260912_090902_977b2686_auto_00014873_20260912091435964,20260912_090902_977b2686,jpg,F:\CODE\JianChanChan\src\ChanSight.Cli\bin\Debug\net8.0-windows10.0.22621.0\datasets\recordings\20260912_090902_977b2686\auto_00014873_20260912091435964.jpg,3840,2088,F:\CODE\JianChanChan\scripts\..\docs\qa_runs\a1b\bulk\img_0163.jpg
4,164,20260912_090902_977b2686_auto_00014967_20260912091437999,20260912_090902_977b2686,jpg,F:\CODE\JianChanChan\src\ChanSight.Cli\bin\Debug\net8.0-windows10.0.22621.0\datasets\recordings\20260912_090902_977b2686\auto_00014967_20260912091437999.jpg,3840,2088,F:\CODE\JianChanChan\scripts\..\docs\qa_runs\a1b\bulk\img_0164.jpg
4,165,20260912_090902_977b2686_auto_00015056_20260912091440014,20260912_090902_977b2686,jpg,F:\CODE\JianChanChan\src\ChanSight.Cli\bin\Debug\net8.0-windows10.0.22621.0\datasets\recordings\20260912_090902_977b2686\auto_00015056_20260912091440014.jpg,3840,2088,F:\CODE\JianChanChan\scripts\..\docs\qa_runs\a1b\bulk\img_0165.jpg
4,166,20260912_090902_977b2686_auto_00015154_20260912091442028,20260912_090902_977b2686,jpg,F:\CODE\JianChanChan\src\ChanSight.Cli\bin\Debug\net8.0-windows10.0.22621.0\datasets\recordings\20260912_090902_977b2686\auto_00015154_20260912091442028.jpg,3840,2088,F:\CODE\JianChanChan\scripts\..\docs\qa_runs\a1b\bulk\img_0166.jpg
4,167,20260912_090902_977b2686_auto_00015251_20260912091444029,20260912_090902_977b2686,jpg,F:\CODE\JianChanChan\src\ChanSight.Cli\bin\Debug\net8.0-windows10.0.22621.0\datasets\recordings\20260912_090902_977b2686\auto_00015251_20260912091444029.jpg,3840,2088,F:\CODE\JianChanChan\scripts\..\docs\qa_runs\a1b\bulk\img_0167.jpg
4,168,20260912_090902_977b2686_auto_00015352_20260912091446078,20260912_090902_977b2686,jpg,F:\CODE\JianChanChan\src\ChanSight.Cli\bin\Debug\net8.0-windows10.0.22621.0\datasets\recordings\20260912_090902_977b2686\auto_00015352_20260912091446078.jpg,3840,2088,F:\CODE\JianChanChan\scripts\..\docs\qa_runs\a1b\bulk\img_0168.jpg
4,169,20260912_090902_977b2686_auto_00015453_20260912091448091,20260912_090902_977b2686,jpg,F:\CODE\JianChanChan\src\ChanSight.Cli\bin\Debug\net8.0-windows10.0.22621.0\datasets\recordings\20260912_090902_977b2686\auto_00015453_20260912091448091.jpg,3840,2088,F:\CODE\JianChanChan\scripts\..\docs\qa_runs\a1b\bulk\img_0169.jpg
4,170,20260912_090902_977b2686_auto_00015553_20260912091450112,20260912_090902_977b2686,jpg,F:\CODE\JianChanChan\src\ChanSight.Cli\bin\Debug\net8.0-windows10.0.22621.0\datasets\recordings\20260912_090902_977b2686\auto_00015553_20260912091450112.jpg,3840,2088,F:\CODE\JianChanChan\scripts\..\docs\qa_runs\a1b\bulk\img_0170.jpg
4,171,20260912_090902_977b2686_auto_00015651_20260912091452149,20260912_090902_977b2686,jpg,F:\CODE\JianChanChan\src\ChanSight.Cli\bin\Debug\net8.0-windows10.0.22621.0\datasets\recordings\20260912_090902_977b2686\auto_00015651_20260912091452149.jpg,3840,2088,F:\CODE\JianChanChan\scripts\..\docs\qa_runs\a1b\bulk\img_0171.jpg
4,172,20260912_090902_977b2686_auto_00015750_20260912091454160,20260912_090902_977b2686,jpg,F:\CODE\JianChanChan\src\ChanSight.Cli\bin\Debug\net8.0-windows10.0.22621.0\datasets\recordings\20260912_090902_977b2686\auto_00015750_20260912091454160.jpg,3840,2088,F:\CODE\JianChanChan\scripts\..\docs\qa_runs\a1b\bulk\img_0172.jpg
4,173,20260912_090902_977b2686_auto_00015843_20260912091456162,20260912_090902_977b2686,jpg,F:\CODE\JianChanChan\src\ChanSight.Cli\bin\Debug\net8.0-windows10.0.22621.0\datasets\recordings\20260912_090902_977b2686\auto_00015843_20260912091456162.jpg,3840,2088,F:\CODE\JianChanChan\scripts\..\docs\qa_runs\a1b\bulk\img_0173.jpg
4,174,20260912_090902_977b2686_auto_00015945_20260912091458202,20260912_090902_977b2686,jpg,F:\CODE\JianChanChan\src\ChanSight.Cli\bin\Debug\net8.0-windows10.0.22621.0\datasets\recordings\20260912_090902_977b2686\auto_00015945_20260912091458202.jpg,3840,2088,F:\CODE\JianChanChan\scripts\..\docs\qa_runs\a1b\bulk\img_0174.jpg
4,175,20260912_090902_977b2686_auto_00016043_20260912091500231,20260912_090902_977b2686,jpg,F:\CODE\JianChanChan\src\ChanSight.Cli\bin\Debug\net8.0-windows10.0.22621.0\datasets\recordings\20260912_090902_977b2686\auto_00016043_20260912091500231.jpg,3840,2088,F:\CODE\JianChanChan\scripts\..\docs\qa_runs\a1b\bulk\img_0175.jpg
4,176,20260912_090902_977b2686_auto_00016143_20260912091502280,20260912_090902_977b2686,jpg,F:\CODE\JianChanChan\src\ChanSight.Cli\bin\Debug\net8.0-windows10.0.22621.0\datasets\recordings\20260912_090902_977b2686\auto_00016143_20260912091502280.jpg,3840,2088,F:\CODE\JianChanChan\scripts\..\docs\qa_runs\a1b\bulk\img_0176.jpg
4,177,20260912_090902_977b2686_auto_00016242_20260912091504324,20260912_090902_977b2686,jpg,F:\CODE\JianChanChan\src\ChanSight.Cli\bin\Debug\net8.0-windows10.0.22621.0\datasets\recordings\20260912_090902_977b2686\auto_00016242_20260912091504324.jpg,3840,2088,F:\CODE\JianChanChan\scripts\..\docs\qa_runs\a1b\bulk\img_0177.jpg
4,178,20260912_090902_977b2686_auto_00016333_20260912091506363,20260912_090902_977b2686,jpg,F:\CODE\JianChanChan\src\ChanSight.Cli\bin\Debug\net8.0-windows10.0.22621.0\datasets\recordings\20260912_090902_977b2686\auto_00016333_20260912091506363.jpg,3840,2088,F:\CODE\JianChanChan\scripts\..\docs\qa_runs\a1b\bulk\img_0178.jpg
4,179,20260912_090902_977b2686_auto_00016431_20260912091508370,20260912_090902_977b2686,jpg,F:\CODE\JianChanChan\src\ChanSight.Cli\bin\Debug\net8.0-windows10.0.22621.0\datasets\recordings\20260912_090902_977b2686\auto_00016431_20260912091508370.jpg,3840,2088,F:\CODE\JianChanChan\scripts\..\docs\qa_runs\a1b\bulk\img_0179.jpg
4,180,20260912_090902_977b2686_auto_00016530_20260912091510439,20260912_090902_977b2686,jpg,F:\CODE\JianChanChan\src\ChanSight.Cli\bin\Debug\net8.0-windows10.0.22621.0\datasets\recordings\20260912_090902_977b2686\auto_00016530_20260912091510439.jpg,3840,2088,F:\CODE\JianChanChan\scripts\..\docs\qa_runs\a1b\bulk\img_0180.jpg
4,181,20260912_090902_977b2686_auto_00016628_20260912091512467,20260912_090902_977b2686,jpg,F:\CODE\JianChanChan\src\ChanSight.Cli\bin\Debug\net8.0-windows10.0.22621.0\datasets\recordings\20260912_090902_977b2686\auto_00016628_20260912091512467.jpg,3840,2088,F:\CODE\JianChanChan\scripts\..\docs\qa_runs\a1b\bulk\img_0181.jpg
4,182,20260912_090902_977b2686_auto_00016727_20260912091514469,20260912_090902_977b2686,jpg,F:\CODE\JianChanChan\src\ChanSight.Cli\bin\Debug\net8.0-windows10.0.22621.0\datasets\recordings\20260912_090902_977b2686\auto_00016727_20260912091514469.jpg,3840,2088,F:\CODE\JianChanChan\scripts\..\docs\qa_runs\a1b\bulk\img_0182.jpg
4,183,20260912_090902_977b2686_auto_00016820_20260912091516547,20260912_090902_977b2686,jpg,F:\CODE\JianChanChan\src\ChanSight.Cli\bin\Debug\net8.0-windows10.0.22621.0\datasets\recordings\20260912_090902_977b2686\auto_00016820_20260912091516547.jpg,3840,2088,F:\CODE\JianChanChan\scripts\..\docs\qa_runs\a1b\bulk\img_0183.jpg
4,184,20260912_090902_977b2686_auto_00016916_20260912091518565,20260912_090902_977b2686,jpg,F:\CODE\JianChanChan\src\ChanSight.Cli\bin\Debug\net8.0-windows10.0.22621.0\datasets\recordings\20260912_090902_977b2686\auto_00016916_20260912091518565.jpg,3840,2088,F:\CODE\JianChanChan\scripts\..\docs\qa_runs\a1b\bulk\img_0184.jpg
4,185,20260912_090902_977b2686_auto_00017015_20260912091520605,20260912_090902_977b2686,jpg,F:\CODE\JianChanChan\src\ChanSight.Cli\bin\Debug\net8.0-windows10.0.22621.0\datasets\recordings\20260912_090902_977b2686\auto_00017015_20260912091520605.jpg,3840,2088,F:\CODE\JianChanChan\scripts\..\docs\qa_runs\a1b\bulk\img_0185.jpg
4,186,20260912_090902_977b2686_auto_00017110_20260912091522634,20260912_090902_977b2686,jpg,F:\CODE\JianChanChan\src\ChanSight.Cli\bin\Debug\net8.0-windows10.0.22621.0\datasets\recordings\20260912_090902_977b2686\auto_00017110_20260912091522634.jpg,3840,2088,F:\CODE\JianChanChan\scripts\..\docs\qa_runs\a1b\bulk\img_0186.jpg
4,187,20260912_090902_977b2686_auto_00017206_20260912091524662,20260912_090902_977b2686,jpg,F:\CODE\JianChanChan\src\ChanSight.Cli\bin\Debug\net8.0-windows10.0.22621.0\datasets\recordings\20260912_090902_977b2686\auto_00017206_20260912091524662.jpg,3840,2088,F:\CODE\JianChanChan\scripts\..\docs\qa_runs\a1b\bulk\img_0187.jpg
4,188,20260912_090902_977b2686_auto_00017306_20260912091526696,20260912_090902_977b2686,jpg,F:\CODE\JianChanChan\src\ChanSight.Cli\bin\Debug\net8.0-windows10.0.22621.0\datasets\recordings\20260912_090902_977b2686\auto_00017306_20260912091526696.jpg,3840,2088,F:\CODE\JianChanChan\scripts\..\docs\qa_runs\a1b\bulk\img_0188.jpg
4,189,20260912_090902_977b2686_auto_00017404_20260912091528711,20260912_090902_977b2686,jpg,F:\CODE\JianChanChan\src\ChanSight.Cli\bin\Debug\net8.0-windows10.0.22621.0\datasets\recordings\20260912_090902_977b2686\auto_00017404_20260912091528711.jpg,3840,2088,F:\CODE\JianChanChan\scripts\..\docs\qa_runs\a1b\bulk\img_0189.jpg
4,190,20260912_090902_977b2686_auto_00017507_20260912091530738,20260912_090902_977b2686,jpg,F:\CODE\JianChanChan\src\ChanSight.Cli\bin\Debug\net8.0-windows10.0.22621.0\datasets\recordings\20260912_090902_977b2686\auto_00017507_20260912091530738.jpg,3840,2088,F:\CODE\JianChanChan\scripts\..\docs\qa_runs\a1b\bulk\img_0190.jpg
4,191,20260912_090902_977b2686_auto_00017606_20260912091532751,20260912_090902_977b2686,jpg,F:\CODE\JianChanChan\src\ChanSight.Cli\bin\Debug\net8.0-windows10.0.22621.0\datasets\recordings\20260912_090902_977b2686\auto_00017606_20260912091532751.jpg,3840,2088,F:\CODE\JianChanChan\scripts\..\docs\qa_runs\a1b\bulk\img_0191.jpg
4,192,20260912_090902_977b2686_auto_00017689_20260912091534755,20260912_090902_977b2686,jpg,F:\CODE\JianChanChan\src\ChanSight.Cli\bin\Debug\net8.0-windows10.0.22621.0\datasets\recordings\20260912_090902_977b2686\auto_00017689_20260912091534755.jpg,3840,2088,F:\CODE\JianChanChan\scripts\..\docs\qa_runs\a1b\bulk\img_0192.jpg
4,193,20260912_090902_977b2686_auto_00017789_20260912091536782,20260912_090902_977b2686,jpg,F:\CODE\JianChanChan\src\ChanSight.Cli\bin\Debug\net8.0-windows10.0.22621.0\datasets\recordings\20260912_090902_977b2686\auto_00017789_20260912091536782.jpg,3840,2088,F:\CODE\JianChanChan\scripts\..\docs\qa_runs\a1b\bulk\img_0193.jpg
4,194,20260912_090902_977b2686_auto_00017873_20260912091538787,20260912_090902_977b2686,jpg,F:\CODE\JianChanChan\src\ChanSight.Cli\bin\Debug\net8.0-windows10.0.22621.0\datasets\recordings\20260912_090902_977b2686\auto_00017873_20260912091538787.jpg,3840,2088,F:\CODE\JianChanChan\scripts\..\docs\qa_runs\a1b\bulk\img_0194.jpg
4,195,20260912_090902_977b2686_auto_00017969_20260912091540835,20260912_090902_977b2686,jpg,F:\CODE\JianChanChan\src\ChanSight.Cli\bin\Debug\net8.0-windows10.0.22621.0\datasets\recordings\20260912_090902_977b2686\auto_00017969_20260912091540835.jpg,3840,2088,F:\CODE\JianChanChan\scripts\..\docs\qa_runs\a1b\bulk\img_0195.jpg
4,196,20260912_090902_977b2686_auto_00018070_20260912091542857,20260912_090902_977b2686,jpg,F:\CODE\JianChanChan\src\ChanSight.Cli\bin\Debug\net8.0-windows10.0.22621.0\datasets\recordings\20260912_090902_977b2686\auto_00018070_20260912091542857.jpg,3840,2088,F:\CODE\JianChanChan\scripts\..\docs\qa_runs\a1b\bulk\img_0196.jpg
4,197,20260912_090902_977b2686_auto_00018159_20260912091545037,20260912_090902_977b2686,jpg,F:\CODE\JianChanChan\src\ChanSight.Cli\bin\Debug\net8.0-windows10.0.22621.0\datasets\recordings\20260912_090902_977b2686\auto_00018159_20260912091545037.jpg,3840,2088,F:\CODE\JianChanChan\scripts\..\docs\qa_runs\a1b\bulk\img_0197.jpg
4,198,20260912_090902_977b2686_auto_00018259_20260912091547073,20260912_090902_977b2686,jpg,F:\CODE\JianChanChan\src\ChanSight.Cli\bin\Debug\net8.0-windows10.0.22621.0\datasets\recordings\20260912_090902_977b2686\auto_00018259_20260912091547073.jpg,3840,2088,F:\CODE\JianChanChan\scripts\..\docs\qa_runs\a1b\bulk\img_0198.jpg
4,199,20260912_090902_977b2686_auto_00018355_20260912091549100,20260912_090902_977b2686,jpg,F:\CODE\JianChanChan\src\ChanSight.Cli\bin\Debug\net8.0-windows10.0.22621.0\datasets\recordings\20260912_090902_977b2686\auto_00018355_20260912091549100.jpg,3840,2088,F:\CODE\JianChanChan\scripts\..\docs\qa_runs\a1b\bulk\img_0199.jpg
4,200,20260912_090902_977b2686_auto_00018442_20260912091551129,20260912_090902_977b2686,jpg,F:\CODE\JianChanChan\src\ChanSight.Cli\bin\Debug\net8.0-windows10.0.22621.0\datasets\recordings\20260912_090902_977b2686\auto_00018442_20260912091551129.jpg,3840,2088,F:\CODE\JianChanChan\scripts\..\docs\qa_runs\a1b\bulk\img_0200.jpg
4,201,20260912_090902_977b2686_auto_00018522_20260912091553489,20260912_090902_977b2686,jpg,F:\CODE\JianChanChan\src\ChanSight.Cli\bin\Debug\net8.0-windows10.0.22621.0\datasets\recordings\20260912_090902_977b2686\auto_00018522_20260912091553489.jpg,3840,2088,F:\CODE\JianChanChan\scripts\..\docs\qa_runs\a1b\bulk\img_0201.jpg
4,202,20260912_090902_977b2686_auto_00018612_20260912091555512,20260912_090902_977b2686,jpg,F:\CODE\JianChanChan\src\ChanSight.Cli\bin\Debug\net8.0-windows10.0.22621.0\datasets\recordings\20260912_090902_977b2686\auto_00018612_20260912091555512.jpg,3840,2088,F:\CODE\JianChanChan\scripts\..\docs\qa_runs\a1b\bulk\img_0202.jpg
4,203,20260912_090902_977b2686_auto_00018699_20260912091557538,20260912_090902_977b2686,jpg,F:\CODE\JianChanChan\src\ChanSight.Cli\bin\Debug\net8.0-windows10.0.22621.0\datasets\recordings\20260912_090902_977b2686\auto_00018699_20260912091557538.jpg,3840,2088,F:\CODE\JianChanChan\scripts\..\docs\qa_runs\a1b\bulk\img_0203.jpg
4,204,20260912_090902_977b2686_auto_00018798_20260912091559545,20260912_090902_977b2686,jpg,F:\CODE\JianChanChan\src\ChanSight.Cli\bin\Debug\net8.0-windows10.0.22621.0\datasets\recordings\20260912_090902_977b2686\auto_00018798_20260912091559545.jpg,3840,2088,F:\CODE\JianChanChan\scripts\..\docs\qa_runs\a1b\bulk\img_0204.jpg
5,205,20260912_090902_977b2686_auto_00018893_20260912091601546,20260912_090902_977b2686,jpg,F:\CODE\JianChanChan\src\ChanSight.Cli\bin\Debug\net8.0-windows10.0.22621.0\datasets\recordings\20260912_090902_977b2686\auto_00018893_20260912091601546.jpg,3840,2088,F:\CODE\JianChanChan\scripts\..\docs\qa_runs\a1b\bulk\img_0205.jpg
5,206,20260912_090902_977b2686_auto_00018987_20260912091603546,20260912_090902_977b2686,jpg,F:\CODE\JianChanChan\src\ChanSight.Cli\bin\Debug\net8.0-windows10.0.22621.0\datasets\recordings\20260912_090902_977b2686\auto_00018987_20260912091603546.jpg,3840,2088,F:\CODE\JianChanChan\scripts\..\docs\qa_runs\a1b\bulk\img_0206.jpg
5,207,20260912_090902_977b2686_auto_00019086_20260912091605616,20260912_090902_977b2686,jpg,F:\CODE\JianChanChan\src\ChanSight.Cli\bin\Debug\net8.0-windows10.0.22621.0\datasets\recordings\20260912_090902_977b2686\auto_00019086_20260912091605616.jpg,3840,2088,F:\CODE\JianChanChan\scripts\..\docs\qa_runs\a1b\bulk\img_0207.jpg
5,208,20260912_090902_977b2686_auto_00019185_20260912091607658,20260912_090902_977b2686,jpg,F:\CODE\JianChanChan\src\ChanSight.Cli\bin\Debug\net8.0-windows10.0.22621.0\datasets\recordings\20260912_090902_977b2686\auto_00019185_20260912091607658.jpg,3840,2088,F:\CODE\JianChanChan\scripts\..\docs\qa_runs\a1b\bulk\img_0208.jpg
5,209,20260912_090902_977b2686_auto_00019284_20260912091609700,20260912_090902_977b2686,jpg,F:\CODE\JianChanChan\src\ChanSight.Cli\bin\Debug\net8.0-windows10.0.22621.0\datasets\recordings\20260912_090902_977b2686\auto_00019284_20260912091609700.jpg,3840,2088,F:\CODE\JianChanChan\scripts\..\docs\qa_runs\a1b\bulk\img_0209.jpg
5,210,20260912_090902_977b2686_auto_00019368_20260912091611726,20260912_090902_977b2686,jpg,F:\CODE\JianChanChan\src\ChanSight.Cli\bin\Debug\net8.0-windows10.0.22621.0\datasets\recordings\20260912_090902_977b2686\auto_00019368_20260912091611726.jpg,3840,2088,F:\CODE\JianChanChan\scripts\..\docs\qa_runs\a1b\bulk\img_0210.jpg
5,211,20260912_090902_977b2686_auto_00019470_20260912091613766,20260912_090902_977b2686,jpg,F:\CODE\JianChanChan\src\ChanSight.Cli\bin\Debug\net8.0-windows10.0.22621.0\datasets\recordings\20260912_090902_977b2686\auto_00019470_20260912091613766.jpg,3840,2088,F:\CODE\JianChanChan\scripts\..\docs\qa_runs\a1b\bulk\img_0211.jpg
5,212,20260912_090902_977b2686_auto_00019565_20260912091615797,20260912_090902_977b2686,jpg,F:\CODE\JianChanChan\src\ChanSight.Cli\bin\Debug\net8.0-windows10.0.22621.0\datasets\recordings\20260912_090902_977b2686\auto_00019565_20260912091615797.jpg,3840,2088,F:\CODE\JianChanChan\scripts\..\docs\qa_runs\a1b\bulk\img_0212.jpg
5,213,20260912_090902_977b2686_auto_00019663_20260912091617798,20260912_090902_977b2686,jpg,F:\CODE\JianChanChan\src\ChanSight.Cli\bin\Debug\net8.0-windows10.0.22621.0\datasets\recordings\20260912_090902_977b2686\auto_00019663_20260912091617798.jpg,3840,2088,F:\CODE\JianChanChan\scripts\..\docs\qa_runs\a1b\bulk\img_0213.jpg
5,214,20260912_090902_977b2686_auto_00019762_20260912091619879,20260912_090902_977b2686,jpg,F:\CODE\JianChanChan\src\ChanSight.Cli\bin\Debug\net8.0-windows10.0.22621.0\datasets\recordings\20260912_090902_977b2686\auto_00019762_20260912091619879.jpg,3840,2088,F:\CODE\JianChanChan\scripts\..\docs\qa_runs\a1b\bulk\img_0214.jpg
5,215,20260912_090902_977b2686_auto_00019861_20260912091621882,20260912_090902_977b2686,jpg,F:\CODE\JianChanChan\src\ChanSight.Cli\bin\Debug\net8.0-windows10.0.22621.0\datasets\recordings\20260912_090902_977b2686\auto_00019861_20260912091621882.jpg,3840,2088,F:\CODE\JianChanChan\scripts\..\docs\qa_runs\a1b\bulk\img_0215.jpg
5,216,20260912_090902_977b2686_auto_00019959_20260912091623894,20260912_090902_977b2686,jpg,F:\CODE\JianChanChan\src\ChanSight.Cli\bin\Debug\net8.0-windows10.0.22621.0\datasets\recordings\20260912_090902_977b2686\auto_00019959_20260912091623894.jpg,3840,2088,F:\CODE\JianChanChan\scripts\..\docs\qa_runs\a1b\bulk\img_0216.jpg
5,217,20260912_090902_977b2686_auto_00020055_20260912091625914,20260912_090902_977b2686,jpg,F:\CODE\JianChanChan\src\ChanSight.Cli\bin\Debug\net8.0-windows10.0.22621.0\datasets\recordings\20260912_090902_977b2686\auto_00020055_20260912091625914.jpg,3840,2088,F:\CODE\JianChanChan\scripts\..\docs\qa_runs\a1b\bulk\img_0217.jpg
5,218,20260912_090902_977b2686_auto_00020153_20260912091627983,20260912_090902_977b2686,jpg,F:\CODE\JianChanChan\src\ChanSight.Cli\bin\Debug\net8.0-windows10.0.22621.0\datasets\recordings\20260912_090902_977b2686\auto_00020153_20260912091627983.jpg,3840,2088,F:\CODE\JianChanChan\scripts\..\docs\qa_runs\a1b\bulk\img_0218.jpg
5,219,20260912_090902_977b2686_auto_00020239_20260912091630013,20260912_090902_977b2686,jpg,F:\CODE\JianChanChan\src\ChanSight.Cli\bin\Debug\net8.0-windows10.0.22621.0\datasets\recordings\20260912_090902_977b2686\auto_00020239_20260912091630013.jpg,3840,2088,F:\CODE\JianChanChan\scripts\..\docs\qa_runs\a1b\bulk\img_0219.jpg
5,220,20260912_090902_977b2686_auto_00020341_20260912091632033,20260912_090902_977b2686,jpg,F:\CODE\JianChanChan\src\ChanSight.Cli\bin\Debug\net8.0-windows10.0.22621.0\datasets\recordings\20260912_090902_977b2686\auto_00020341_20260912091632033.jpg,3840,2088,F:\CODE\JianChanChan\scripts\..\docs\qa_runs\a1b\bulk\img_0220.jpg
5,221,20260912_090902_977b2686_auto_00020440_20260912091634069,20260912_090902_977b2686,jpg,F:\CODE\JianChanChan\src\ChanSight.Cli\bin\Debug\net8.0-windows10.0.22621.0\datasets\recordings\20260912_090902_977b2686\auto_00020440_20260912091634069.jpg,3840,2088,F:\CODE\JianChanChan\scripts\..\docs\qa_runs\a1b\bulk\img_0221.jpg
5,222,20260912_090902_977b2686_auto_00020538_20260912091636081,20260912_090902_977b2686,jpg,F:\CODE\JianChanChan\src\ChanSight.Cli\bin\Debug\net8.0-windows10.0.22621.0\datasets\recordings\20260912_090902_977b2686\auto_00020538_20260912091636081.jpg,3840,2088,F:\CODE\JianChanChan\scripts\..\docs\qa_runs\a1b\bulk\img_0222.jpg
5,223,20260912_090902_977b2686_auto_00020635_20260912091638088,20260912_090902_977b2686,jpg,F:\CODE\JianChanChan\src\ChanSight.Cli\bin\Debug\net8.0-windows10.0.22621.0\datasets\recordings\20260912_090902_977b2686\auto_00020635_20260912091638088.jpg,3840,2088,F:\CODE\JianChanChan\scripts\..\docs\qa_runs\a1b\bulk\img_0223.jpg
5,224,20260912_090902_977b2686_auto_00020734_20260912091640109,20260912_090902_977b2686,jpg,F:\CODE\JianChanChan\src\ChanSight.Cli\bin\Debug\net8.0-windows10.0.22621.0\datasets\recordings\20260912_090902_977b2686\auto_00020734_20260912091640109.jpg,3840,2088,F:\CODE\JianChanChan\scripts\..\docs\qa_runs\a1b\bulk\img_0224.jpg
5,225,20260912_090902_977b2686_auto_00020836_20260912091642133,20260912_090902_977b2686,jpg,F:\CODE\JianChanChan\src\ChanSight.Cli\bin\Debug\net8.0-windows10.0.22621.0\datasets\recordings\20260912_090902_977b2686\auto_00020836_20260912091642133.jpg,3840,2088,F:\CODE\JianChanChan\scripts\..\docs\qa_runs\a1b\bulk\img_0225.jpg
5,226,20260912_090902_977b2686_auto_00020936_20260912091644192,20260912_090902_977b2686,jpg,F:\CODE\JianChanChan\src\ChanSight.Cli\bin\Debug\net8.0-windows10.0.22621.0\datasets\recordings\20260912_090902_977b2686\auto_00020936_20260912091644192.jpg,3840,2088,F:\CODE\JianChanChan\scripts\..\docs\qa_runs\a1b\bulk\img_0226.jpg
5,227,20260912_090902_977b2686_auto_00021038_20260912091646216,20260912_090902_977b2686,jpg,F:\CODE\JianChanChan\src\ChanSight.Cli\bin\Debug\net8.0-windows10.0.22621.0\datasets\recordings\20260912_090902_977b2686\auto_00021038_20260912091646216.jpg,3840,2088,F:\CODE\JianChanChan\scripts\..\docs\qa_runs\a1b\bulk\img_0227.jpg
5,228,20260912_090902_977b2686_auto_00021138_20260912091648256,20260912_090902_977b2686,jpg,F:\CODE\JianChanChan\src\ChanSight.Cli\bin\Debug\net8.0-windows10.0.22621.0\datasets\recordings\20260912_090902_977b2686\auto_00021138_20260912091648256.jpg,3840,2088,F:\CODE\JianChanChan\scripts\..\docs\qa_runs\a1b\bulk\img_0228.jpg
5,229,20260912_090902_977b2686_auto_00021238_20260912091650271,20260912_090902_977b2686,jpg,F:\CODE\JianChanChan\src\ChanSight.Cli\bin\Debug\net8.0-windows10.0.22621.0\datasets\recordings\20260912_090902_977b2686\auto_00021238_20260912091650271.jpg,3840,2088,F:\CODE\JianChanChan\scripts\..\docs\qa_runs\a1b\bulk\img_0229.jpg
5,230,20260912_090902_977b2686_auto_00021341_20260912091652348,20260912_090902_977b2686,jpg,F:\CODE\JianChanChan\src\ChanSight.Cli\bin\Debug\net8.0-windows10.0.22621.0\datasets\recordings\20260912_090902_977b2686\auto_00021341_20260912091652348.jpg,3840,2088,F:\CODE\JianChanChan\scripts\..\docs\qa_runs\a1b\bulk\img_0230.jpg
5,231,20260912_090902_977b2686_auto_00021430_20260912091654354,20260912_090902_977b2686,jpg,F:\CODE\JianChanChan\src\ChanSight.Cli\bin\Debug\net8.0-windows10.0.22621.0\datasets\recordings\20260912_090902_977b2686\auto_00021430_20260912091654354.jpg,3840,2088,F:\CODE\JianChanChan\scripts\..\docs\qa_runs\a1b\bulk\img_0231.jpg
5,232,20260912_090902_977b2686_auto_00021531_20260912091656376,20260912_090902_977b2686,jpg,F:\CODE\JianChanChan\src\ChanSight.Cli\bin\Debug\net8.0-windows10.0.22621.0\datasets\recordings\20260912_090902_977b2686\auto_00021531_20260912091656376.jpg,3840,2088,F:\CODE\JianChanChan\scripts\..\docs\qa_runs\a1b\bulk\img_0232.jpg
5,233,20260912_090902_977b2686_auto_00021628_20260912091658389,20260912_090902_977b2686,jpg,F:\CODE\JianChanChan\src\ChanSight.Cli\bin\Debug\net8.0-windows10.0.22621.0\datasets\recordings\20260912_090902_977b2686\auto_00021628_20260912091658389.jpg,3840,2088,F:\CODE\JianChanChan\scripts\..\docs\qa_runs\a1b\bulk\img_0233.jpg
5,234,20260912_090902_977b2686_auto_00021718_20260912091700390,20260912_090902_977b2686,jpg,F:\CODE\JianChanChan\src\ChanSight.Cli\bin\Debug\net8.0-windows10.0.22621.0\datasets\recordings\20260912_090902_977b2686\auto_00021718_20260912091700390.jpg,3840,2088,F:\CODE\JianChanChan\scripts\..\docs\qa_runs\a1b\bulk\img_0234.jpg
5,235,20260912_090902_977b2686_auto_00021814_20260912091702438,20260912_090902_977b2686,jpg,F:\CODE\JianChanChan\src\ChanSight.Cli\bin\Debug\net8.0-windows10.0.22621.0\datasets\recordings\20260912_090902_977b2686\auto_00021814_20260912091702438.jpg,3840,2088,F:\CODE\JianChanChan\scripts\..\docs\qa_runs\a1b\bulk\img_0235.jpg
5,236,20260912_090902_977b2686_auto_00021912_20260912091704445,20260912_090902_977b2686,jpg,F:\CODE\JianChanChan\src\ChanSight.Cli\bin\Debug\net8.0-windows10.0.22621.0\datasets\recordings\20260912_090902_977b2686\auto_00021912_20260912091704445.jpg,3840,2088,F:\CODE\JianChanChan\scripts\..\docs\qa_runs\a1b\bulk\img_0236.jpg
5,237,20260912_090902_977b2686_auto_00022007_20260912091706472,20260912_090902_977b2686,jpg,F:\CODE\JianChanChan\src\ChanSight.Cli\bin\Debug\net8.0-windows10.0.22621.0\datasets\recordings\20260912_090902_977b2686\auto_00022007_20260912091706472.jpg,3840,2088,F:\CODE\JianChanChan\scripts\..\docs\qa_runs\a1b\bulk\img_0237.jpg
5,238,20260912_090902_977b2686_auto_00022109_20260912091708506,20260912_090902_977b2686,jpg,F:\CODE\JianChanChan\src\ChanSight.Cli\bin\Debug\net8.0-windows10.0.22621.0\datasets\recordings\20260912_090902_977b2686\auto_00022109_20260912091708506.jpg,3840,2088,F:\CODE\JianChanChan\scripts\..\docs\qa_runs\a1b\bulk\img_0238.jpg
5,239,20260912_090902_977b2686_auto_00022205_20260912091710548,20260912_090902_977b2686,jpg,F:\CODE\JianChanChan\src\ChanSight.Cli\bin\Debug\net8.0-windows10.0.22621.0\datasets\recordings\20260912_090902_977b2686\auto_00022205_20260912091710548.jpg,3840,2088,F:\CODE\JianChanChan\scripts\..\docs\qa_runs\a1b\bulk\img_0239.jpg
5,240,20260912_090902_977b2686_auto_00022305_20260912091712603,20260912_090902_977b2686,jpg,F:\CODE\JianChanChan\src\ChanSight.Cli\bin\Debug\net8.0-windows10.0.22621.0\datasets\recordings\20260912_090902_977b2686\auto_00022305_20260912091712603.jpg,3840,2088,F:\CODE\JianChanChan\scripts\..\docs\qa_runs\a1b\bulk\img_0240.jpg
5,241,20260912_090902_977b2686_auto_00022402_20260912091714625,20260912_090902_977b2686,jpg,F:\CODE\JianChanChan\src\ChanSight.Cli\bin\Debug\net8.0-windows10.0.22621.0\datasets\recordings\20260912_090902_977b2686\auto_00022402_20260912091714625.jpg,3840,2088,F:\CODE\JianChanChan\scripts\..\docs\qa_runs\a1b\bulk\img_0241.jpg
5,242,20260912_090902_977b2686_auto_00022498_20260912091716631,20260912_090902_977b2686,jpg,F:\CODE\JianChanChan\src\ChanSight.Cli\bin\Debug\net8.0-windows10.0.22621.0\datasets\recordings\20260912_090902_977b2686\auto_00022498_20260912091716631.jpg,3840,2088,F:\CODE\JianChanChan\scripts\..\docs\qa_runs\a1b\bulk\img_0242.jpg
5,243,20260912_090902_977b2686_auto_00022594_20260912091718667,20260912_090902_977b2686,jpg,F:\CODE\JianChanChan\src\ChanSight.Cli\bin\Debug\net8.0-windows10.0.22621.0\datasets\recordings\20260912_090902_977b2686\auto_00022594_20260912091718667.jpg,3840,2088,F:\CODE\JianChanChan\scripts\..\docs\qa_runs\a1b\bulk\img_0243.jpg
5,244,20260912_090902_977b2686_auto_00022689_20260912091720689,20260912_090902_977b2686,jpg,F:\CODE\JianChanChan\src\ChanSight.Cli\bin\Debug\net8.0-windows10.0.22621.0\datasets\recordings\20260912_090902_977b2686\auto_00022689_20260912091720689.jpg,3840,2088,F:\CODE\JianChanChan\scripts\..\docs\qa_runs\a1b\bulk\img_0244.jpg
5,245,20260912_090902_977b2686_auto_00022790_20260912091722697,20260912_090902_977b2686,jpg,F:\CODE\JianChanChan\src\ChanSight.Cli\bin\Debug\net8.0-windows10.0.22621.0\datasets\recordings\20260912_090902_977b2686\auto_00022790_20260912091722697.jpg,3840,2088,F:\CODE\JianChanChan\scripts\..\docs\qa_runs\a1b\bulk\img_0245.jpg
5,246,20260912_090902_977b2686_auto_00022890_20260912091724697,20260912_090902_977b2686,jpg,F:\CODE\JianChanChan\src\ChanSight.Cli\bin\Debug\net8.0-windows10.0.22621.0\datasets\recordings\20260912_090902_977b2686\auto_00022890_20260912091724697.jpg,3840,2088,F:\CODE\JianChanChan\scripts\..\docs\qa_runs\a1b\bulk\img_0246.jpg
5,247,20260912_090902_977b2686_auto_00022988_20260912091726730,20260912_090902_977b2686,jpg,F:\CODE\JianChanChan\src\ChanSight.Cli\bin\Debug\net8.0-windows10.0.22621.0\datasets\recordings\20260912_090902_977b2686\auto_00022988_20260912091726730.jpg,3840,2088,F:\CODE\JianChanChan\scripts\..\docs\qa_runs\a1b\bulk\img_0247.jpg
5,248,20260912_090902_977b2686_auto_00023086_20260912091728758,20260912_090902_977b2686,jpg,F:\CODE\JianChanChan\src\ChanSight.Cli\bin\Debug\net8.0-windows10.0.22621.0\datasets\recordings\20260912_090902_977b2686\auto_00023086_20260912091728758.jpg,3840,2088,F:\CODE\JianChanChan\scripts\..\docs\qa_runs\a1b\bulk\img_0248.jpg
5,249,20260912_090902_977b2686_auto_00023186_20260912091730801,20260912_090902_977b2686,jpg,F:\CODE\JianChanChan\src\ChanSight.Cli\bin\Debug\net8.0-windows10.0.22621.0\datasets\recordings\20260912_090902_977b2686\auto_00023186_20260912091730801.jpg,3840,2088,F:\CODE\JianChanChan\scripts\..\docs\qa_runs\a1b\bulk\img_0249.jpg
5,250,20260912_090902_977b2686_auto_00023287_20260912091732807,20260912_090902_977b2686,jpg,F:\CODE\JianChanChan\src\ChanSight.Cli\bin\Debug\net8.0-windows10.0.22621.0\datasets\recordings\20260912_090902_977b2686\auto_00023287_20260912091732807.jpg,3840,2088,F:\CODE\JianChanChan\scripts\..\docs\qa_runs\a1b\bulk\img_0250.jpg
5,251,20260912_090902_977b2686_auto_00023387_20260912091734842,20260912_090902_977b2686,jpg,F:\CODE\JianChanChan\src\ChanSight.Cli\bin\Debug\net8.0-windows10.0.22621.0\datasets\recordings\20260912_090902_977b2686\auto_00023387_20260912091734842.jpg,3840,2088,F:\CODE\JianChanChan\scripts\..\docs\qa_runs\a1b\bulk\img_0251.jpg
5,252,20260912_090902_977b2686_auto_00023481_20260912091736850,20260912_090902_977b2686,jpg,F:\CODE\JianChanChan\src\ChanSight.Cli\bin\Debug\net8.0-windows10.0.22621.0\datasets\recordings\20260912_090902_977b2686\auto_00023481_20260912091736850.jpg,3840,2088,F:\CODE\JianChanChan\scripts\..\docs\qa_runs\a1b\bulk\img_0252.jpg
5,253,20260912_090902_977b2686_auto_00023571_20260912091738890,20260912_090902_977b2686,jpg,F:\CODE\JianChanChan\src\ChanSight.Cli\bin\Debug\net8.0-windows10.0.22621.0\datasets\recordings\20260912_090902_977b2686\auto_00023571_20260912091738890.jpg,3840,2088,F:\CODE\JianChanChan\scripts\..\docs\qa_runs\a1b\bulk\img_0253.jpg
5,254,20260912_090902_977b2686_auto_00023665_20260912091740905,20260912_090902_977b2686,jpg,F:\CODE\JianChanChan\src\ChanSight.Cli\bin\Debug\net8.0-windows10.0.22621.0\datasets\recordings\20260912_090902_977b2686\auto_00023665_20260912091740905.jpg,3840,2088,F:\CODE\JianChanChan\scripts\..\docs\qa_runs\a1b\bulk\img_0254.jpg
5,255,20260912_090902_977b2686_auto_00023763_20260912091742918,20260912_090902_977b2686,jpg,F:\CODE\JianChanChan\src\ChanSight.Cli\bin\Debug\net8.0-windows10.0.22621.0\datasets\recordings\20260912_090902_977b2686\auto_00023763_20260912091742918.jpg,3840,2088,F:\CODE\JianChanChan\scripts\..\docs\qa_runs\a1b\bulk\img_0255.jpg
6,256,20260912_090902_977b2686_auto_00023851_20260912091744966,20260912_090902_977b2686,jpg,F:\CODE\JianChanChan\src\ChanSight.Cli\bin\Debug\net8.0-windows10.0.22621.0\datasets\recordings\20260912_090902_977b2686\auto_00023851_20260912091744966.jpg,3840,2088,F:\CODE\JianChanChan\scripts\..\docs\qa_runs\a1b\bulk\img_0256.jpg
6,257,20260912_090902_977b2686_auto_00023951_20260912091747004,20260912_090902_977b2686,jpg,F:\CODE\JianChanChan\src\ChanSight.Cli\bin\Debug\net8.0-windows10.0.22621.0\datasets\recordings\20260912_090902_977b2686\auto_00023951_20260912091747004.jpg,3840,2088,F:\CODE\JianChanChan\scripts\..\docs\qa_runs\a1b\bulk\img_0257.jpg
6,258,20260912_090902_977b2686_auto_00024054_20260912091749025,20260912_090902_977b2686,jpg,F:\CODE\JianChanChan\src\ChanSight.Cli\bin\Debug\net8.0-windows10.0.22621.0\datasets\recordings\20260912_090902_977b2686\auto_00024054_20260912091749025.jpg,3840,2088,F:\CODE\JianChanChan\scripts\..\docs\qa_runs\a1b\bulk\img_0258.jpg
6,259,20260912_090902_977b2686_auto_00024156_20260912091751025,20260912_090902_977b2686,jpg,F:\CODE\JianChanChan\src\ChanSight.Cli\bin\Debug\net8.0-windows10.0.22621.0\datasets\recordings\20260912_090902_977b2686\auto_00024156_20260912091751025.jpg,3840,2088,F:\CODE\JianChanChan\scripts\..\docs\qa_runs\a1b\bulk\img_0259.jpg
6,260,20260912_090902_977b2686_auto_00024254_20260912091753051,20260912_090902_977b2686,jpg,F:\CODE\JianChanChan\src\ChanSight.Cli\bin\Debug\net8.0-windows10.0.22621.0\datasets\recordings\20260912_090902_977b2686\auto_00024254_20260912091753051.jpg,3840,2088,F:\CODE\JianChanChan\scripts\..\docs\qa_runs\a1b\bulk\img_0260.jpg
6,261,20260912_090902_977b2686_auto_00024358_20260912091755121,20260912_090902_977b2686,jpg,F:\CODE\JianChanChan\src\ChanSight.Cli\bin\Debug\net8.0-windows10.0.22621.0\datasets\recordings\20260912_090902_977b2686\auto_00024358_20260912091755121.jpg,3840,2088,F:\CODE\JianChanChan\scripts\..\docs\qa_runs\a1b\bulk\img_0261.jpg
6,262,20260912_090902_977b2686_auto_00024459_20260912091757149,20260912_090902_977b2686,jpg,F:\CODE\JianChanChan\src\ChanSight.Cli\bin\Debug\net8.0-windows10.0.22621.0\datasets\recordings\20260912_090902_977b2686\auto_00024459_20260912091757149.jpg,3840,2088,F:\CODE\JianChanChan\scripts\..\docs\qa_runs\a1b\bulk\img_0262.jpg
6,263,20260912_090902_977b2686_auto_00024561_20260912091759183,20260912_090902_977b2686,jpg,F:\CODE\JianChanChan\src\ChanSight.Cli\bin\Debug\net8.0-windows10.0.22621.0\datasets\recordings\20260912_090902_977b2686\auto_00024561_20260912091759183.jpg,3840,2088,F:\CODE\JianChanChan\scripts\..\docs\qa_runs\a1b\bulk\img_0263.jpg
6,264,20260912_090902_977b2686_auto_00024658_20260912091801212,20260912_090902_977b2686,jpg,F:\CODE\JianChanChan\src\ChanSight.Cli\bin\Debug\net8.0-windows10.0.22621.0\datasets\recordings\20260912_090902_977b2686\auto_00024658_20260912091801212.jpg,3840,2088,F:\CODE\JianChanChan\scripts\..\docs\qa_runs\a1b\bulk\img_0264.jpg
6,265,20260912_090902_977b2686_auto_00024760_20260912091803239,20260912_090902_977b2686,jpg,F:\CODE\JianChanChan\src\ChanSight.Cli\bin\Debug\net8.0-windows10.0.22621.0\datasets\recordings\20260912_090902_977b2686\auto_00024760_20260912091803239.jpg,3840,2088,F:\CODE\JianChanChan\scripts\..\docs\qa_runs\a1b\bulk\img_0265.jpg
6,266,20260912_090902_977b2686_auto_00024860_20260912091805262,20260912_090902_977b2686,jpg,F:\CODE\JianChanChan\src\ChanSight.Cli\bin\Debug\net8.0-windows10.0.22621.0\datasets\recordings\20260912_090902_977b2686\auto_00024860_20260912091805262.jpg,3840,2088,F:\CODE\JianChanChan\scripts\..\docs\qa_runs\a1b\bulk\img_0266.jpg
6,267,20260912_090902_977b2686_auto_00024960_20260912091807287,20260912_090902_977b2686,jpg,F:\CODE\JianChanChan\src\ChanSight.Cli\bin\Debug\net8.0-windows10.0.22621.0\datasets\recordings\20260912_090902_977b2686\auto_00024960_20260912091807287.jpg,3840,2088,F:\CODE\JianChanChan\scripts\..\docs\qa_runs\a1b\bulk\img_0267.jpg
6,268,20260912_090902_977b2686_auto_00025062_20260912091809316,20260912_090902_977b2686,jpg,F:\CODE\JianChanChan\src\ChanSight.Cli\bin\Debug\net8.0-windows10.0.22621.0\datasets\recordings\20260912_090902_977b2686\auto_00025062_20260912091809316.jpg,3840,2088,F:\CODE\JianChanChan\scripts\..\docs\qa_runs\a1b\bulk\img_0268.jpg
6,269,20260912_090902_977b2686_auto_00025166_20260912091811332,20260912_090902_977b2686,jpg,F:\CODE\JianChanChan\src\ChanSight.Cli\bin\Debug\net8.0-windows10.0.22621.0\datasets\recordings\20260912_090902_977b2686\auto_00025166_20260912091811332.jpg,3840,2088,F:\CODE\JianChanChan\scripts\..\docs\qa_runs\a1b\bulk\img_0269.jpg
6,270,20260912_090902_977b2686_auto_00025265_20260912091813333,20260912_090902_977b2686,jpg,F:\CODE\JianChanChan\src\ChanSight.Cli\bin\Debug\net8.0-windows10.0.22621.0\datasets\recordings\20260912_090902_977b2686\auto_00025265_20260912091813333.jpg,3840,2088,F:\CODE\JianChanChan\scripts\..\docs\qa_runs\a1b\bulk\img_0270.jpg
6,271,20260912_090902_977b2686_auto_00025358_20260912091815371,20260912_090902_977b2686,jpg,F:\CODE\JianChanChan\src\ChanSight.Cli\bin\Debug\net8.0-windows10.0.22621.0\datasets\recordings\20260912_090902_977b2686\auto_00025358_20260912091815371.jpg,3840,2088,F:\CODE\JianChanChan\scripts\..\docs\qa_runs\a1b\bulk\img_0271.jpg
6,272,20260912_090902_977b2686_auto_00025458_20260912091817379,20260912_090902_977b2686,jpg,F:\CODE\JianChanChan\src\ChanSight.Cli\bin\Debug\net8.0-windows10.0.22621.0\datasets\recordings\20260912_090902_977b2686\auto_00025458_20260912091817379.jpg,3840,2088,F:\CODE\JianChanChan\scripts\..\docs\qa_runs\a1b\bulk\img_0272.jpg
6,273,20260912_090902_977b2686_auto_00025556_20260912091819412,20260912_090902_977b2686,jpg,F:\CODE\JianChanChan\src\ChanSight.Cli\bin\Debug\net8.0-windows10.0.22621.0\datasets\recordings\20260912_090902_977b2686\auto_00025556_20260912091819412.jpg,3840,2088,F:\CODE\JianChanChan\scripts\..\docs\qa_runs\a1b\bulk\img_0273.jpg
6,274,20260912_090902_977b2686_auto_00025653_20260912091821421,20260912_090902_977b2686,jpg,F:\CODE\JianChanChan\src\ChanSight.Cli\bin\Debug\net8.0-windows10.0.22621.0\datasets\recordings\20260912_090902_977b2686\auto_00025653_20260912091821421.jpg,3840,2088,F:\CODE\JianChanChan\scripts\..\docs\qa_runs\a1b\bulk\img_0274.jpg
6,275,20260912_090902_977b2686_auto_00025751_20260912091823448,20260912_090902_977b2686,jpg,F:\CODE\JianChanChan\src\ChanSight.Cli\bin\Debug\net8.0-windows10.0.22621.0\datasets\recordings\20260912_090902_977b2686\auto_00025751_20260912091823448.jpg,3840,2088,F:\CODE\JianChanChan\scripts\..\docs\qa_runs\a1b\bulk\img_0275.jpg
6,276,20260912_090902_977b2686_auto_00025844_20260912091825470,20260912_090902_977b2686,jpg,F:\CODE\JianChanChan\src\ChanSight.Cli\bin\Debug\net8.0-windows10.0.22621.0\datasets\recordings\20260912_090902_977b2686\auto_00025844_20260912091825470.jpg,3840,2088,F:\CODE\JianChanChan\scripts\..\docs\qa_runs\a1b\bulk\img_0276.jpg
6,277,20260912_090902_977b2686_auto_00025935_20260912091827557,20260912_090902_977b2686,jpg,F:\CODE\JianChanChan\src\ChanSight.Cli\bin\Debug\net8.0-windows10.0.22621.0\datasets\recordings\20260912_090902_977b2686\auto_00025935_20260912091827557.jpg,3840,2088,F:\CODE\JianChanChan\scripts\..\docs\qa_runs\a1b\bulk\img_0277.jpg
6,278,20260912_090902_977b2686_auto_00026022_20260912091829567,20260912_090902_977b2686,jpg,F:\CODE\JianChanChan\src\ChanSight.Cli\bin\Debug\net8.0-windows10.0.22621.0\datasets\recordings\20260912_090902_977b2686\auto_00026022_20260912091829567.jpg,3840,2088,F:\CODE\JianChanChan\scripts\..\docs\qa_runs\a1b\bulk\img_0278.jpg
6,279,20260912_090902_977b2686_auto_00026119_20260912091831588,20260912_090902_977b2686,jpg,F:\CODE\JianChanChan\src\ChanSight.Cli\bin\Debug\net8.0-windows10.0.22621.0\datasets\recordings\20260912_090902_977b2686\auto_00026119_20260912091831588.jpg,3840,2088,F:\CODE\JianChanChan\scripts\..\docs\qa_runs\a1b\bulk\img_0279.jpg
6,280,20260912_090902_977b2686_auto_00026217_20260912091833623,20260912_090902_977b2686,jpg,F:\CODE\JianChanChan\src\ChanSight.Cli\bin\Debug\net8.0-windows10.0.22621.0\datasets\recordings\20260912_090902_977b2686\auto_00026217_20260912091833623.jpg,3840,2088,F:\CODE\JianChanChan\scripts\..\docs\qa_runs\a1b\bulk\img_0280.jpg
6,281,20260912_090902_977b2686_auto_00026317_20260912091835650,20260912_090902_977b2686,jpg,F:\CODE\JianChanChan\src\ChanSight.Cli\bin\Debug\net8.0-windows10.0.22621.0\datasets\recordings\20260912_090902_977b2686\auto_00026317_20260912091835650.jpg,3840,2088,F:\CODE\JianChanChan\scripts\..\docs\qa_runs\a1b\bulk\img_0281.jpg
6,282,20260912_090902_977b2686_auto_00026421_20260912091837721,20260912_090902_977b2686,jpg,F:\CODE\JianChanChan\src\ChanSight.Cli\bin\Debug\net8.0-windows10.0.22621.0\datasets\recordings\20260912_090902_977b2686\auto_00026421_20260912091837721.jpg,3840,2088,F:\CODE\JianChanChan\scripts\..\docs\qa_runs\a1b\bulk\img_0282.jpg
6,283,20260912_090902_977b2686_auto_00026508_20260912091839748,20260912_090902_977b2686,jpg,F:\CODE\JianChanChan\src\ChanSight.Cli\bin\Debug\net8.0-windows10.0.22621.0\datasets\recordings\20260912_090902_977b2686\auto_00026508_20260912091839748.jpg,3840,2088,F:\CODE\JianChanChan\scripts\..\docs\qa_runs\a1b\bulk\img_0283.jpg
6,284,20260912_090902_977b2686_auto_00026605_20260912091841769,20260912_090902_977b2686,jpg,F:\CODE\JianChanChan\src\ChanSight.Cli\bin\Debug\net8.0-windows10.0.22621.0\datasets\recordings\20260912_090902_977b2686\auto_00026605_20260912091841769.jpg,3840,2088,F:\CODE\JianChanChan\scripts\..\docs\qa_runs\a1b\bulk\img_0284.jpg
6,285,20260912_090902_977b2686_auto_00026709_20260912091843810,20260912_090902_977b2686,jpg,F:\CODE\JianChanChan\src\ChanSight.Cli\bin\Debug\net8.0-windows10.0.22621.0\datasets\recordings\20260912_090902_977b2686\auto_00026709_20260912091843810.jpg,3840,2088,F:\CODE\JianChanChan\scripts\..\docs\qa_runs\a1b\bulk\img_0285.jpg
6,286,20260912_090902_977b2686_auto_00026808_20260912091845824,20260912_090902_977b2686,jpg,F:\CODE\JianChanChan\src\ChanSight.Cli\bin\Debug\net8.0-windows10.0.22621.0\datasets\recordings\20260912_090902_977b2686\auto_00026808_20260912091845824.jpg,3840,2088,F:\CODE\JianChanChan\scripts\..\docs\qa_runs\a1b\bulk\img_0286.jpg
6,287,20260912_090902_977b2686_auto_00026910_20260912091847847,20260912_090902_977b2686,jpg,F:\CODE\JianChanChan\src\ChanSight.Cli\bin\Debug\net8.0-windows10.0.22621.0\datasets\recordings\20260912_090902_977b2686\auto_00026910_20260912091847847.jpg,3840,2088,F:\CODE\JianChanChan\scripts\..\docs\qa_runs\a1b\bulk\img_0287.jpg
6,288,20260912_090902_977b2686_auto_00027005_20260912091849848,20260912_090902_977b2686,jpg,F:\CODE\JianChanChan\src\ChanSight.Cli\bin\Debug\net8.0-windows10.0.22621.0\datasets\recordings\20260912_090902_977b2686\auto_00027005_20260912091849848.jpg,3840,2088,F:\CODE\JianChanChan\scripts\..\docs\qa_runs\a1b\bulk\img_0288.jpg
6,289,20260912_090902_977b2686_auto_00027104_20260912091851887,20260912_090902_977b2686,jpg,F:\CODE\JianChanChan\src\ChanSight.Cli\bin\Debug\net8.0-windows10.0.22621.0\datasets\recordings\20260912_090902_977b2686\auto_00027104_20260912091851887.jpg,3840,2088,F:\CODE\JianChanChan\scripts\..\docs\qa_runs\a1b\bulk\img_0289.jpg
6,290,20260912_090902_977b2686_auto_00027198_20260912091853924,20260912_090902_977b2686,jpg,F:\CODE\JianChanChan\src\ChanSight.Cli\bin\Debug\net8.0-windows10.0.22621.0\datasets\recordings\20260912_090902_977b2686\auto_00027198_20260912091853924.jpg,3840,2088,F:\CODE\JianChanChan\scripts\..\docs\qa_runs\a1b\bulk\img_0290.jpg
6,291,20260912_090902_977b2686_auto_00027299_20260912091855935,20260912_090902_977b2686,jpg,F:\CODE\JianChanChan\src\ChanSight.Cli\bin\Debug\net8.0-windows10.0.22621.0\datasets\recordings\20260912_090902_977b2686\auto_00027299_20260912091855935.jpg,3840,2088,F:\CODE\JianChanChan\scripts\..\docs\qa_runs\a1b\bulk\img_0291.jpg
6,292,20260912_090902_977b2686_auto_00027388_20260912091857979,20260912_090902_977b2686,jpg,F:\CODE\JianChanChan\src\ChanSight.Cli\bin\Debug\net8.0-windows10.0.22621.0\datasets\recordings\20260912_090902_977b2686\auto_00027388_20260912091857979.jpg,3840,2088,F:\CODE\JianChanChan\scripts\..\docs\qa_runs\a1b\bulk\img_0292.jpg
6,293,20260912_090902_977b2686_auto_00027485_20260912091900005,20260912_090902_977b2686,jpg,F:\CODE\JianChanChan\src\ChanSight.Cli\bin\Debug\net8.0-windows10.0.22621.0\datasets\recordings\20260912_090902_977b2686\auto_00027485_20260912091900005.jpg,3840,2088,F:\CODE\JianChanChan\scripts\..\docs\qa_runs\a1b\bulk\img_0293.jpg
6,294,20260912_090902_977b2686_auto_00027587_20260912091902029,20260912_090902_977b2686,jpg,F:\CODE\JianChanChan\src\ChanSight.Cli\bin\Debug\net8.0-windows10.0.22621.0\datasets\recordings\20260912_090902_977b2686\auto_00027587_20260912091902029.jpg,3840,2088,F:\CODE\JianChanChan\scripts\..\docs\qa_runs\a1b\bulk\img_0294.jpg
6,295,20260912_090902_977b2686_auto_00027687_20260912091904054,20260912_090902_977b2686,jpg,F:\CODE\JianChanChan\src\ChanSight.Cli\bin\Debug\net8.0-windows10.0.22621.0\datasets\recordings\20260912_090902_977b2686\auto_00027687_20260912091904054.jpg,3840,2088,F:\CODE\JianChanChan\scripts\..\docs\qa_runs\a1b\bulk\img_0295.jpg
6,296,20260912_090902_977b2686_auto_00027786_20260912091906082,20260912_090902_977b2686,jpg,F:\CODE\JianChanChan\src\ChanSight.Cli\bin\Debug\net8.0-windows10.0.22621.0\datasets\recordings\20260912_090902_977b2686\auto_00027786_20260912091906082.jpg,3840,2088,F:\CODE\JianChanChan\scripts\..\docs\qa_runs\a1b\bulk\img_0296.jpg
6,297,20260912_090902_977b2686_auto_00027885_20260912091908104,20260912_090902_977b2686,jpg,F:\CODE\JianChanChan\src\ChanSight.Cli\bin\Debug\net8.0-windows10.0.22621.0\datasets\recordings\20260912_090902_977b2686\auto_00027885_20260912091908104.jpg,3840,2088,F:\CODE\JianChanChan\scripts\..\docs\qa_runs\a1b\bulk\img_0297.jpg
6,298,20260912_090902_977b2686_auto_00027983_20260912091910158,20260912_090902_977b2686,jpg,F:\CODE\JianChanChan\src\ChanSight.Cli\bin\Debug\net8.0-windows10.0.22621.0\datasets\recordings\20260912_090902_977b2686\auto_00027983_20260912091910158.jpg,3840,2088,F:\CODE\JianChanChan\scripts\..\docs\qa_runs\a1b\bulk\img_0298.jpg
6,299,20260912_090902_977b2686_auto_00028084_20260912091912179,20260912_090902_977b2686,jpg,F:\CODE\JianChanChan\src\ChanSight.Cli\bin\Debug\net8.0-windows10.0.22621.0\datasets\recordings\20260912_090902_977b2686\auto_00028084_20260912091912179.jpg,3840,2088,F:\CODE\JianChanChan\scripts\..\docs\qa_runs\a1b\bulk\img_0299.jpg
6,300,20260912_090902_977b2686_auto_00028179_20260912091914188,20260912_090902_977b2686,jpg,F:\CODE\JianChanChan\src\ChanSight.Cli\bin\Debug\net8.0-windows10.0.22621.0\datasets\recordings\20260912_090902_977b2686\auto_00028179_20260912091914188.jpg,3840,2088,F:\CODE\JianChanChan\scripts\..\docs\qa_runs\a1b\bulk\img_0300.jpg
6,301,20260912_090902_977b2686_auto_00028280_20260912091916228,20260912_090902_977b2686,jpg,F:\CODE\JianChanChan\src\ChanSight.Cli\bin\Debug\net8.0-windows10.0.22621.0\datasets\recordings\20260912_090902_977b2686\auto_00028280_20260912091916228.jpg,3840,2088,F:\CODE\JianChanChan\scripts\..\docs\qa_runs\a1b\bulk\img_0301.jpg
6,302,20260912_090902_977b2686_auto_00028377_20260912091918297,20260912_090902_977b2686,jpg,F:\CODE\JianChanChan\src\ChanSight.Cli\bin\Debug\net8.0-windows10.0.22621.0\datasets\recordings\20260912_090902_977b2686\auto_00028377_20260912091918297.jpg,3840,2088,F:\CODE\JianChanChan\scripts\..\docs\qa_runs\a1b\bulk\img_0302.jpg
6,303,20260912_090902_977b2686_auto_00028473_20260912091920326,20260912_090902_977b2686,jpg,F:\CODE\JianChanChan\src\ChanSight.Cli\bin\Debug\net8.0-windows10.0.22621.0\datasets\recordings\20260912_090902_977b2686\auto_00028473_20260912091920326.jpg,3840,2088,F:\CODE\JianChanChan\scripts\..\docs\qa_runs\a1b\bulk\img_0303.jpg
6,304,20260912_090902_977b2686_auto_00028572_20260912091922378,20260912_090902_977b2686,jpg,F:\CODE\JianChanChan\src\ChanSight.Cli\bin\Debug\net8.0-windows10.0.22621.0\datasets\recordings\20260912_090902_977b2686\auto_00028572_20260912091922378.jpg,3840,2088,F:\CODE\JianChanChan\scripts\..\docs\qa_runs\a1b\bulk\img_0304.jpg
6,305,20260912_090902_977b2686_auto_00028673_20260912091924382,20260912_090902_977b2686,jpg,F:\CODE\JianChanChan\src\ChanSight.Cli\bin\Debug\net8.0-windows10.0.22621.0\datasets\recordings\20260912_090902_977b2686\auto_00028673_20260912091924382.jpg,3840,2088,F:\CODE\JianChanChan\scripts\..\docs\qa_runs\a1b\bulk\img_0305.jpg
6,306,20260912_090902_977b2686_auto_00028771_20260912091926409,20260912_090902_977b2686,jpg,F:\CODE\JianChanChan\src\ChanSight.Cli\bin\Debug\net8.0-windows10.0.22621.0\datasets\recordings\20260912_090902_977b2686\auto_00028771_20260912091926409.jpg,3840,2088,F:\CODE\JianChanChan\scripts\..\docs\qa_runs\a1b\bulk\img_0306.jpg
7,307,20260912_090902_977b2686_auto_00028871_20260912091928446,20260912_090902_977b2686,jpg,F:\CODE\JianChanChan\src\ChanSight.Cli\bin\Debug\net8.0-windows10.0.22621.0\datasets\recordings\20260912_090902_977b2686\auto_00028871_20260912091928446.jpg,3840,2088,F:\CODE\JianChanChan\scripts\..\docs\qa_runs\a1b\bulk\img_0307.jpg
7,308,20260912_090902_977b2686_auto_00028968_20260912091930461,20260912_090902_977b2686,jpg,F:\CODE\JianChanChan\src\ChanSight.Cli\bin\Debug\net8.0-windows10.0.22621.0\datasets\recordings\20260912_090902_977b2686\auto_00028968_20260912091930461.jpg,3840,2088,F:\CODE\JianChanChan\scripts\..\docs\qa_runs\a1b\bulk\img_0308.jpg
7,309,20260912_090902_977b2686_auto_00029070_20260912091932501,20260912_090902_977b2686,jpg,F:\CODE\JianChanChan\src\ChanSight.Cli\bin\Debug\net8.0-windows10.0.22621.0\datasets\recordings\20260912_090902_977b2686\auto_00029070_20260912091932501.jpg,3840,2088,F:\CODE\JianChanChan\scripts\..\docs\qa_runs\a1b\bulk\img_0309.jpg
7,310,20260912_090902_977b2686_auto_00029168_20260912091934535,20260912_090902_977b2686,jpg,F:\CODE\JianChanChan\src\ChanSight.Cli\bin\Debug\net8.0-windows10.0.22621.0\datasets\recordings\20260912_090902_977b2686\auto_00029168_20260912091934535.jpg,3840,2088,F:\CODE\JianChanChan\scripts\..\docs\qa_runs\a1b\bulk\img_0310.jpg
7,311,20260912_090902_977b2686_auto_00029229_20260912091936556,20260912_090902_977b2686,jpg,F:\CODE\JianChanChan\src\ChanSight.Cli\bin\Debug\net8.0-windows10.0.22621.0\datasets\recordings\20260912_090902_977b2686\auto_00029229_20260912091936556.jpg,3840,2088,F:\CODE\JianChanChan\scripts\..\docs\qa_runs\a1b\bulk\img_0311.jpg
7,312,20260912_090902_977b2686_auto_00029324_20260912091938563,20260912_090902_977b2686,jpg,F:\CODE\JianChanChan\src\ChanSight.Cli\bin\Debug\net8.0-windows10.0.22621.0\datasets\recordings\20260912_090902_977b2686\auto_00029324_20260912091938563.jpg,3840,2088,F:\CODE\JianChanChan\scripts\..\docs\qa_runs\a1b\bulk\img_0312.jpg
7,313,20260912_090902_977b2686_auto_00029414_20260912091940604,20260912_090902_977b2686,jpg,F:\CODE\JianChanChan\src\ChanSight.Cli\bin\Debug\net8.0-windows10.0.22621.0\datasets\recordings\20260912_090902_977b2686\auto_00029414_20260912091940604.jpg,3840,2088,F:\CODE\JianChanChan\scripts\..\docs\qa_runs\a1b\bulk\img_0313.jpg
7,314,20260912_090902_977b2686_auto_00029483_20260912091942620,20260912_090902_977b2686,jpg,F:\CODE\JianChanChan\src\ChanSight.Cli\bin\Debug\net8.0-windows10.0.22621.0\datasets\recordings\20260912_090902_977b2686\auto_00029483_20260912091942620.jpg,3840,2088,F:\CODE\JianChanChan\scripts\..\docs\qa_runs\a1b\bulk\img_0314.jpg
7,315,20260912_090902_977b2686_auto_00029558_20260912091944641,20260912_090902_977b2686,jpg,F:\CODE\JianChanChan\src\ChanSight.Cli\bin\Debug\net8.0-windows10.0.22621.0\datasets\recordings\20260912_090902_977b2686\auto_00029558_20260912091944641.jpg,3840,2088,F:\CODE\JianChanChan\scripts\..\docs\qa_runs\a1b\bulk\img_0315.jpg
7,316,20260912_090902_977b2686_auto_00029645_20260912091946654,20260912_090902_977b2686,jpg,F:\CODE\JianChanChan\src\ChanSight.Cli\bin\Debug\net8.0-windows10.0.22621.0\datasets\recordings\20260912_090902_977b2686\auto_00029645_20260912091946654.jpg,3840,2088,F:\CODE\JianChanChan\scripts\..\docs\qa_runs\a1b\bulk\img_0316.jpg
7,317,20260912_090902_977b2686_auto_00029722_20260912091948688,20260912_090902_977b2686,jpg,F:\CODE\JianChanChan\src\ChanSight.Cli\bin\Debug\net8.0-windows10.0.22621.0\datasets\recordings\20260912_090902_977b2686\auto_00029722_20260912091948688.jpg,3840,2088,F:\CODE\JianChanChan\scripts\..\docs\qa_runs\a1b\bulk\img_0317.jpg
7,318,20260912_090902_977b2686_auto_00029811_20260912091950688,20260912_090902_977b2686,jpg,F:\CODE\JianChanChan\src\ChanSight.Cli\bin\Debug\net8.0-windows10.0.22621.0\datasets\recordings\20260912_090902_977b2686\auto_00029811_20260912091950688.jpg,3840,2088,F:\CODE\JianChanChan\scripts\..\docs\qa_runs\a1b\bulk\img_0318.jpg
7,319,20260912_090902_977b2686_auto_00029865_20260912091952723,20260912_090902_977b2686,jpg,F:\CODE\JianChanChan\src\ChanSight.Cli\bin\Debug\net8.0-windows10.0.22621.0\datasets\recordings\20260912_090902_977b2686\auto_00029865_20260912091952723.jpg,3840,2088,F:\CODE\JianChanChan\scripts\..\docs\qa_runs\a1b\bulk\img_0319.jpg
7,320,20260912_090902_977b2686_auto_00029943_20260912091954729,20260912_090902_977b2686,jpg,F:\CODE\JianChanChan\src\ChanSight.Cli\bin\Debug\net8.0-windows10.0.22621.0\datasets\recordings\20260912_090902_977b2686\auto_00029943_20260912091954729.jpg,3840,2088,F:\CODE\JianChanChan\scripts\..\docs\qa_runs\a1b\bulk\img_0320.jpg
7,321,20260912_090902_977b2686_auto_00030015_20260912091956765,20260912_090902_977b2686,jpg,F:\CODE\JianChanChan\src\ChanSight.Cli\bin\Debug\net8.0-windows10.0.22621.0\datasets\recordings\20260912_090902_977b2686\auto_00030015_20260912091956765.jpg,3840,2088,F:\CODE\JianChanChan\scripts\..\docs\qa_runs\a1b\bulk\img_0321.jpg
7,322,20260912_090902_977b2686_auto_00030100_20260912091958771,20260912_090902_977b2686,jpg,F:\CODE\JianChanChan\src\ChanSight.Cli\bin\Debug\net8.0-windows10.0.22621.0\datasets\recordings\20260912_090902_977b2686\auto_00030100_20260912091958771.jpg,3840,2088,F:\CODE\JianChanChan\scripts\..\docs\qa_runs\a1b\bulk\img_0322.jpg
7,323,20260912_090902_977b2686_auto_00030197_20260912092000773,20260912_090902_977b2686,jpg,F:\CODE\JianChanChan\src\ChanSight.Cli\bin\Debug\net8.0-windows10.0.22621.0\datasets\recordings\20260912_090902_977b2686\auto_00030197_20260912092000773.jpg,3840,2088,F:\CODE\JianChanChan\scripts\..\docs\qa_runs\a1b\bulk\img_0323.jpg
7,324,20260912_090902_977b2686_auto_00030299_20260912092002781,20260912_090902_977b2686,jpg,F:\CODE\JianChanChan\src\ChanSight.Cli\bin\Debug\net8.0-windows10.0.22621.0\datasets\recordings\20260912_090902_977b2686\auto_00030299_20260912092002781.jpg,3840,2088,F:\CODE\JianChanChan\scripts\..\docs\qa_runs\a1b\bulk\img_0324.jpg
7,325,20260912_090902_977b2686_auto_00030395_20260912092004782,20260912_090902_977b2686,jpg,F:\CODE\JianChanChan\src\ChanSight.Cli\bin\Debug\net8.0-windows10.0.22621.0\datasets\recordings\20260912_090902_977b2686\auto_00030395_20260912092004782.jpg,3840,2088,F:\CODE\JianChanChan\scripts\..\docs\qa_runs\a1b\bulk\img_0325.jpg
7,326,20260912_090902_977b2686_auto_00030490_20260912092006787,20260912_090902_977b2686,jpg,F:\CODE\JianChanChan\src\ChanSight.Cli\bin\Debug\net8.0-windows10.0.22621.0\datasets\recordings\20260912_090902_977b2686\auto_00030490_20260912092006787.jpg,3840,2088,F:\CODE\JianChanChan\scripts\..\docs\qa_runs\a1b\bulk\img_0326.jpg
7,327,20260912_090902_977b2686_auto_00030587_20260912092008815,20260912_090902_977b2686,jpg,F:\CODE\JianChanChan\src\ChanSight.Cli\bin\Debug\net8.0-windows10.0.22621.0\datasets\recordings\20260912_090902_977b2686\auto_00030587_20260912092008815.jpg,3840,2088,F:\CODE\JianChanChan\scripts\..\docs\qa_runs\a1b\bulk\img_0327.jpg
7,328,20260912_090902_977b2686_auto_00030685_20260912092010856,20260912_090902_977b2686,jpg,F:\CODE\JianChanChan\src\ChanSight.Cli\bin\Debug\net8.0-windows10.0.22621.0\datasets\recordings\20260912_090902_977b2686\auto_00030685_20260912092010856.jpg,3840,2088,F:\CODE\JianChanChan\scripts\..\docs\qa_runs\a1b\bulk\img_0328.jpg
7,329,20260912_090902_977b2686_auto_00030757_20260912092012864,20260912_090902_977b2686,jpg,F:\CODE\JianChanChan\src\ChanSight.Cli\bin\Debug\net8.0-windows10.0.22621.0\datasets\recordings\20260912_090902_977b2686\auto_00030757_20260912092012864.jpg,3840,2088,F:\CODE\JianChanChan\scripts\..\docs\qa_runs\a1b\bulk\img_0329.jpg
7,330,20260912_090902_977b2686_auto_00030851_20260912092014876,20260912_090902_977b2686,jpg,F:\CODE\JianChanChan\src\ChanSight.Cli\bin\Debug\net8.0-windows10.0.22621.0\datasets\recordings\20260912_090902_977b2686\auto_00030851_20260912092014876.jpg,3840,2088,F:\CODE\JianChanChan\scripts\..\docs\qa_runs\a1b\bulk\img_0330.jpg
7,331,20260912_090902_977b2686_auto_00030939_20260912092016878,20260912_090902_977b2686,jpg,F:\CODE\JianChanChan\src\ChanSight.Cli\bin\Debug\net8.0-windows10.0.22621.0\datasets\recordings\20260912_090902_977b2686\auto_00030939_20260912092016878.jpg,3840,2088,F:\CODE\JianChanChan\scripts\..\docs\qa_runs\a1b\bulk\img_0331.jpg
7,332,20260912_090902_977b2686_auto_00031026_20260912092018925,20260912_090902_977b2686,jpg,F:\CODE\JianChanChan\src\ChanSight.Cli\bin\Debug\net8.0-windows10.0.22621.0\datasets\recordings\20260912_090902_977b2686\auto_00031026_20260912092018925.jpg,3840,2088,F:\CODE\JianChanChan\scripts\..\docs\qa_runs\a1b\bulk\img_0332.jpg
7,333,20260912_090902_977b2686_auto_00031111_20260912092020934,20260912_090902_977b2686,jpg,F:\CODE\JianChanChan\src\ChanSight.Cli\bin\Debug\net8.0-windows10.0.22621.0\datasets\recordings\20260912_090902_977b2686\auto_00031111_20260912092020934.jpg,3840,2088,F:\CODE\JianChanChan\scripts\..\docs\qa_runs\a1b\bulk\img_0333.jpg
7,334,20260912_090902_977b2686_auto_00031195_20260912092022948,20260912_090902_977b2686,jpg,F:\CODE\JianChanChan\src\ChanSight.Cli\bin\Debug\net8.0-windows10.0.22621.0\datasets\recordings\20260912_090902_977b2686\auto_00031195_20260912092022948.jpg,3840,2088,F:\CODE\JianChanChan\scripts\..\docs\qa_runs\a1b\bulk\img_0334.jpg
7,335,20260912_090902_977b2686_auto_00031279_20260912092024955,20260912_090902_977b2686,jpg,F:\CODE\JianChanChan\src\ChanSight.Cli\bin\Debug\net8.0-windows10.0.22621.0\datasets\recordings\20260912_090902_977b2686\auto_00031279_20260912092024955.jpg,3840,2088,F:\CODE\JianChanChan\scripts\..\docs\qa_runs\a1b\bulk\img_0335.jpg
7,336,20260912_090902_977b2686_auto_00031365_20260912092026963,20260912_090902_977b2686,jpg,F:\CODE\JianChanChan\src\ChanSight.Cli\bin\Debug\net8.0-windows10.0.22621.0\datasets\recordings\20260912_090902_977b2686\auto_00031365_20260912092026963.jpg,3840,2088,F:\CODE\JianChanChan\scripts\..\docs\qa_runs\a1b\bulk\img_0336.jpg
7,337,20260912_090902_977b2686_auto_00031453_20260912092029024,20260912_090902_977b2686,jpg,F:\CODE\JianChanChan\src\ChanSight.Cli\bin\Debug\net8.0-windows10.0.22621.0\datasets\recordings\20260912_090902_977b2686\auto_00031453_20260912092029024.jpg,3840,2088,F:\CODE\JianChanChan\scripts\..\docs\qa_runs\a1b\bulk\img_0337.jpg
7,338,20260912_090902_977b2686_auto_00031553_20260912092031085,20260912_090902_977b2686,jpg,F:\CODE\JianChanChan\src\ChanSight.Cli\bin\Debug\net8.0-windows10.0.22621.0\datasets\recordings\20260912_090902_977b2686\auto_00031553_20260912092031085.jpg,3840,2088,F:\CODE\JianChanChan\scripts\..\docs\qa_runs\a1b\bulk\img_0338.jpg
7,339,20260912_090902_977b2686_auto_00031641_20260912092033099,20260912_090902_977b2686,jpg,F:\CODE\JianChanChan\src\ChanSight.Cli\bin\Debug\net8.0-windows10.0.22621.0\datasets\recordings\20260912_090902_977b2686\auto_00031641_20260912092033099.jpg,3840,2088,F:\CODE\JianChanChan\scripts\..\docs\qa_runs\a1b\bulk\img_0339.jpg
7,340,20260912_090902_977b2686_auto_00031730_20260912092035149,20260912_090902_977b2686,jpg,F:\CODE\JianChanChan\src\ChanSight.Cli\bin\Debug\net8.0-windows10.0.22621.0\datasets\recordings\20260912_090902_977b2686\auto_00031730_20260912092035149.jpg,3840,2088,F:\CODE\JianChanChan\scripts\..\docs\qa_runs\a1b\bulk\img_0340.jpg
7,341,20260912_090902_977b2686_auto_00031822_20260912092037184,20260912_090902_977b2686,jpg,F:\CODE\JianChanChan\src\ChanSight.Cli\bin\Debug\net8.0-windows10.0.22621.0\datasets\recordings\20260912_090902_977b2686\auto_00031822_20260912092037184.jpg,3840,2088,F:\CODE\JianChanChan\scripts\..\docs\qa_runs\a1b\bulk\img_0341.jpg
7,342,20260912_090902_977b2686_auto_00031920_20260912092039211,20260912_090902_977b2686,jpg,F:\CODE\JianChanChan\src\ChanSight.Cli\bin\Debug\net8.0-windows10.0.22621.0\datasets\recordings\20260912_090902_977b2686\auto_00031920_20260912092039211.jpg,3840,2088,F:\CODE\JianChanChan\scripts\..\docs\qa_runs\a1b\bulk\img_0342.jpg
7,343,20260912_090902_977b2686_auto_00032009_20260912092041233,20260912_090902_977b2686,jpg,F:\CODE\JianChanChan\src\ChanSight.Cli\bin\Debug\net8.0-windows10.0.22621.0\datasets\recordings\20260912_090902_977b2686\auto_00032009_20260912092041233.jpg,3840,2088,F:\CODE\JianChanChan\scripts\..\docs\qa_runs\a1b\bulk\img_0343.jpg
7,344,20260912_090902_977b2686_auto_00032099_20260912092043288,20260912_090902_977b2686,jpg,F:\CODE\JianChanChan\src\ChanSight.Cli\bin\Debug\net8.0-windows10.0.22621.0\datasets\recordings\20260912_090902_977b2686\auto_00032099_20260912092043288.jpg,3840,2088,F:\CODE\JianChanChan\scripts\..\docs\qa_runs\a1b\bulk\img_0344.jpg
7,345,20260912_090902_977b2686_auto_00032187_20260912092045296,20260912_090902_977b2686,jpg,F:\CODE\JianChanChan\src\ChanSight.Cli\bin\Debug\net8.0-windows10.0.22621.0\datasets\recordings\20260912_090902_977b2686\auto_00032187_20260912092045296.jpg,3840,2088,F:\CODE\JianChanChan\scripts\..\docs\qa_runs\a1b\bulk\img_0345.jpg
7,346,20260912_090902_977b2686_auto_00032286_20260912092047329,20260912_090902_977b2686,jpg,F:\CODE\JianChanChan\src\ChanSight.Cli\bin\Debug\net8.0-windows10.0.22621.0\datasets\recordings\20260912_090902_977b2686\auto_00032286_20260912092047329.jpg,3840,2088,F:\CODE\JianChanChan\scripts\..\docs\qa_runs\a1b\bulk\img_0346.jpg
7,347,20260912_090902_977b2686_auto_00032387_20260912092049399,20260912_090902_977b2686,jpg,F:\CODE\JianChanChan\src\ChanSight.Cli\bin\Debug\net8.0-windows10.0.22621.0\datasets\recordings\20260912_090902_977b2686\auto_00032387_20260912092049399.jpg,3840,2088,F:\CODE\JianChanChan\scripts\..\docs\qa_runs\a1b\bulk\img_0347.jpg
7,348,20260912_090902_977b2686_auto_00032481_20260912092051440,20260912_090902_977b2686,jpg,F:\CODE\JianChanChan\src\ChanSight.Cli\bin\Debug\net8.0-windows10.0.22621.0\datasets\recordings\20260912_090902_977b2686\auto_00032481_20260912092051440.jpg,3840,2088,F:\CODE\JianChanChan\scripts\..\docs\qa_runs\a1b\bulk\img_0348.jpg
7,349,20260912_090902_977b2686_auto_00032581_20260912092053475,20260912_090902_977b2686,jpg,F:\CODE\JianChanChan\src\ChanSight.Cli\bin\Debug\net8.0-windows10.0.22621.0\datasets\recordings\20260912_090902_977b2686\auto_00032581_20260912092053475.jpg,3840,2088,F:\CODE\JianChanChan\scripts\..\docs\qa_runs\a1b\bulk\img_0349.jpg
7,350,20260912_090902_977b2686_auto_00032663_20260912092055489,20260912_090902_977b2686,jpg,F:\CODE\JianChanChan\src\ChanSight.Cli\bin\Debug\net8.0-windows10.0.22621.0\datasets\recordings\20260912_090902_977b2686\auto_00032663_20260912092055489.jpg,3840,2088,F:\CODE\JianChanChan\scripts\..\docs\qa_runs\a1b\bulk\img_0350.jpg
7,351,20260912_090902_977b2686_auto_00032753_20260912092057517,20260912_090902_977b2686,jpg,F:\CODE\JianChanChan\src\ChanSight.Cli\bin\Debug\net8.0-windows10.0.22621.0\datasets\recordings\20260912_090902_977b2686\auto_00032753_20260912092057517.jpg,3840,2088,F:\CODE\JianChanChan\scripts\..\docs\qa_runs\a1b\bulk\img_0351.jpg
7,352,20260912_090902_977b2686_auto_00032843_20260912092059544,20260912_090902_977b2686,jpg,F:\CODE\JianChanChan\src\ChanSight.Cli\bin\Debug\net8.0-windows10.0.22621.0\datasets\recordings\20260912_090902_977b2686\auto_00032843_20260912092059544.jpg,3840,2088,F:\CODE\JianChanChan\scripts\..\docs\qa_runs\a1b\bulk\img_0352.jpg
7,353,20260912_090902_977b2686_auto_00032939_20260912092101561,20260912_090902_977b2686,jpg,F:\CODE\JianChanChan\src\ChanSight.Cli\bin\Debug\net8.0-windows10.0.22621.0\datasets\recordings\20260912_090902_977b2686\auto_00032939_20260912092101561.jpg,3840,2088,F:\CODE\JianChanChan\scripts\..\docs\qa_runs\a1b\bulk\img_0353.jpg
7,354,20260912_090902_977b2686_auto_00033039_20260912092103566,20260912_090902_977b2686,jpg,F:\CODE\JianChanChan\src\ChanSight.Cli\bin\Debug\net8.0-windows10.0.22621.0\datasets\recordings\20260912_090902_977b2686\auto_00033039_20260912092103566.jpg,3840,2088,F:\CODE\JianChanChan\scripts\..\docs\qa_runs\a1b\bulk\img_0354.jpg
7,355,20260912_090902_977b2686_auto_00033133_20260912092105606,20260912_090902_977b2686,jpg,F:\CODE\JianChanChan\src\ChanSight.Cli\bin\Debug\net8.0-windows10.0.22621.0\datasets\recordings\20260912_090902_977b2686\auto_00033133_20260912092105606.jpg,3840,2088,F:\CODE\JianChanChan\scripts\..\docs\qa_runs\a1b\bulk\img_0355.jpg
7,356,20260912_090902_977b2686_auto_00033225_20260912092107615,20260912_090902_977b2686,jpg,F:\CODE\JianChanChan\src\ChanSight.Cli\bin\Debug\net8.0-windows10.0.22621.0\datasets\recordings\20260912_090902_977b2686\auto_00033225_20260912092107615.jpg,3840,2088,F:\CODE\JianChanChan\scripts\..\docs\qa_runs\a1b\bulk\img_0356.jpg
7,357,20260912_090902_977b2686_auto_00033325_20260912092109687,20260912_090902_977b2686,jpg,F:\CODE\JianChanChan\src\ChanSight.Cli\bin\Debug\net8.0-windows10.0.22621.0\datasets\recordings\20260912_090902_977b2686\auto_00033325_20260912092109687.jpg,3840,2088,F:\CODE\JianChanChan\scripts\..\docs\qa_runs\a1b\bulk\img_0357.jpg
8,358,20260912_090902_977b2686_auto_00033423_20260912092111687,20260912_090902_977b2686,jpg,F:\CODE\JianChanChan\src\ChanSight.Cli\bin\Debug\net8.0-windows10.0.22621.0\datasets\recordings\20260912_090902_977b2686\auto_00033423_20260912092111687.jpg,3840,2088,F:\CODE\JianChanChan\scripts\..\docs\qa_runs\a1b\bulk\img_0358.jpg
8,359,20260912_090902_977b2686_auto_00033523_20260912092113720,20260912_090902_977b2686,jpg,F:\CODE\JianChanChan\src\ChanSight.Cli\bin\Debug\net8.0-windows10.0.22621.0\datasets\recordings\20260912_090902_977b2686\auto_00033523_20260912092113720.jpg,3840,2088,F:\CODE\JianChanChan\scripts\..\docs\qa_runs\a1b\bulk\img_0359.jpg
8,360,20260912_090902_977b2686_auto_00033621_20260912092115733,20260912_090902_977b2686,jpg,F:\CODE\JianChanChan\src\ChanSight.Cli\bin\Debug\net8.0-windows10.0.22621.0\datasets\recordings\20260912_090902_977b2686\auto_00033621_20260912092115733.jpg,3840,2088,F:\CODE\JianChanChan\scripts\..\docs\qa_runs\a1b\bulk\img_0360.jpg
8,361,20260912_090902_977b2686_auto_00033718_20260912092117773,20260912_090902_977b2686,jpg,F:\CODE\JianChanChan\src\ChanSight.Cli\bin\Debug\net8.0-windows10.0.22621.0\datasets\recordings\20260912_090902_977b2686\auto_00033718_20260912092117773.jpg,3840,2088,F:\CODE\JianChanChan\scripts\..\docs\qa_runs\a1b\bulk\img_0361.jpg
8,362,20260912_090902_977b2686_auto_00033813_20260912092119784,20260912_090902_977b2686,jpg,F:\CODE\JianChanChan\src\ChanSight.Cli\bin\Debug\net8.0-windows10.0.22621.0\datasets\recordings\20260912_090902_977b2686\auto_00033813_20260912092119784.jpg,3840,2088,F:\CODE\JianChanChan\scripts\..\docs\qa_runs\a1b\bulk\img_0362.jpg
8,363,20260912_090902_977b2686_auto_00033911_20260912092121791,20260912_090902_977b2686,jpg,F:\CODE\JianChanChan\src\ChanSight.Cli\bin\Debug\net8.0-windows10.0.22621.0\datasets\recordings\20260912_090902_977b2686\auto_00033911_20260912092121791.jpg,3840,2088,F:\CODE\JianChanChan\scripts\..\docs\qa_runs\a1b\bulk\img_0363.jpg
8,364,20260912_090902_977b2686_auto_00034008_20260912092123832,20260912_090902_977b2686,jpg,F:\CODE\JianChanChan\src\ChanSight.Cli\bin\Debug\net8.0-windows10.0.22621.0\datasets\recordings\20260912_090902_977b2686\auto_00034008_20260912092123832.jpg,3840,2088,F:\CODE\JianChanChan\scripts\..\docs\qa_runs\a1b\bulk\img_0364.jpg
8,365,20260912_090902_977b2686_auto_00034106_20260912092125833,20260912_090902_977b2686,jpg,F:\CODE\JianChanChan\src\ChanSight.Cli\bin\Debug\net8.0-windows10.0.22621.0\datasets\recordings\20260912_090902_977b2686\auto_00034106_20260912092125833.jpg,3840,2088,F:\CODE\JianChanChan\scripts\..\docs\qa_runs\a1b\bulk\img_0365.jpg
8,366,20260912_090902_977b2686_auto_00034204_20260912092127849,20260912_090902_977b2686,jpg,F:\CODE\JianChanChan\src\ChanSight.Cli\bin\Debug\net8.0-windows10.0.22621.0\datasets\recordings\20260912_090902_977b2686\auto_00034204_20260912092127849.jpg,3840,2088,F:\CODE\JianChanChan\scripts\..\docs\qa_runs\a1b\bulk\img_0366.jpg
8,367,20260912_090902_977b2686_auto_00034302_20260912092129861,20260912_090902_977b2686,jpg,F:\CODE\JianChanChan\src\ChanSight.Cli\bin\Debug\net8.0-windows10.0.22621.0\datasets\recordings\20260912_090902_977b2686\auto_00034302_20260912092129861.jpg,3840,2088,F:\CODE\JianChanChan\scripts\..\docs\qa_runs\a1b\bulk\img_0367.jpg
8,368,20260912_090902_977b2686_auto_00034400_20260912092131887,20260912_090902_977b2686,jpg,F:\CODE\JianChanChan\src\ChanSight.Cli\bin\Debug\net8.0-windows10.0.22621.0\datasets\recordings\20260912_090902_977b2686\auto_00034400_20260912092131887.jpg,3840,2088,F:\CODE\JianChanChan\scripts\..\docs\qa_runs\a1b\bulk\img_0368.jpg
8,369,20260912_090902_977b2686_auto_00034499_20260912092133909,20260912_090902_977b2686,jpg,F:\CODE\JianChanChan\src\ChanSight.Cli\bin\Debug\net8.0-windows10.0.22621.0\datasets\recordings\20260912_090902_977b2686\auto_00034499_20260912092133909.jpg,3840,2088,F:\CODE\JianChanChan\scripts\..\docs\qa_runs\a1b\bulk\img_0369.jpg
8,370,20260912_090902_977b2686_auto_00034597_20260912092135951,20260912_090902_977b2686,jpg,F:\CODE\JianChanChan\src\ChanSight.Cli\bin\Debug\net8.0-windows10.0.22621.0\datasets\recordings\20260912_090902_977b2686\auto_00034597_20260912092135951.jpg,3840,2088,F:\CODE\JianChanChan\scripts\..\docs\qa_runs\a1b\bulk\img_0370.jpg
8,371,20260912_090902_977b2686_auto_00034690_20260912092137970,20260912_090902_977b2686,jpg,F:\CODE\JianChanChan\src\ChanSight.Cli\bin\Debug\net8.0-windows10.0.22621.0\datasets\recordings\20260912_090902_977b2686\auto_00034690_20260912092137970.jpg,3840,2088,F:\CODE\JianChanChan\scripts\..\docs\qa_runs\a1b\bulk\img_0371.jpg
8,372,20260912_090902_977b2686_auto_00034786_20260912092139993,20260912_090902_977b2686,jpg,F:\CODE\JianChanChan\src\ChanSight.Cli\bin\Debug\net8.0-windows10.0.22621.0\datasets\recordings\20260912_090902_977b2686\auto_00034786_20260912092139993.jpg,3840,2088,F:\CODE\JianChanChan\scripts\..\docs\qa_runs\a1b\bulk\img_0372.jpg
8,373,20260912_090902_977b2686_auto_00034885_20260912092142000,20260912_090902_977b2686,jpg,F:\CODE\JianChanChan\src\ChanSight.Cli\bin\Debug\net8.0-windows10.0.22621.0\datasets\recordings\20260912_090902_977b2686\auto_00034885_20260912092142000.jpg,3840,2088,F:\CODE\JianChanChan\scripts\..\docs\qa_runs\a1b\bulk\img_0373.jpg
8,374,20260912_090902_977b2686_auto_00034986_20260912092144035,20260912_090902_977b2686,jpg,F:\CODE\JianChanChan\src\ChanSight.Cli\bin\Debug\net8.0-windows10.0.22621.0\datasets\recordings\20260912_090902_977b2686\auto_00034986_20260912092144035.jpg,3840,2088,F:\CODE\JianChanChan\scripts\..\docs\qa_runs\a1b\bulk\img_0374.jpg
8,375,20260912_090902_977b2686_auto_00035079_20260912092146041,20260912_090902_977b2686,jpg,F:\CODE\JianChanChan\src\ChanSight.Cli\bin\Debug\net8.0-windows10.0.22621.0\datasets\recordings\20260912_090902_977b2686\auto_00035079_20260912092146041.jpg,3840,2088,F:\CODE\JianChanChan\scripts\..\docs\qa_runs\a1b\bulk\img_0375.jpg
8,376,20260912_090902_977b2686_auto_00035178_20260912092148062,20260912_090902_977b2686,jpg,F:\CODE\JianChanChan\src\ChanSight.Cli\bin\Debug\net8.0-windows10.0.22621.0\datasets\recordings\20260912_090902_977b2686\auto_00035178_20260912092148062.jpg,3840,2088,F:\CODE\JianChanChan\scripts\..\docs\qa_runs\a1b\bulk\img_0376.jpg
8,377,20260912_090902_977b2686_auto_00035277_20260912092150068,20260912_090902_977b2686,jpg,F:\CODE\JianChanChan\src\ChanSight.Cli\bin\Debug\net8.0-windows10.0.22621.0\datasets\recordings\20260912_090902_977b2686\auto_00035277_20260912092150068.jpg,3840,2088,F:\CODE\JianChanChan\scripts\..\docs\qa_runs\a1b\bulk\img_0377.jpg
8,378,20260912_090902_977b2686_auto_00035374_20260912092152083,20260912_090902_977b2686,jpg,F:\CODE\JianChanChan\src\ChanSight.Cli\bin\Debug\net8.0-windows10.0.22621.0\datasets\recordings\20260912_090902_977b2686\auto_00035374_20260912092152083.jpg,3840,2088,F:\CODE\JianChanChan\scripts\..\docs\qa_runs\a1b\bulk\img_0378.jpg
8,379,20260912_090902_977b2686_auto_00035471_20260912092154160,20260912_090902_977b2686,jpg,F:\CODE\JianChanChan\src\ChanSight.Cli\bin\Debug\net8.0-windows10.0.22621.0\datasets\recordings\20260912_090902_977b2686\auto_00035471_20260912092154160.jpg,3840,2088,F:\CODE\JianChanChan\scripts\..\docs\qa_runs\a1b\bulk\img_0379.jpg
8,380,20260912_090902_977b2686_auto_00035569_20260912092156182,20260912_090902_977b2686,jpg,F:\CODE\JianChanChan\src\ChanSight.Cli\bin\Debug\net8.0-windows10.0.22621.0\datasets\recordings\20260912_090902_977b2686\auto_00035569_20260912092156182.jpg,3840,2088,F:\CODE\JianChanChan\scripts\..\docs\qa_runs\a1b\bulk\img_0380.jpg
8,381,20260912_090902_977b2686_auto_00035667_20260912092158215,20260912_090902_977b2686,jpg,F:\CODE\JianChanChan\src\ChanSight.Cli\bin\Debug\net8.0-windows10.0.22621.0\datasets\recordings\20260912_090902_977b2686\auto_00035667_20260912092158215.jpg,3840,2088,F:\CODE\JianChanChan\scripts\..\docs\qa_runs\a1b\bulk\img_0381.jpg
8,382,20260912_090902_977b2686_auto_00035758_20260912092200229,20260912_090902_977b2686,jpg,F:\CODE\JianChanChan\src\ChanSight.Cli\bin\Debug\net8.0-windows10.0.22621.0\datasets\recordings\20260912_090902_977b2686\auto_00035758_20260912092200229.jpg,3840,2088,F:\CODE\JianChanChan\scripts\..\docs\qa_runs\a1b\bulk\img_0382.jpg
8,383,20260912_090902_977b2686_auto_00035852_20260912092202264,20260912_090902_977b2686,jpg,F:\CODE\JianChanChan\src\ChanSight.Cli\bin\Debug\net8.0-windows10.0.22621.0\datasets\recordings\20260912_090902_977b2686\auto_00035852_20260912092202264.jpg,3840,2088,F:\CODE\JianChanChan\scripts\..\docs\qa_runs\a1b\bulk\img_0383.jpg
8,384,20260912_090902_977b2686_auto_00035951_20260912092204319,20260912_090902_977b2686,jpg,F:\CODE\JianChanChan\src\ChanSight.Cli\bin\Debug\net8.0-windows10.0.22621.0\datasets\recordings\20260912_090902_977b2686\auto_00035951_20260912092204319.jpg,3840,2088,F:\CODE\JianChanChan\scripts\..\docs\qa_runs\a1b\bulk\img_0384.jpg
8,385,20260912_090902_977b2686_auto_00036051_20260912092206354,20260912_090902_977b2686,jpg,F:\CODE\JianChanChan\src\ChanSight.Cli\bin\Debug\net8.0-windows10.0.22621.0\datasets\recordings\20260912_090902_977b2686\auto_00036051_20260912092206354.jpg,3840,2088,F:\CODE\JianChanChan\scripts\..\docs\qa_runs\a1b\bulk\img_0385.jpg
8,386,20260912_090902_977b2686_auto_00036145_20260912092208355,20260912_090902_977b2686,jpg,F:\CODE\JianChanChan\src\ChanSight.Cli\bin\Debug\net8.0-windows10.0.22621.0\datasets\recordings\20260912_090902_977b2686\auto_00036145_20260912092208355.jpg,3840,2088,F:\CODE\JianChanChan\scripts\..\docs\qa_runs\a1b\bulk\img_0386.jpg
8,387,20260912_090902_977b2686_auto_00036240_20260912092210381,20260912_090902_977b2686,jpg,F:\CODE\JianChanChan\src\ChanSight.Cli\bin\Debug\net8.0-windows10.0.22621.0\datasets\recordings\20260912_090902_977b2686\auto_00036240_20260912092210381.jpg,3840,2088,F:\CODE\JianChanChan\scripts\..\docs\qa_runs\a1b\bulk\img_0387.jpg
8,388,20260912_090902_977b2686_auto_00036337_20260912092212405,20260912_090902_977b2686,jpg,F:\CODE\JianChanChan\src\ChanSight.Cli\bin\Debug\net8.0-windows10.0.22621.0\datasets\recordings\20260912_090902_977b2686\auto_00036337_20260912092212405.jpg,3840,2088,F:\CODE\JianChanChan\scripts\..\docs\qa_runs\a1b\bulk\img_0388.jpg
8,389,20260912_090902_977b2686_auto_00036434_20260912092214430,20260912_090902_977b2686,jpg,F:\CODE\JianChanChan\src\ChanSight.Cli\bin\Debug\net8.0-windows10.0.22621.0\datasets\recordings\20260912_090902_977b2686\auto_00036434_20260912092214430.jpg,3840,2088,F:\CODE\JianChanChan\scripts\..\docs\qa_runs\a1b\bulk\img_0389.jpg
8,390,20260912_090902_977b2686_auto_00036516_20260912092216437,20260912_090902_977b2686,jpg,F:\CODE\JianChanChan\src\ChanSight.Cli\bin\Debug\net8.0-windows10.0.22621.0\datasets\recordings\20260912_090902_977b2686\auto_00036516_20260912092216437.jpg,3840,2088,F:\CODE\JianChanChan\scripts\..\docs\qa_runs\a1b\bulk\img_0390.jpg
8,391,20260912_090902_977b2686_auto_00036607_20260912092218458,20260912_090902_977b2686,jpg,F:\CODE\JianChanChan\src\ChanSight.Cli\bin\Debug\net8.0-windows10.0.22621.0\datasets\recordings\20260912_090902_977b2686\auto_00036607_20260912092218458.jpg,3840,2088,F:\CODE\JianChanChan\scripts\..\docs\qa_runs\a1b\bulk\img_0391.jpg
8,392,20260912_090902_977b2686_auto_00036708_20260912092220500,20260912_090902_977b2686,jpg,F:\CODE\JianChanChan\src\ChanSight.Cli\bin\Debug\net8.0-windows10.0.22621.0\datasets\recordings\20260912_090902_977b2686\auto_00036708_20260912092220500.jpg,3840,2088,F:\CODE\JianChanChan\scripts\..\docs\qa_runs\a1b\bulk\img_0392.jpg
8,393,20260912_090902_977b2686_auto_00036809_20260912092222528,20260912_090902_977b2686,jpg,F:\CODE\JianChanChan\src\ChanSight.Cli\bin\Debug\net8.0-windows10.0.22621.0\datasets\recordings\20260912_090902_977b2686\auto_00036809_20260912092222528.jpg,3840,2088,F:\CODE\JianChanChan\scripts\..\docs\qa_runs\a1b\bulk\img_0393.jpg
8,394,20260912_090902_977b2686_auto_00036891_20260912092224598,20260912_090902_977b2686,jpg,F:\CODE\JianChanChan\src\ChanSight.Cli\bin\Debug\net8.0-windows10.0.22621.0\datasets\recordings\20260912_090902_977b2686\auto_00036891_20260912092224598.jpg,3840,2088,F:\CODE\JianChanChan\scripts\..\docs\qa_runs\a1b\bulk\img_0394.jpg
8,395,20260912_090902_977b2686_auto_00036981_20260912092226664,20260912_090902_977b2686,jpg,F:\CODE\JianChanChan\src\ChanSight.Cli\bin\Debug\net8.0-windows10.0.22621.0\datasets\recordings\20260912_090902_977b2686\auto_00036981_20260912092226664.jpg,3840,2088,F:\CODE\JianChanChan\scripts\..\docs\qa_runs\a1b\bulk\img_0395.jpg
8,396,20260912_090902_977b2686_auto_00037071_20260912092228739,20260912_090902_977b2686,jpg,F:\CODE\JianChanChan\src\ChanSight.Cli\bin\Debug\net8.0-windows10.0.22621.0\datasets\recordings\20260912_090902_977b2686\auto_00037071_20260912092228739.jpg,3840,2088,F:\CODE\JianChanChan\scripts\..\docs\qa_runs\a1b\bulk\img_0396.jpg
8,397,20260912_090902_977b2686_auto_00037163_20260912092230746,20260912_090902_977b2686,jpg,F:\CODE\JianChanChan\src\ChanSight.Cli\bin\Debug\net8.0-windows10.0.22621.0\datasets\recordings\20260912_090902_977b2686\auto_00037163_20260912092230746.jpg,3840,2088,F:\CODE\JianChanChan\scripts\..\docs\qa_runs\a1b\bulk\img_0397.jpg
8,398,20260912_090902_977b2686_auto_00037260_20260912092232758,20260912_090902_977b2686,jpg,F:\CODE\JianChanChan\src\ChanSight.Cli\bin\Debug\net8.0-windows10.0.22621.0\datasets\recordings\20260912_090902_977b2686\auto_00037260_20260912092232758.jpg,3840,2088,F:\CODE\JianChanChan\scripts\..\docs\qa_runs\a1b\bulk\img_0398.jpg
8,399,20260912_090902_977b2686_auto_00037358_20260912092234787,20260912_090902_977b2686,jpg,F:\CODE\JianChanChan\src\ChanSight.Cli\bin\Debug\net8.0-windows10.0.22621.0\datasets\recordings\20260912_090902_977b2686\auto_00037358_20260912092234787.jpg,3840,2088,F:\CODE\JianChanChan\scripts\..\docs\qa_runs\a1b\bulk\img_0399.jpg
8,400,20260912_090902_977b2686_auto_00037455_20260912092236787,20260912_090902_977b2686,jpg,F:\CODE\JianChanChan\src\ChanSight.Cli\bin\Debug\net8.0-windows10.0.22621.0\datasets\recordings\20260912_090902_977b2686\auto_00037455_20260912092236787.jpg,3840,2088,F:\CODE\JianChanChan\scripts\..\docs\qa_runs\a1b\bulk\img_0400.jpg
8,401,20260912_090902_977b2686_auto_00037552_20260912092238790,20260912_090902_977b2686,jpg,F:\CODE\JianChanChan\src\ChanSight.Cli\bin\Debug\net8.0-windows10.0.22621.0\datasets\recordings\20260912_090902_977b2686\auto_00037552_20260912092238790.jpg,3840,2088,F:\CODE\JianChanChan\scripts\..\docs\qa_runs\a1b\bulk\img_0401.jpg
8,402,20260912_090902_977b2686_auto_00037649_20260912092240808,20260912_090902_977b2686,jpg,F:\CODE\JianChanChan\src\ChanSight.Cli\bin\Debug\net8.0-windows10.0.22621.0\datasets\recordings\20260912_090902_977b2686\auto_00037649_20260912092240808.jpg,3840,2088,F:\CODE\JianChanChan\scripts\..\docs\qa_runs\a1b\bulk\img_0402.jpg
8,403,20260912_090902_977b2686_auto_00037745_20260912092242831,20260912_090902_977b2686,jpg,F:\CODE\JianChanChan\src\ChanSight.Cli\bin\Debug\net8.0-windows10.0.22621.0\datasets\recordings\20260912_090902_977b2686\auto_00037745_20260912092242831.jpg,3840,2088,F:\CODE\JianChanChan\scripts\..\docs\qa_runs\a1b\bulk\img_0403.jpg
8,404,20260912_090902_977b2686_auto_00037843_20260912092244862,20260912_090902_977b2686,jpg,F:\CODE\JianChanChan\src\ChanSight.Cli\bin\Debug\net8.0-windows10.0.22621.0\datasets\recordings\20260912_090902_977b2686\auto_00037843_20260912092244862.jpg,3840,2088,F:\CODE\JianChanChan\scripts\..\docs\qa_runs\a1b\bulk\img_0404.jpg
8,405,20260912_090902_977b2686_auto_00037941_20260912092246912,20260912_090902_977b2686,jpg,F:\CODE\JianChanChan\src\ChanSight.Cli\bin\Debug\net8.0-windows10.0.22621.0\datasets\recordings\20260912_090902_977b2686\auto_00037941_20260912092246912.jpg,3840,2088,F:\CODE\JianChanChan\scripts\..\docs\qa_runs\a1b\bulk\img_0405.jpg
8,406,20260912_090902_977b2686_auto_00038044_20260912092248996,20260912_090902_977b2686,jpg,F:\CODE\JianChanChan\src\ChanSight.Cli\bin\Debug\net8.0-windows10.0.22621.0\datasets\recordings\20260912_090902_977b2686\auto_00038044_20260912092248996.jpg,3840,2088,F:\CODE\JianChanChan\scripts\..\docs\qa_runs\a1b\bulk\img_0406.jpg
8,407,20260912_090902_977b2686_auto_00038143_20260912092250998,20260912_090902_977b2686,jpg,F:\CODE\JianChanChan\src\ChanSight.Cli\bin\Debug\net8.0-windows10.0.22621.0\datasets\recordings\20260912_090902_977b2686\auto_00038143_20260912092250998.jpg,3840,2088,F:\CODE\JianChanChan\scripts\..\docs\qa_runs\a1b\bulk\img_0407.jpg
8,408,20260912_090902_977b2686_auto_00038245_20260912092253050,20260912_090902_977b2686,jpg,F:\CODE\JianChanChan\src\ChanSight.Cli\bin\Debug\net8.0-windows10.0.22621.0\datasets\recordings\20260912_090902_977b2686\auto_00038245_20260912092253050.jpg,3840,2088,F:\CODE\JianChanChan\scripts\..\docs\qa_runs\a1b\bulk\img_0408.jpg
9,409,20260912_090902_977b2686_auto_00038334_20260912092255051,20260912_090902_977b2686,jpg,F:\CODE\JianChanChan\src\ChanSight.Cli\bin\Debug\net8.0-windows10.0.22621.0\datasets\recordings\20260912_090902_977b2686\auto_00038334_20260912092255051.jpg,3840,2088,F:\CODE\JianChanChan\scripts\..\docs\qa_runs\a1b\bulk\img_0409.jpg
9,410,20260912_090902_977b2686_auto_00038433_20260912092257087,20260912_090902_977b2686,jpg,F:\CODE\JianChanChan\src\ChanSight.Cli\bin\Debug\net8.0-windows10.0.22621.0\datasets\recordings\20260912_090902_977b2686\auto_00038433_20260912092257087.jpg,3840,2088,F:\CODE\JianChanChan\scripts\..\docs\qa_runs\a1b\bulk\img_0410.jpg
9,411,20260912_090902_977b2686_auto_00038532_20260912092259101,20260912_090902_977b2686,jpg,F:\CODE\JianChanChan\src\ChanSight.Cli\bin\Debug\net8.0-windows10.0.22621.0\datasets\recordings\20260912_090902_977b2686\auto_00038532_20260912092259101.jpg,3840,2088,F:\CODE\JianChanChan\scripts\..\docs\qa_runs\a1b\bulk\img_0411.jpg
9,412,20260912_090902_977b2686_auto_00038624_20260912092301169,20260912_090902_977b2686,jpg,F:\CODE\JianChanChan\src\ChanSight.Cli\bin\Debug\net8.0-windows10.0.22621.0\datasets\recordings\20260912_090902_977b2686\auto_00038624_20260912092301169.jpg,3840,2088,F:\CODE\JianChanChan\scripts\..\docs\qa_runs\a1b\bulk\img_0412.jpg
9,413,20260912_090902_977b2686_auto_00038721_20260912092303191,20260912_090902_977b2686,jpg,F:\CODE\JianChanChan\src\ChanSight.Cli\bin\Debug\net8.0-windows10.0.22621.0\datasets\recordings\20260912_090902_977b2686\auto_00038721_20260912092303191.jpg,3840,2088,F:\CODE\JianChanChan\scripts\..\docs\qa_runs\a1b\bulk\img_0413.jpg
9,414,20260912_090902_977b2686_auto_00038803_20260912092305191,20260912_090902_977b2686,jpg,F:\CODE\JianChanChan\src\ChanSight.Cli\bin\Debug\net8.0-windows10.0.22621.0\datasets\recordings\20260912_090902_977b2686\auto_00038803_20260912092305191.jpg,3840,2088,F:\CODE\JianChanChan\scripts\..\docs\qa_runs\a1b\bulk\img_0414.jpg
9,415,20260912_090902_977b2686_auto_00038889_20260912092307225,20260912_090902_977b2686,jpg,F:\CODE\JianChanChan\src\ChanSight.Cli\bin\Debug\net8.0-windows10.0.22621.0\datasets\recordings\20260912_090902_977b2686\auto_00038889_20260912092307225.jpg,3840,2088,F:\CODE\JianChanChan\scripts\..\docs\qa_runs\a1b\bulk\img_0415.jpg
9,416,20260912_090902_977b2686_auto_00038975_20260912092309231,20260912_090902_977b2686,jpg,F:\CODE\JianChanChan\src\ChanSight.Cli\bin\Debug\net8.0-windows10.0.22621.0\datasets\recordings\20260912_090902_977b2686\auto_00038975_20260912092309231.jpg,3840,2088,F:\CODE\JianChanChan\scripts\..\docs\qa_runs\a1b\bulk\img_0416.jpg
9,417,20260912_090902_977b2686_auto_00039061_20260912092311240,20260912_090902_977b2686,jpg,F:\CODE\JianChanChan\src\ChanSight.Cli\bin\Debug\net8.0-windows10.0.22621.0\datasets\recordings\20260912_090902_977b2686\auto_00039061_20260912092311240.jpg,3840,2088,F:\CODE\JianChanChan\scripts\..\docs\qa_runs\a1b\bulk\img_0417.jpg
9,418,20260912_090902_977b2686_auto_00039147_20260912092313266,20260912_090902_977b2686,jpg,F:\CODE\JianChanChan\src\ChanSight.Cli\bin\Debug\net8.0-windows10.0.22621.0\datasets\recordings\20260912_090902_977b2686\auto_00039147_20260912092313266.jpg,3840,2088,F:\CODE\JianChanChan\scripts\..\docs\qa_runs\a1b\bulk\img_0418.jpg
9,419,20260912_090902_977b2686_auto_00039238_20260912092315302,20260912_090902_977b2686,jpg,F:\CODE\JianChanChan\src\ChanSight.Cli\bin\Debug\net8.0-windows10.0.22621.0\datasets\recordings\20260912_090902_977b2686\auto_00039238_20260912092315302.jpg,3840,2088,F:\CODE\JianChanChan\scripts\..\docs\qa_runs\a1b\bulk\img_0419.jpg
9,420,20260912_090902_977b2686_auto_00039329_20260912092317365,20260912_090902_977b2686,jpg,F:\CODE\JianChanChan\src\ChanSight.Cli\bin\Debug\net8.0-windows10.0.22621.0\datasets\recordings\20260912_090902_977b2686\auto_00039329_20260912092317365.jpg,3840,2088,F:\CODE\JianChanChan\scripts\..\docs\qa_runs\a1b\bulk\img_0420.jpg
9,421,20260912_090902_977b2686_auto_00039421_20260912092319441,20260912_090902_977b2686,jpg,F:\CODE\JianChanChan\src\ChanSight.Cli\bin\Debug\net8.0-windows10.0.22621.0\datasets\recordings\20260912_090902_977b2686\auto_00039421_20260912092319441.jpg,3840,2088,F:\CODE\JianChanChan\scripts\..\docs\qa_runs\a1b\bulk\img_0421.jpg
9,422,20260912_090902_977b2686_auto_00039517_20260912092321461,20260912_090902_977b2686,jpg,F:\CODE\JianChanChan\src\ChanSight.Cli\bin\Debug\net8.0-windows10.0.22621.0\datasets\recordings\20260912_090902_977b2686\auto_00039517_20260912092321461.jpg,3840,2088,F:\CODE\JianChanChan\scripts\..\docs\qa_runs\a1b\bulk\img_0422.jpg
9,423,20260912_090902_977b2686_auto_00039609_20260912092323470,20260912_090902_977b2686,jpg,F:\CODE\JianChanChan\src\ChanSight.Cli\bin\Debug\net8.0-windows10.0.22621.0\datasets\recordings\20260912_090902_977b2686\auto_00039609_20260912092323470.jpg,3840,2088,F:\CODE\JianChanChan\scripts\..\docs\qa_runs\a1b\bulk\img_0423.jpg
9,424,20260912_090902_977b2686_auto_00039702_20260912092325505,20260912_090902_977b2686,jpg,F:\CODE\JianChanChan\src\ChanSight.Cli\bin\Debug\net8.0-windows10.0.22621.0\datasets\recordings\20260912_090902_977b2686\auto_00039702_20260912092325505.jpg,3840,2088,F:\CODE\JianChanChan\scripts\..\docs\qa_runs\a1b\bulk\img_0424.jpg
9,425,20260912_090902_977b2686_auto_00039798_20260912092327518,20260912_090902_977b2686,jpg,F:\CODE\JianChanChan\src\ChanSight.Cli\bin\Debug\net8.0-windows10.0.22621.0\datasets\recordings\20260912_090902_977b2686\auto_00039798_20260912092327518.jpg,3840,2088,F:\CODE\JianChanChan\scripts\..\docs\qa_runs\a1b\bulk\img_0425.jpg
9,426,20260912_090902_977b2686_auto_00039881_20260912092329531,20260912_090902_977b2686,jpg,F:\CODE\JianChanChan\src\ChanSight.Cli\bin\Debug\net8.0-windows10.0.22621.0\datasets\recordings\20260912_090902_977b2686\auto_00039881_20260912092329531.jpg,3840,2088,F:\CODE\JianChanChan\scripts\..\docs\qa_runs\a1b\bulk\img_0426.jpg
9,427,20260912_090902_977b2686_auto_00039979_20260912092331533,20260912_090902_977b2686,jpg,F:\CODE\JianChanChan\src\ChanSight.Cli\bin\Debug\net8.0-windows10.0.22621.0\datasets\recordings\20260912_090902_977b2686\auto_00039979_20260912092331533.jpg,3840,2088,F:\CODE\JianChanChan\scripts\..\docs\qa_runs\a1b\bulk\img_0427.jpg
9,428,20260912_090902_977b2686_auto_00040055_20260912092333557,20260912_090902_977b2686,jpg,F:\CODE\JianChanChan\src\ChanSight.Cli\bin\Debug\net8.0-windows10.0.22621.0\datasets\recordings\20260912_090902_977b2686\auto_00040055_20260912092333557.jpg,3840,2088,F:\CODE\JianChanChan\scripts\..\docs\qa_runs\a1b\bulk\img_0428.jpg
9,429,20260912_090902_977b2686_auto_00040127_20260912092335724,20260912_090902_977b2686,jpg,F:\CODE\JianChanChan\src\ChanSight.Cli\bin\Debug\net8.0-windows10.0.22621.0\datasets\recordings\20260912_090902_977b2686\auto_00040127_20260912092335724.jpg,3840,2088,F:\CODE\JianChanChan\scripts\..\docs\qa_runs\a1b\bulk\img_0429.jpg
9,430,20260912_090902_977b2686_auto_00040215_20260912092337797,20260912_090902_977b2686,jpg,F:\CODE\JianChanChan\src\ChanSight.Cli\bin\Debug\net8.0-windows10.0.22621.0\datasets\recordings\20260912_090902_977b2686\auto_00040215_20260912092337797.jpg,3840,2088,F:\CODE\JianChanChan\scripts\..\docs\qa_runs\a1b\bulk\img_0430.jpg
9,431,20260912_090902_977b2686_auto_00040314_20260912092339826,20260912_090902_977b2686,jpg,F:\CODE\JianChanChan\src\ChanSight.Cli\bin\Debug\net8.0-windows10.0.22621.0\datasets\recordings\20260912_090902_977b2686\auto_00040314_20260912092339826.jpg,3840,2088,F:\CODE\JianChanChan\scripts\..\docs\qa_runs\a1b\bulk\img_0431.jpg
9,432,20260912_090902_977b2686_auto_00040407_20260912092341838,20260912_090902_977b2686,jpg,F:\CODE\JianChanChan\src\ChanSight.Cli\bin\Debug\net8.0-windows10.0.22621.0\datasets\recordings\20260912_090902_977b2686\auto_00040407_20260912092341838.jpg,3840,2088,F:\CODE\JianChanChan\scripts\..\docs\qa_runs\a1b\bulk\img_0432.jpg
9,433,20260912_090902_977b2686_auto_00040505_20260912092343865,20260912_090902_977b2686,jpg,F:\CODE\JianChanChan\src\ChanSight.Cli\bin\Debug\net8.0-windows10.0.22621.0\datasets\recordings\20260912_090902_977b2686\auto_00040505_20260912092343865.jpg,3840,2088,F:\CODE\JianChanChan\scripts\..\docs\qa_runs\a1b\bulk\img_0433.jpg
9,434,20260912_090902_977b2686_auto_00040603_20260912092345900,20260912_090902_977b2686,jpg,F:\CODE\JianChanChan\src\ChanSight.Cli\bin\Debug\net8.0-windows10.0.22621.0\datasets\recordings\20260912_090902_977b2686\auto_00040603_20260912092345900.jpg,3840,2088,F:\CODE\JianChanChan\scripts\..\docs\qa_runs\a1b\bulk\img_0434.jpg
9,435,20260912_090902_977b2686_auto_00040668_20260912092347915,20260912_090902_977b2686,jpg,F:\CODE\JianChanChan\src\ChanSight.Cli\bin\Debug\net8.0-windows10.0.22621.0\datasets\recordings\20260912_090902_977b2686\auto_00040668_20260912092347915.jpg,3840,2088,F:\CODE\JianChanChan\scripts\..\docs\qa_runs\a1b\bulk\img_0435.jpg
9,436,20260912_090902_977b2686_auto_00040769_20260912092349971,20260912_090902_977b2686,jpg,F:\CODE\JianChanChan\src\ChanSight.Cli\bin\Debug\net8.0-windows10.0.22621.0\datasets\recordings\20260912_090902_977b2686\auto_00040769_20260912092349971.jpg,3840,2088,F:\CODE\JianChanChan\scripts\..\docs\qa_runs\a1b\bulk\img_0436.jpg
9,437,20260912_090902_977b2686_auto_00040865_20260912092352034,20260912_090902_977b2686,jpg,F:\CODE\JianChanChan\src\ChanSight.Cli\bin\Debug\net8.0-windows10.0.22621.0\datasets\recordings\20260912_090902_977b2686\auto_00040865_20260912092352034.jpg,3840,2088,F:\CODE\JianChanChan\scripts\..\docs\qa_runs\a1b\bulk\img_0437.jpg
9,438,20260912_090902_977b2686_auto_00040962_20260912092354069,20260912_090902_977b2686,jpg,F:\CODE\JianChanChan\src\ChanSight.Cli\bin\Debug\net8.0-windows10.0.22621.0\datasets\recordings\20260912_090902_977b2686\auto_00040962_20260912092354069.jpg,3840,2088,F:\CODE\JianChanChan\scripts\..\docs\qa_runs\a1b\bulk\img_0438.jpg
9,439,20260912_090902_977b2686_auto_00041057_20260912092356102,20260912_090902_977b2686,jpg,F:\CODE\JianChanChan\src\ChanSight.Cli\bin\Debug\net8.0-windows10.0.22621.0\datasets\recordings\20260912_090902_977b2686\auto_00041057_20260912092356102.jpg,3840,2088,F:\CODE\JianChanChan\scripts\..\docs\qa_runs\a1b\bulk\img_0439.jpg
9,440,20260912_090902_977b2686_auto_00041157_20260912092358158,20260912_090902_977b2686,jpg,F:\CODE\JianChanChan\src\ChanSight.Cli\bin\Debug\net8.0-windows10.0.22621.0\datasets\recordings\20260912_090902_977b2686\auto_00041157_20260912092358158.jpg,3840,2088,F:\CODE\JianChanChan\scripts\..\docs\qa_runs\a1b\bulk\img_0440.jpg
9,441,20260912_090902_977b2686_auto_00041245_20260912092400193,20260912_090902_977b2686,jpg,F:\CODE\JianChanChan\src\ChanSight.Cli\bin\Debug\net8.0-windows10.0.22621.0\datasets\recordings\20260912_090902_977b2686\auto_00041245_20260912092400193.jpg,3840,2088,F:\CODE\JianChanChan\scripts\..\docs\qa_runs\a1b\bulk\img_0441.jpg
9,442,20260912_090902_977b2686_auto_00041333_20260912092402199,20260912_090902_977b2686,jpg,F:\CODE\JianChanChan\src\ChanSight.Cli\bin\Debug\net8.0-windows10.0.22621.0\datasets\recordings\20260912_090902_977b2686\auto_00041333_20260912092402199.jpg,3840,2088,F:\CODE\JianChanChan\scripts\..\docs\qa_runs\a1b\bulk\img_0442.jpg
9,443,20260912_090902_977b2686_auto_00041422_20260912092404345,20260912_090902_977b2686,jpg,F:\CODE\JianChanChan\src\ChanSight.Cli\bin\Debug\net8.0-windows10.0.22621.0\datasets\recordings\20260912_090902_977b2686\auto_00041422_20260912092404345.jpg,3840,2088,F:\CODE\JianChanChan\scripts\..\docs\qa_runs\a1b\bulk\img_0443.jpg
9,444,20260912_090902_977b2686_auto_00041507_20260912092406353,20260912_090902_977b2686,jpg,F:\CODE\JianChanChan\src\ChanSight.Cli\bin\Debug\net8.0-windows10.0.22621.0\datasets\recordings\20260912_090902_977b2686\auto_00041507_20260912092406353.jpg,3840,2088,F:\CODE\JianChanChan\scripts\..\docs\qa_runs\a1b\bulk\img_0444.jpg
9,445,20260912_090902_977b2686_auto_00041599_20260912092408374,20260912_090902_977b2686,jpg,F:\CODE\JianChanChan\src\ChanSight.Cli\bin\Debug\net8.0-windows10.0.22621.0\datasets\recordings\20260912_090902_977b2686\auto_00041599_20260912092408374.jpg,3840,2088,F:\CODE\JianChanChan\scripts\..\docs\qa_runs\a1b\bulk\img_0445.jpg
9,446,20260912_090902_977b2686_auto_00041694_20260912092410396,20260912_090902_977b2686,jpg,F:\CODE\JianChanChan\src\ChanSight.Cli\bin\Debug\net8.0-windows10.0.22621.0\datasets\recordings\20260912_090902_977b2686\auto_00041694_20260912092410396.jpg,3840,2088,F:\CODE\JianChanChan\scripts\..\docs\qa_runs\a1b\bulk\img_0446.jpg
9,447,20260912_090902_977b2686_auto_00041779_20260912092412422,20260912_090902_977b2686,jpg,F:\CODE\JianChanChan\src\ChanSight.Cli\bin\Debug\net8.0-windows10.0.22621.0\datasets\recordings\20260912_090902_977b2686\auto_00041779_20260912092412422.jpg,3840,2088,F:\CODE\JianChanChan\scripts\..\docs\qa_runs\a1b\bulk\img_0447.jpg
9,448,20260912_090902_977b2686_auto_00041866_20260912092414443,20260912_090902_977b2686,jpg,F:\CODE\JianChanChan\src\ChanSight.Cli\bin\Debug\net8.0-windows10.0.22621.0\datasets\recordings\20260912_090902_977b2686\auto_00041866_20260912092414443.jpg,3840,2088,F:\CODE\JianChanChan\scripts\..\docs\qa_runs\a1b\bulk\img_0448.jpg
9,449,20260912_090902_977b2686_auto_00041960_20260912092416453,20260912_090902_977b2686,jpg,F:\CODE\JianChanChan\src\ChanSight.Cli\bin\Debug\net8.0-windows10.0.22621.0\datasets\recordings\20260912_090902_977b2686\auto_00041960_20260912092416453.jpg,3840,2088,F:\CODE\JianChanChan\scripts\..\docs\qa_runs\a1b\bulk\img_0449.jpg
9,450,20260912_090902_977b2686_auto_00042062_20260912092418485,20260912_090902_977b2686,jpg,F:\CODE\JianChanChan\src\ChanSight.Cli\bin\Debug\net8.0-windows10.0.22621.0\datasets\recordings\20260912_090902_977b2686\auto_00042062_20260912092418485.jpg,3840,2088,F:\CODE\JianChanChan\scripts\..\docs\qa_runs\a1b\bulk\img_0450.jpg
9,451,20260912_090902_977b2686_auto_00042162_20260912092420499,20260912_090902_977b2686,jpg,F:\CODE\JianChanChan\src\ChanSight.Cli\bin\Debug\net8.0-windows10.0.22621.0\datasets\recordings\20260912_090902_977b2686\auto_00042162_20260912092420499.jpg,3840,2088,F:\CODE\JianChanChan\scripts\..\docs\qa_runs\a1b\bulk\img_0451.jpg
9,452,20260912_090902_977b2686_auto_00042262_20260912092422528,20260912_090902_977b2686,jpg,F:\CODE\JianChanChan\src\ChanSight.Cli\bin\Debug\net8.0-windows10.0.22621.0\datasets\recordings\20260912_090902_977b2686\auto_00042262_20260912092422528.jpg,3840,2088,F:\CODE\JianChanChan\scripts\..\docs\qa_runs\a1b\bulk\img_0452.jpg
9,453,20260912_090902_977b2686_auto_00042360_20260912092424529,20260912_090902_977b2686,jpg,F:\CODE\JianChanChan\src\ChanSight.Cli\bin\Debug\net8.0-windows10.0.22621.0\datasets\recordings\20260912_090902_977b2686\auto_00042360_20260912092424529.jpg,3840,2088,F:\CODE\JianChanChan\scripts\..\docs\qa_runs\a1b\bulk\img_0453.jpg
9,454,20260912_090902_977b2686_auto_00042463_20260912092426598,20260912_090902_977b2686,jpg,F:\CODE\JianChanChan\src\ChanSight.Cli\bin\Debug\net8.0-windows10.0.22621.0\datasets\recordings\20260912_090902_977b2686\auto_00042463_20260912092426598.jpg,3840,2088,F:\CODE\JianChanChan\scripts\..\docs\qa_runs\a1b\bulk\img_0454.jpg
9,455,20260912_090902_977b2686_auto_00042564_20260912092428633,20260912_090902_977b2686,jpg,F:\CODE\JianChanChan\src\ChanSight.Cli\bin\Debug\net8.0-windows10.0.22621.0\datasets\recordings\20260912_090902_977b2686\auto_00042564_20260912092428633.jpg,3840,2088,F:\CODE\JianChanChan\scripts\..\docs\qa_runs\a1b\bulk\img_0455.jpg
9,456,20260912_090902_977b2686_auto_00042662_20260912092430659,20260912_090902_977b2686,jpg,F:\CODE\JianChanChan\src\ChanSight.Cli\bin\Debug\net8.0-windows10.0.22621.0\datasets\recordings\20260912_090902_977b2686\auto_00042662_20260912092430659.jpg,3840,2088,F:\CODE\JianChanChan\scripts\..\docs\qa_runs\a1b\bulk\img_0456.jpg
9,457,20260912_090902_977b2686_auto_00042761_20260912092432661,20260912_090902_977b2686,jpg,F:\CODE\JianChanChan\src\ChanSight.Cli\bin\Debug\net8.0-windows10.0.22621.0\datasets\recordings\20260912_090902_977b2686\auto_00042761_20260912092432661.jpg,3840,2088,F:\CODE\JianChanChan\scripts\..\docs\qa_runs\a1b\bulk\img_0457.jpg
9,458,20260912_090902_977b2686_auto_00042857_20260912092434682,20260912_090902_977b2686,jpg,F:\CODE\JianChanChan\src\ChanSight.Cli\bin\Debug\net8.0-windows10.0.22621.0\datasets\recordings\20260912_090902_977b2686\auto_00042857_20260912092434682.jpg,3840,2088,F:\CODE\JianChanChan\scripts\..\docs\qa_runs\a1b\bulk\img_0458.jpg
9,459,20260912_090902_977b2686_auto_00042955_20260912092436683,20260912_090902_977b2686,jpg,F:\CODE\JianChanChan\src\ChanSight.Cli\bin\Debug\net8.0-windows10.0.22621.0\datasets\recordings\20260912_090902_977b2686\auto_00042955_20260912092436683.jpg,3840,2088,F:\CODE\JianChanChan\scripts\..\docs\qa_runs\a1b\bulk\img_0459.jpg
10,460,20260912_090902_977b2686_auto_00043050_20260912092438696,20260912_090902_977b2686,jpg,F:\CODE\JianChanChan\src\ChanSight.Cli\bin\Debug\net8.0-windows10.0.22621.0\datasets\recordings\20260912_090902_977b2686\auto_00043050_20260912092438696.jpg,3840,2088,F:\CODE\JianChanChan\scripts\..\docs\qa_runs\a1b\bulk\img_0460.jpg
10,461,20260912_090902_977b2686_auto_00043147_20260912092440716,20260912_090902_977b2686,jpg,F:\CODE\JianChanChan\src\ChanSight.Cli\bin\Debug\net8.0-windows10.0.22621.0\datasets\recordings\20260912_090902_977b2686\auto_00043147_20260912092440716.jpg,3840,2088,F:\CODE\JianChanChan\scripts\..\docs\qa_runs\a1b\bulk\img_0461.jpg
10,462,20260912_090902_977b2686_auto_00043221_20260912092442730,20260912_090902_977b2686,jpg,F:\CODE\JianChanChan\src\ChanSight.Cli\bin\Debug\net8.0-windows10.0.22621.0\datasets\recordings\20260912_090902_977b2686\auto_00043221_20260912092442730.jpg,3840,2088,F:\CODE\JianChanChan\scripts\..\docs\qa_runs\a1b\bulk\img_0462.jpg
10,463,20260912_090902_977b2686_auto_00043318_20260912092444743,20260912_090902_977b2686,jpg,F:\CODE\JianChanChan\src\ChanSight.Cli\bin\Debug\net8.0-windows10.0.22621.0\datasets\recordings\20260912_090902_977b2686\auto_00043318_20260912092444743.jpg,3840,2088,F:\CODE\JianChanChan\scripts\..\docs\qa_runs\a1b\bulk\img_0463.jpg
10,464,20260912_090902_977b2686_auto_00043415_20260912092446814,20260912_090902_977b2686,jpg,F:\CODE\JianChanChan\src\ChanSight.Cli\bin\Debug\net8.0-windows10.0.22621.0\datasets\recordings\20260912_090902_977b2686\auto_00043415_20260912092446814.jpg,3840,2088,F:\CODE\JianChanChan\scripts\..\docs\qa_runs\a1b\bulk\img_0464.jpg
10,465,20260912_090902_977b2686_auto_00043493_20260912092448952,20260912_090902_977b2686,jpg,F:\CODE\JianChanChan\src\ChanSight.Cli\bin\Debug\net8.0-windows10.0.22621.0\datasets\recordings\20260912_090902_977b2686\auto_00043493_20260912092448952.jpg,3840,2088,F:\CODE\JianChanChan\scripts\..\docs\qa_runs\a1b\bulk\img_0465.jpg
10,466,20260912_090902_977b2686_auto_00043586_20260912092450981,20260912_090902_977b2686,jpg,F:\CODE\JianChanChan\src\ChanSight.Cli\bin\Debug\net8.0-windows10.0.22621.0\datasets\recordings\20260912_090902_977b2686\auto_00043586_20260912092450981.jpg,3840,2088,F:\CODE\JianChanChan\scripts\..\docs\qa_runs\a1b\bulk\img_0466.jpg
10,467,20260912_090902_977b2686_auto_00043667_20260912092453022,20260912_090902_977b2686,jpg,F:\CODE\JianChanChan\src\ChanSight.Cli\bin\Debug\net8.0-windows10.0.22621.0\datasets\recordings\20260912_090902_977b2686\auto_00043667_20260912092453022.jpg,3840,2088,F:\CODE\JianChanChan\scripts\..\docs\qa_runs\a1b\bulk\img_0467.jpg
10,468,20260912_090902_977b2686_auto_00043747_20260912092455057,20260912_090902_977b2686,jpg,F:\CODE\JianChanChan\src\ChanSight.Cli\bin\Debug\net8.0-windows10.0.22621.0\datasets\recordings\20260912_090902_977b2686\auto_00043747_20260912092455057.jpg,3840,2088,F:\CODE\JianChanChan\scripts\..\docs\qa_runs\a1b\bulk\img_0468.jpg
10,469,20260912_090902_977b2686_auto_00043839_20260912092457082,20260912_090902_977b2686,jpg,F:\CODE\JianChanChan\src\ChanSight.Cli\bin\Debug\net8.0-windows10.0.22621.0\datasets\recordings\20260912_090902_977b2686\auto_00043839_20260912092457082.jpg,3840,2088,F:\CODE\JianChanChan\scripts\..\docs\qa_runs\a1b\bulk\img_0469.jpg
10,470,20260912_090902_977b2686_auto_00043930_20260912092459119,20260912_090902_977b2686,jpg,F:\CODE\JianChanChan\src\ChanSight.Cli\bin\Debug\net8.0-windows10.0.22621.0\datasets\recordings\20260912_090902_977b2686\auto_00043930_20260912092459119.jpg,3840,2088,F:\CODE\JianChanChan\scripts\..\docs\qa_runs\a1b\bulk\img_0470.jpg
10,471,20260912_090902_977b2686_auto_00044025_20260912092501141,20260912_090902_977b2686,jpg,F:\CODE\JianChanChan\src\ChanSight.Cli\bin\Debug\net8.0-windows10.0.22621.0\datasets\recordings\20260912_090902_977b2686\auto_00044025_20260912092501141.jpg,3840,2088,F:\CODE\JianChanChan\scripts\..\docs\qa_runs\a1b\bulk\img_0471.jpg
10,472,20260912_090902_977b2686_auto_00044109_20260912092503175,20260912_090902_977b2686,jpg,F:\CODE\JianChanChan\src\ChanSight.Cli\bin\Debug\net8.0-windows10.0.22621.0\datasets\recordings\20260912_090902_977b2686\auto_00044109_20260912092503175.jpg,3840,2088,F:\CODE\JianChanChan\scripts\..\docs\qa_runs\a1b\bulk\img_0472.jpg
10,473,20260912_090902_977b2686_auto_00044202_20260912092505211,20260912_090902_977b2686,jpg,F:\CODE\JianChanChan\src\ChanSight.Cli\bin\Debug\net8.0-windows10.0.22621.0\datasets\recordings\20260912_090902_977b2686\auto_00044202_20260912092505211.jpg,3840,2088,F:\CODE\JianChanChan\scripts\..\docs\qa_runs\a1b\bulk\img_0473.jpg
10,474,20260912_090902_977b2686_auto_00044296_20260912092507219,20260912_090902_977b2686,jpg,F:\CODE\JianChanChan\src\ChanSight.Cli\bin\Debug\net8.0-windows10.0.22621.0\datasets\recordings\20260912_090902_977b2686\auto_00044296_20260912092507219.jpg,3840,2088,F:\CODE\JianChanChan\scripts\..\docs\qa_runs\a1b\bulk\img_0474.jpg
10,475,20260912_090902_977b2686_auto_00044391_20260912092509253,20260912_090902_977b2686,jpg,F:\CODE\JianChanChan\src\ChanSight.Cli\bin\Debug\net8.0-windows10.0.22621.0\datasets\recordings\20260912_090902_977b2686\auto_00044391_20260912092509253.jpg,3840,2088,F:\CODE\JianChanChan\scripts\..\docs\qa_runs\a1b\bulk\img_0475.jpg
10,476,20260912_090902_977b2686_auto_00044488_20260912092511289,20260912_090902_977b2686,jpg,F:\CODE\JianChanChan\src\ChanSight.Cli\bin\Debug\net8.0-windows10.0.22621.0\datasets\recordings\20260912_090902_977b2686\auto_00044488_20260912092511289.jpg,3840,2088,F:\CODE\JianChanChan\scripts\..\docs\qa_runs\a1b\bulk\img_0476.jpg
10,477,20260912_090902_977b2686_auto_00044587_20260912092513289,20260912_090902_977b2686,jpg,F:\CODE\JianChanChan\src\ChanSight.Cli\bin\Debug\net8.0-windows10.0.22621.0\datasets\recordings\20260912_090902_977b2686\auto_00044587_20260912092513289.jpg,3840,2088,F:\CODE\JianChanChan\scripts\..\docs\qa_runs\a1b\bulk\img_0477.jpg
10,478,20260912_090902_977b2686_auto_00044688_20260912092515364,20260912_090902_977b2686,jpg,F:\CODE\JianChanChan\src\ChanSight.Cli\bin\Debug\net8.0-windows10.0.22621.0\datasets\recordings\20260912_090902_977b2686\auto_00044688_20260912092515364.jpg,3840,2088,F:\CODE\JianChanChan\scripts\..\docs\qa_runs\a1b\bulk\img_0478.jpg
10,479,20260912_090902_977b2686_auto_00044787_20260912092517371,20260912_090902_977b2686,jpg,F:\CODE\JianChanChan\src\ChanSight.Cli\bin\Debug\net8.0-windows10.0.22621.0\datasets\recordings\20260912_090902_977b2686\auto_00044787_20260912092517371.jpg,3840,2088,F:\CODE\JianChanChan\scripts\..\docs\qa_runs\a1b\bulk\img_0479.jpg
10,480,20260912_090902_977b2686_auto_00044889_20260912092519384,20260912_090902_977b2686,jpg,F:\CODE\JianChanChan\src\ChanSight.Cli\bin\Debug\net8.0-windows10.0.22621.0\datasets\recordings\20260912_090902_977b2686\auto_00044889_20260912092519384.jpg,3840,2088,F:\CODE\JianChanChan\scripts\..\docs\qa_runs\a1b\bulk\img_0480.jpg
10,481,20260912_090902_977b2686_auto_00044989_20260912092521462,20260912_090902_977b2686,jpg,F:\CODE\JianChanChan\src\ChanSight.Cli\bin\Debug\net8.0-windows10.0.22621.0\datasets\recordings\20260912_090902_977b2686\auto_00044989_20260912092521462.jpg,3840,2088,F:\CODE\JianChanChan\scripts\..\docs\qa_runs\a1b\bulk\img_0481.jpg
10,482,20260912_090902_977b2686_auto_00045089_20260912092523502,20260912_090902_977b2686,jpg,F:\CODE\JianChanChan\src\ChanSight.Cli\bin\Debug\net8.0-windows10.0.22621.0\datasets\recordings\20260912_090902_977b2686\auto_00045089_20260912092523502.jpg,3840,2088,F:\CODE\JianChanChan\scripts\..\docs\qa_runs\a1b\bulk\img_0482.jpg
10,483,20260912_090902_977b2686_auto_00045190_20260912092525532,20260912_090902_977b2686,jpg,F:\CODE\JianChanChan\src\ChanSight.Cli\bin\Debug\net8.0-windows10.0.22621.0\datasets\recordings\20260912_090902_977b2686\auto_00045190_20260912092525532.jpg,3840,2088,F:\CODE\JianChanChan\scripts\..\docs\qa_runs\a1b\bulk\img_0483.jpg
10,484,20260912_090902_977b2686_auto_00045255_20260912092527559,20260912_090902_977b2686,jpg,F:\CODE\JianChanChan\src\ChanSight.Cli\bin\Debug\net8.0-windows10.0.22621.0\datasets\recordings\20260912_090902_977b2686\auto_00045255_20260912092527559.jpg,3840,2088,F:\CODE\JianChanChan\scripts\..\docs\qa_runs\a1b\bulk\img_0484.jpg
10,485,20260912_090902_977b2686_auto_00045352_20260912092529579,20260912_090902_977b2686,jpg,F:\CODE\JianChanChan\src\ChanSight.Cli\bin\Debug\net8.0-windows10.0.22621.0\datasets\recordings\20260912_090902_977b2686\auto_00045352_20260912092529579.jpg,3840,2088,F:\CODE\JianChanChan\scripts\..\docs\qa_runs\a1b\bulk\img_0485.jpg
10,486,20260912_090902_977b2686_auto_00045453_20260912092531648,20260912_090902_977b2686,jpg,F:\CODE\JianChanChan\src\ChanSight.Cli\bin\Debug\net8.0-windows10.0.22621.0\datasets\recordings\20260912_090902_977b2686\auto_00045453_20260912092531648.jpg,3840,2088,F:\CODE\JianChanChan\scripts\..\docs\qa_runs\a1b\bulk\img_0486.jpg
10,487,20260912_090902_977b2686_auto_00045553_20260912092533671,20260912_090902_977b2686,jpg,F:\CODE\JianChanChan\src\ChanSight.Cli\bin\Debug\net8.0-windows10.0.22621.0\datasets\recordings\20260912_090902_977b2686\auto_00045553_20260912092533671.jpg,3840,2088,F:\CODE\JianChanChan\scripts\..\docs\qa_runs\a1b\bulk\img_0487.jpg
10,488,20260912_090902_977b2686_auto_00045653_20260912092535705,20260912_090902_977b2686,jpg,F:\CODE\JianChanChan\src\ChanSight.Cli\bin\Debug\net8.0-windows10.0.22621.0\datasets\recordings\20260912_090902_977b2686\auto_00045653_20260912092535705.jpg,3840,2088,F:\CODE\JianChanChan\scripts\..\docs\qa_runs\a1b\bulk\img_0488.jpg
10,489,20260912_090902_977b2686_auto_00045751_20260912092537727,20260912_090902_977b2686,jpg,F:\CODE\JianChanChan\src\ChanSight.Cli\bin\Debug\net8.0-windows10.0.22621.0\datasets\recordings\20260912_090902_977b2686\auto_00045751_20260912092537727.jpg,3840,2088,F:\CODE\JianChanChan\scripts\..\docs\qa_runs\a1b\bulk\img_0489.jpg
10,490,20260912_090902_977b2686_auto_00045851_20260912092539748,20260912_090902_977b2686,jpg,F:\CODE\JianChanChan\src\ChanSight.Cli\bin\Debug\net8.0-windows10.0.22621.0\datasets\recordings\20260912_090902_977b2686\auto_00045851_20260912092539748.jpg,3840,2088,F:\CODE\JianChanChan\scripts\..\docs\qa_runs\a1b\bulk\img_0490.jpg
10,491,20260912_090902_977b2686_auto_00045948_20260912092541789,20260912_090902_977b2686,jpg,F:\CODE\JianChanChan\src\ChanSight.Cli\bin\Debug\net8.0-windows10.0.22621.0\datasets\recordings\20260912_090902_977b2686\auto_00045948_20260912092541789.jpg,3840,2088,F:\CODE\JianChanChan\scripts\..\docs\qa_runs\a1b\bulk\img_0491.jpg
10,492,20260912_090902_977b2686_auto_00046049_20260912092543851,20260912_090902_977b2686,jpg,F:\CODE\JianChanChan\src\ChanSight.Cli\bin\Debug\net8.0-windows10.0.22621.0\datasets\recordings\20260912_090902_977b2686\auto_00046049_20260912092543851.jpg,3840,2088,F:\CODE\JianChanChan\scripts\..\docs\qa_runs\a1b\bulk\img_0492.jpg
10,493,20260912_090902_977b2686_auto_00046146_20260912092545907,20260912_090902_977b2686,jpg,F:\CODE\JianChanChan\src\ChanSight.Cli\bin\Debug\net8.0-windows10.0.22621.0\datasets\recordings\20260912_090902_977b2686\auto_00046146_20260912092545907.jpg,3840,2088,F:\CODE\JianChanChan\scripts\..\docs\qa_runs\a1b\bulk\img_0493.jpg
10,494,20260912_090902_977b2686_auto_00046247_20260912092547927,20260912_090902_977b2686,jpg,F:\CODE\JianChanChan\src\ChanSight.Cli\bin\Debug\net8.0-windows10.0.22621.0\datasets\recordings\20260912_090902_977b2686\auto_00046247_20260912092547927.jpg,3840,2088,F:\CODE\JianChanChan\scripts\..\docs\qa_runs\a1b\bulk\img_0494.jpg
10,495,20260912_090902_977b2686_auto_00046349_20260912092549977,20260912_090902_977b2686,jpg,F:\CODE\JianChanChan\src\ChanSight.Cli\bin\Debug\net8.0-windows10.0.22621.0\datasets\recordings\20260912_090902_977b2686\auto_00046349_20260912092549977.jpg,3840,2088,F:\CODE\JianChanChan\scripts\..\docs\qa_runs\a1b\bulk\img_0495.jpg
10,496,20260912_090902_977b2686_auto_00046453_20260912092552006,20260912_090902_977b2686,jpg,F:\CODE\JianChanChan\src\ChanSight.Cli\bin\Debug\net8.0-windows10.0.22621.0\datasets\recordings\20260912_090902_977b2686\auto_00046453_20260912092552006.jpg,3840,2088,F:\CODE\JianChanChan\scripts\..\docs\qa_runs\a1b\bulk\img_0496.jpg
10,497,20260912_090902_977b2686_auto_00046549_20260912092554032,20260912_090902_977b2686,jpg,F:\CODE\JianChanChan\src\ChanSight.Cli\bin\Debug\net8.0-windows10.0.22621.0\datasets\recordings\20260912_090902_977b2686\auto_00046549_20260912092554032.jpg,3840,2088,F:\CODE\JianChanChan\scripts\..\docs\qa_runs\a1b\bulk\img_0497.jpg
10,498,20260912_090902_977b2686_auto_00046651_20260912092556082,20260912_090902_977b2686,jpg,F:\CODE\JianChanChan\src\ChanSight.Cli\bin\Debug\net8.0-windows10.0.22621.0\datasets\recordings\20260912_090902_977b2686\auto_00046651_20260912092556082.jpg,3840,2088,F:\CODE\JianChanChan\scripts\..\docs\qa_runs\a1b\bulk\img_0498.jpg
10,499,20260912_090902_977b2686_auto_00046722_20260912092558101,20260912_090902_977b2686,jpg,F:\CODE\JianChanChan\src\ChanSight.Cli\bin\Debug\net8.0-windows10.0.22621.0\datasets\recordings\20260912_090902_977b2686\auto_00046722_20260912092558101.jpg,3840,2088,F:\CODE\JianChanChan\scripts\..\docs\qa_runs\a1b\bulk\img_0499.jpg
10,500,20260912_090902_977b2686_auto_00046816_20260912092600172,20260912_090902_977b2686,jpg,F:\CODE\JianChanChan\src\ChanSight.Cli\bin\Debug\net8.0-windows10.0.22621.0\datasets\recordings\20260912_090902_977b2686\auto_00046816_20260912092600172.jpg,3840,2088,F:\CODE\JianChanChan\scripts\..\docs\qa_runs\a1b\bulk\img_0500.jpg
10,501,20260912_090902_977b2686_auto_00046918_20260912092602248,20260912_090902_977b2686,jpg,F:\CODE\JianChanChan\src\ChanSight.Cli\bin\Debug\net8.0-windows10.0.22621.0\datasets\recordings\20260912_090902_977b2686\auto_00046918_20260912092602248.jpg,3840,2088,F:\CODE\JianChanChan\scripts\..\docs\qa_runs\a1b\bulk\img_0501.jpg
10,502,20260912_090902_977b2686_auto_00047015_20260912092604269,20260912_090902_977b2686,jpg,F:\CODE\JianChanChan\src\ChanSight.Cli\bin\Debug\net8.0-windows10.0.22621.0\datasets\recordings\20260912_090902_977b2686\auto_00047015_20260912092604269.jpg,3840,2088,F:\CODE\JianChanChan\scripts\..\docs\qa_runs\a1b\bulk\img_0502.jpg
10,503,20260912_090902_977b2686_auto_00047114_20260912092606306,20260912_090902_977b2686,jpg,F:\CODE\JianChanChan\src\ChanSight.Cli\bin\Debug\net8.0-windows10.0.22621.0\datasets\recordings\20260912_090902_977b2686\auto_00047114_20260912092606306.jpg,3840,2088,F:\CODE\JianChanChan\scripts\..\docs\qa_runs\a1b\bulk\img_0503.jpg
10,504,20260912_090902_977b2686_auto_00047192_20260912092608309,20260912_090902_977b2686,jpg,F:\CODE\JianChanChan\src\ChanSight.Cli\bin\Debug\net8.0-windows10.0.22621.0\datasets\recordings\20260912_090902_977b2686\auto_00047192_20260912092608309.jpg,3840,2088,F:\CODE\JianChanChan\scripts\..\docs\qa_runs\a1b\bulk\img_0504.jpg
10,505,20260912_090902_977b2686_auto_00047285_20260912092610346,20260912_090902_977b2686,jpg,F:\CODE\JianChanChan\src\ChanSight.Cli\bin\Debug\net8.0-windows10.0.22621.0\datasets\recordings\20260912_090902_977b2686\auto_00047285_20260912092610346.jpg,3840,2088,F:\CODE\JianChanChan\scripts\..\docs\qa_runs\a1b\bulk\img_0505.jpg
10,506,20260912_090902_977b2686_auto_00047379_20260912092612381,20260912_090902_977b2686,jpg,F:\CODE\JianChanChan\src\ChanSight.Cli\bin\Debug\net8.0-windows10.0.22621.0\datasets\recordings\20260912_090902_977b2686\auto_00047379_20260912092612381.jpg,3840,2088,F:\CODE\JianChanChan\scripts\..\docs\qa_runs\a1b\bulk\img_0506.jpg
10,507,20260912_090902_977b2686_auto_00047468_20260912092614387,20260912_090902_977b2686,jpg,F:\CODE\JianChanChan\src\ChanSight.Cli\bin\Debug\net8.0-windows10.0.22621.0\datasets\recordings\20260912_090902_977b2686\auto_00047468_20260912092614387.jpg,3840,2088,F:\CODE\JianChanChan\scripts\..\docs\qa_runs\a1b\bulk\img_0507.jpg
10,508,20260912_090902_977b2686_auto_00047564_20260912092616395,20260912_090902_977b2686,jpg,F:\CODE\JianChanChan\src\ChanSight.Cli\bin\Debug\net8.0-windows10.0.22621.0\datasets\recordings\20260912_090902_977b2686\auto_00047564_20260912092616395.jpg,3840,2088,F:\CODE\JianChanChan\scripts\..\docs\qa_runs\a1b\bulk\img_0508.jpg
10,509,20260912_090902_977b2686_auto_00047654_20260912092618408,20260912_090902_977b2686,jpg,F:\CODE\JianChanChan\src\ChanSight.Cli\bin\Debug\net8.0-windows10.0.22621.0\datasets\recordings\20260912_090902_977b2686\auto_00047654_20260912092618408.jpg,3840,2088,F:\CODE\JianChanChan\scripts\..\docs\qa_runs\a1b\bulk\img_0509.jpg
10,510,20260912_090902_977b2686_auto_00047743_20260912092620415,20260912_090902_977b2686,jpg,F:\CODE\JianChanChan\src\ChanSight.Cli\bin\Debug\net8.0-windows10.0.22621.0\datasets\recordings\20260912_090902_977b2686\auto_00047743_20260912092620415.jpg,3840,2088,F:\CODE\JianChanChan\scripts\..\docs\qa_runs\a1b\bulk\img_0510.jpg
11,511,20260912_090902_977b2686_auto_00047836_20260912092622422,20260912_090902_977b2686,jpg,F:\CODE\JianChanChan\src\ChanSight.Cli\bin\Debug\net8.0-windows10.0.22621.0\datasets\recordings\20260912_090902_977b2686\auto_00047836_20260912092622422.jpg,3840,2088,F:\CODE\JianChanChan\scripts\..\docs\qa_runs\a1b\bulk\img_0511.jpg
11,512,20260912_090902_977b2686_auto_00047921_20260912092624463,20260912_090902_977b2686,jpg,F:\CODE\JianChanChan\src\ChanSight.Cli\bin\Debug\net8.0-windows10.0.22621.0\datasets\recordings\20260912_090902_977b2686\auto_00047921_20260912092624463.jpg,3840,2088,F:\CODE\JianChanChan\scripts\..\docs\qa_runs\a1b\bulk\img_0512.jpg
11,513,20260912_090902_977b2686_auto_00048006_20260912092626471,20260912_090902_977b2686,jpg,F:\CODE\JianChanChan\src\ChanSight.Cli\bin\Debug\net8.0-windows10.0.22621.0\datasets\recordings\20260912_090902_977b2686\auto_00048006_20260912092626471.jpg,3840,2088,F:\CODE\JianChanChan\scripts\..\docs\qa_runs\a1b\bulk\img_0513.jpg
11,514,20260912_090902_977b2686_auto_00048103_20260912092628471,20260912_090902_977b2686,jpg,F:\CODE\JianChanChan\src\ChanSight.Cli\bin\Debug\net8.0-windows10.0.22621.0\datasets\recordings\20260912_090902_977b2686\auto_00048103_20260912092628471.jpg,3840,2088,F:\CODE\JianChanChan\scripts\..\docs\qa_runs\a1b\bulk\img_0514.jpg
11,515,20260912_090902_977b2686_auto_00048204_20260912092630499,20260912_090902_977b2686,jpg,F:\CODE\JianChanChan\src\ChanSight.Cli\bin\Debug\net8.0-windows10.0.22621.0\datasets\recordings\20260912_090902_977b2686\auto_00048204_20260912092630499.jpg,3840,2088,F:\CODE\JianChanChan\scripts\..\docs\qa_runs\a1b\bulk\img_0515.jpg
11,516,20260912_090902_977b2686_auto_00048306_20260912092632533,20260912_090902_977b2686,jpg,F:\CODE\JianChanChan\src\ChanSight.Cli\bin\Debug\net8.0-windows10.0.22621.0\datasets\recordings\20260912_090902_977b2686\auto_00048306_20260912092632533.jpg,3840,2088,F:\CODE\JianChanChan\scripts\..\docs\qa_runs\a1b\bulk\img_0516.jpg
11,517,20260912_090902_977b2686_auto_00048405_20260912092634562,20260912_090902_977b2686,jpg,F:\CODE\JianChanChan\src\ChanSight.Cli\bin\Debug\net8.0-windows10.0.22621.0\datasets\recordings\20260912_090902_977b2686\auto_00048405_20260912092634562.jpg,3840,2088,F:\CODE\JianChanChan\scripts\..\docs\qa_runs\a1b\bulk\img_0517.jpg
11,518,20260912_090902_977b2686_auto_00048503_20260912092636563,20260912_090902_977b2686,jpg,F:\CODE\JianChanChan\src\ChanSight.Cli\bin\Debug\net8.0-windows10.0.22621.0\datasets\recordings\20260912_090902_977b2686\auto_00048503_20260912092636563.jpg,3840,2088,F:\CODE\JianChanChan\scripts\..\docs\qa_runs\a1b\bulk\img_0518.jpg
11,519,20260912_090902_977b2686_auto_00048606_20260912092638641,20260912_090902_977b2686,jpg,F:\CODE\JianChanChan\src\ChanSight.Cli\bin\Debug\net8.0-windows10.0.22621.0\datasets\recordings\20260912_090902_977b2686\auto_00048606_20260912092638641.jpg,3840,2088,F:\CODE\JianChanChan\scripts\..\docs\qa_runs\a1b\bulk\img_0519.jpg
11,520,20260912_090902_977b2686_auto_00048706_20260912092640659,20260912_090902_977b2686,jpg,F:\CODE\JianChanChan\src\ChanSight.Cli\bin\Debug\net8.0-windows10.0.22621.0\datasets\recordings\20260912_090902_977b2686\auto_00048706_20260912092640659.jpg,3840,2088,F:\CODE\JianChanChan\scripts\..\docs\qa_runs\a1b\bulk\img_0520.jpg
11,521,20260912_090902_977b2686_auto_00048805_20260912092642695,20260912_090902_977b2686,jpg,F:\CODE\JianChanChan\src\ChanSight.Cli\bin\Debug\net8.0-windows10.0.22621.0\datasets\recordings\20260912_090902_977b2686\auto_00048805_20260912092642695.jpg,3840,2088,F:\CODE\JianChanChan\scripts\..\docs\qa_runs\a1b\bulk\img_0521.jpg
11,522,20260912_090902_977b2686_auto_00048906_20260912092644707,20260912_090902_977b2686,jpg,F:\CODE\JianChanChan\src\ChanSight.Cli\bin\Debug\net8.0-windows10.0.22621.0\datasets\recordings\20260912_090902_977b2686\auto_00048906_20260912092644707.jpg,3840,2088,F:\CODE\JianChanChan\scripts\..\docs\qa_runs\a1b\bulk\img_0522.jpg
11,523,20260912_090902_977b2686_auto_00049006_20260912092646765,20260912_090902_977b2686,jpg,F:\CODE\JianChanChan\src\ChanSight.Cli\bin\Debug\net8.0-windows10.0.22621.0\datasets\recordings\20260912_090902_977b2686\auto_00049006_20260912092646765.jpg,3840,2088,F:\CODE\JianChanChan\scripts\..\docs\qa_runs\a1b\bulk\img_0523.jpg
11,524,20260912_090902_977b2686_auto_00049072_20260912092648778,20260912_090902_977b2686,jpg,F:\CODE\JianChanChan\src\ChanSight.Cli\bin\Debug\net8.0-windows10.0.22621.0\datasets\recordings\20260912_090902_977b2686\auto_00049072_20260912092648778.jpg,3840,2088,F:\CODE\JianChanChan\scripts\..\docs\qa_runs\a1b\bulk\img_0524.jpg
11,525,20260912_090902_977b2686_auto_00049165_20260912092650806,20260912_090902_977b2686,jpg,F:\CODE\JianChanChan\src\ChanSight.Cli\bin\Debug\net8.0-windows10.0.22621.0\datasets\recordings\20260912_090902_977b2686\auto_00049165_20260912092650806.jpg,3840,2088,F:\CODE\JianChanChan\scripts\..\docs\qa_runs\a1b\bulk\img_0525.jpg
11,526,20260912_090902_977b2686_auto_00049261_20260912092652825,20260912_090902_977b2686,jpg,F:\CODE\JianChanChan\src\ChanSight.Cli\bin\Debug\net8.0-windows10.0.22621.0\datasets\recordings\20260912_090902_977b2686\auto_00049261_20260912092652825.jpg,3840,2088,F:\CODE\JianChanChan\scripts\..\docs\qa_runs\a1b\bulk\img_0526.jpg
11,527,20260912_090902_977b2686_auto_00049357_20260912092654849,20260912_090902_977b2686,jpg,F:\CODE\JianChanChan\src\ChanSight.Cli\bin\Debug\net8.0-windows10.0.22621.0\datasets\recordings\20260912_090902_977b2686\auto_00049357_20260912092654849.jpg,3840,2088,F:\CODE\JianChanChan\scripts\..\docs\qa_runs\a1b\bulk\img_0527.jpg
11,528,20260912_090902_977b2686_auto_00049457_20260912092656876,20260912_090902_977b2686,jpg,F:\CODE\JianChanChan\src\ChanSight.Cli\bin\Debug\net8.0-windows10.0.22621.0\datasets\recordings\20260912_090902_977b2686\auto_00049457_20260912092656876.jpg,3840,2088,F:\CODE\JianChanChan\scripts\..\docs\qa_runs\a1b\bulk\img_0528.jpg
11,529,20260912_090902_977b2686_auto_00049556_20260912092658904,20260912_090902_977b2686,jpg,F:\CODE\JianChanChan\src\ChanSight.Cli\bin\Debug\net8.0-windows10.0.22621.0\datasets\recordings\20260912_090902_977b2686\auto_00049556_20260912092658904.jpg,3840,2088,F:\CODE\JianChanChan\scripts\..\docs\qa_runs\a1b\bulk\img_0529.jpg
11,530,20260912_090902_977b2686_auto_00049657_20260912092700939,20260912_090902_977b2686,jpg,F:\CODE\JianChanChan\src\ChanSight.Cli\bin\Debug\net8.0-windows10.0.22621.0\datasets\recordings\20260912_090902_977b2686\auto_00049657_20260912092700939.jpg,3840,2088,F:\CODE\JianChanChan\scripts\..\docs\qa_runs\a1b\bulk\img_0530.jpg
11,531,20260912_090902_977b2686_auto_00049757_20260912092702945,20260912_090902_977b2686,jpg,F:\CODE\JianChanChan\src\ChanSight.Cli\bin\Debug\net8.0-windows10.0.22621.0\datasets\recordings\20260912_090902_977b2686\auto_00049757_20260912092702945.jpg,3840,2088,F:\CODE\JianChanChan\scripts\..\docs\qa_runs\a1b\bulk\img_0531.jpg
11,532,20260912_090902_977b2686_auto_00049856_20260912092704952,20260912_090902_977b2686,jpg,F:\CODE\JianChanChan\src\ChanSight.Cli\bin\Debug\net8.0-windows10.0.22621.0\datasets\recordings\20260912_090902_977b2686\auto_00049856_20260912092704952.jpg,3840,2088,F:\CODE\JianChanChan\scripts\..\docs\qa_runs\a1b\bulk\img_0532.jpg
11,533,20260912_090902_977b2686_auto_00049956_20260912092706980,20260912_090902_977b2686,jpg,F:\CODE\JianChanChan\src\ChanSight.Cli\bin\Debug\net8.0-windows10.0.22621.0\datasets\recordings\20260912_090902_977b2686\auto_00049956_20260912092706980.jpg,3840,2088,F:\CODE\JianChanChan\scripts\..\docs\qa_runs\a1b\bulk\img_0533.jpg
11,534,20260912_090902_977b2686_auto_00050049_20260912092708989,20260912_090902_977b2686,jpg,F:\CODE\JianChanChan\src\ChanSight.Cli\bin\Debug\net8.0-windows10.0.22621.0\datasets\recordings\20260912_090902_977b2686\auto_00050049_20260912092708989.jpg,3840,2088,F:\CODE\JianChanChan\scripts\..\docs\qa_runs\a1b\bulk\img_0534.jpg
11,535,20260912_090902_977b2686_auto_00050146_20260912092710994,20260912_090902_977b2686,jpg,F:\CODE\JianChanChan\src\ChanSight.Cli\bin\Debug\net8.0-windows10.0.22621.0\datasets\recordings\20260912_090902_977b2686\auto_00050146_20260912092710994.jpg,3840,2088,F:\CODE\JianChanChan\scripts\..\docs\qa_runs\a1b\bulk\img_0535.jpg
11,536,20260912_090902_977b2686_auto_00050244_20260912092713071,20260912_090902_977b2686,jpg,F:\CODE\JianChanChan\src\ChanSight.Cli\bin\Debug\net8.0-windows10.0.22621.0\datasets\recordings\20260912_090902_977b2686\auto_00050244_20260912092713071.jpg,3840,2088,F:\CODE\JianChanChan\scripts\..\docs\qa_runs\a1b\bulk\img_0536.jpg
11,537,20260912_090902_977b2686_auto_00050333_20260912092715112,20260912_090902_977b2686,jpg,F:\CODE\JianChanChan\src\ChanSight.Cli\bin\Debug\net8.0-windows10.0.22621.0\datasets\recordings\20260912_090902_977b2686\auto_00050333_20260912092715112.jpg,3840,2088,F:\CODE\JianChanChan\scripts\..\docs\qa_runs\a1b\bulk\img_0537.jpg
11,538,20260912_090902_977b2686_auto_00050429_20260912092717140,20260912_090902_977b2686,jpg,F:\CODE\JianChanChan\src\ChanSight.Cli\bin\Debug\net8.0-windows10.0.22621.0\datasets\recordings\20260912_090902_977b2686\auto_00050429_20260912092717140.jpg,3840,2088,F:\CODE\JianChanChan\scripts\..\docs\qa_runs\a1b\bulk\img_0538.jpg
11,539,20260912_090902_977b2686_auto_00050512_20260912092719147,20260912_090902_977b2686,jpg,F:\CODE\JianChanChan\src\ChanSight.Cli\bin\Debug\net8.0-windows10.0.22621.0\datasets\recordings\20260912_090902_977b2686\auto_00050512_20260912092719147.jpg,3840,2088,F:\CODE\JianChanChan\scripts\..\docs\qa_runs\a1b\bulk\img_0539.jpg
11,540,20260912_090902_977b2686_auto_00050606_20260912092721196,20260912_090902_977b2686,jpg,F:\CODE\JianChanChan\src\ChanSight.Cli\bin\Debug\net8.0-windows10.0.22621.0\datasets\recordings\20260912_090902_977b2686\auto_00050606_20260912092721196.jpg,3840,2088,F:\CODE\JianChanChan\scripts\..\docs\qa_runs\a1b\bulk\img_0540.jpg
11,541,20260912_090902_977b2686_auto_00050692_20260912092723231,20260912_090902_977b2686,jpg,F:\CODE\JianChanChan\src\ChanSight.Cli\bin\Debug\net8.0-windows10.0.22621.0\datasets\recordings\20260912_090902_977b2686\auto_00050692_20260912092723231.jpg,3840,2088,F:\CODE\JianChanChan\scripts\..\docs\qa_runs\a1b\bulk\img_0541.jpg
11,542,20260912_090902_977b2686_auto_00050785_20260912092725240,20260912_090902_977b2686,jpg,F:\CODE\JianChanChan\src\ChanSight.Cli\bin\Debug\net8.0-windows10.0.22621.0\datasets\recordings\20260912_090902_977b2686\auto_00050785_20260912092725240.jpg,3840,2088,F:\CODE\JianChanChan\scripts\..\docs\qa_runs\a1b\bulk\img_0542.jpg
11,543,20260912_090902_977b2686_auto_00050880_20260912092727272,20260912_090902_977b2686,jpg,F:\CODE\JianChanChan\src\ChanSight.Cli\bin\Debug\net8.0-windows10.0.22621.0\datasets\recordings\20260912_090902_977b2686\auto_00050880_20260912092727272.jpg,3840,2088,F:\CODE\JianChanChan\scripts\..\docs\qa_runs\a1b\bulk\img_0543.jpg
11,544,20260912_090902_977b2686_auto_00050974_20260912092729274,20260912_090902_977b2686,jpg,F:\CODE\JianChanChan\src\ChanSight.Cli\bin\Debug\net8.0-windows10.0.22621.0\datasets\recordings\20260912_090902_977b2686\auto_00050974_20260912092729274.jpg,3840,2088,F:\CODE\JianChanChan\scripts\..\docs\qa_runs\a1b\bulk\img_0544.jpg
11,545,20260912_090902_977b2686_auto_00051059_20260912092731342,20260912_090902_977b2686,jpg,F:\CODE\JianChanChan\src\ChanSight.Cli\bin\Debug\net8.0-windows10.0.22621.0\datasets\recordings\20260912_090902_977b2686\auto_00051059_20260912092731342.jpg,3840,2088,F:\CODE\JianChanChan\scripts\..\docs\qa_runs\a1b\bulk\img_0545.jpg
11,546,20260912_090902_977b2686_auto_00051153_20260912092733363,20260912_090902_977b2686,jpg,F:\CODE\JianChanChan\src\ChanSight.Cli\bin\Debug\net8.0-windows10.0.22621.0\datasets\recordings\20260912_090902_977b2686\auto_00051153_20260912092733363.jpg,3840,2088,F:\CODE\JianChanChan\scripts\..\docs\qa_runs\a1b\bulk\img_0546.jpg
11,547,20260912_090902_977b2686_auto_00051251_20260912092735398,20260912_090902_977b2686,jpg,F:\CODE\JianChanChan\src\ChanSight.Cli\bin\Debug\net8.0-windows10.0.22621.0\datasets\recordings\20260912_090902_977b2686\auto_00051251_20260912092735398.jpg,3840,2088,F:\CODE\JianChanChan\scripts\..\docs\qa_runs\a1b\bulk\img_0547.jpg
11,548,20260912_090902_977b2686_auto_00051348_20260912092737404,20260912_090902_977b2686,jpg,F:\CODE\JianChanChan\src\ChanSight.Cli\bin\Debug\net8.0-windows10.0.22621.0\datasets\recordings\20260912_090902_977b2686\auto_00051348_20260912092737404.jpg,3840,2088,F:\CODE\JianChanChan\scripts\..\docs\qa_runs\a1b\bulk\img_0548.jpg
11,549,20260912_090902_977b2686_auto_00051446_20260912092739433,20260912_090902_977b2686,jpg,F:\CODE\JianChanChan\src\ChanSight.Cli\bin\Debug\net8.0-windows10.0.22621.0\datasets\recordings\20260912_090902_977b2686\auto_00051446_20260912092739433.jpg,3840,2088,F:\CODE\JianChanChan\scripts\..\docs\qa_runs\a1b\bulk\img_0549.jpg
11,550,20260912_090902_977b2686_auto_00051538_20260912092741497,20260912_090902_977b2686,jpg,F:\CODE\JianChanChan\src\ChanSight.Cli\bin\Debug\net8.0-windows10.0.22621.0\datasets\recordings\20260912_090902_977b2686\auto_00051538_20260912092741497.jpg,3840,2088,F:\CODE\JianChanChan\scripts\..\docs\qa_runs\a1b\bulk\img_0550.jpg
11,551,20260912_090902_977b2686_auto_00051634_20260912092743504,20260912_090902_977b2686,jpg,F:\CODE\JianChanChan\src\ChanSight.Cli\bin\Debug\net8.0-windows10.0.22621.0\datasets\recordings\20260912_090902_977b2686\auto_00051634_20260912092743504.jpg,3840,2088,F:\CODE\JianChanChan\scripts\..\docs\qa_runs\a1b\bulk\img_0551.jpg
11,552,20260912_090902_977b2686_auto_00051733_20260912092745531,20260912_090902_977b2686,jpg,F:\CODE\JianChanChan\src\ChanSight.Cli\bin\Debug\net8.0-windows10.0.22621.0\datasets\recordings\20260912_090902_977b2686\auto_00051733_20260912092745531.jpg,3840,2088,F:\CODE\JianChanChan\scripts\..\docs\qa_runs\a1b\bulk\img_0552.jpg
11,553,20260912_090902_977b2686_auto_00051830_20260912092747544,20260912_090902_977b2686,jpg,F:\CODE\JianChanChan\src\ChanSight.Cli\bin\Debug\net8.0-windows10.0.22621.0\datasets\recordings\20260912_090902_977b2686\auto_00051830_20260912092747544.jpg,3840,2088,F:\CODE\JianChanChan\scripts\..\docs\qa_runs\a1b\bulk\img_0553.jpg
11,554,20260912_090902_977b2686_auto_00051922_20260912092749551,20260912_090902_977b2686,jpg,F:\CODE\JianChanChan\src\ChanSight.Cli\bin\Debug\net8.0-windows10.0.22621.0\datasets\recordings\20260912_090902_977b2686\auto_00051922_20260912092749551.jpg,3840,2088,F:\CODE\JianChanChan\scripts\..\docs\qa_runs\a1b\bulk\img_0554.jpg
11,555,20260912_090902_977b2686_auto_00052021_20260912092751586,20260912_090902_977b2686,jpg,F:\CODE\JianChanChan\src\ChanSight.Cli\bin\Debug\net8.0-windows10.0.22621.0\datasets\recordings\20260912_090902_977b2686\auto_00052021_20260912092751586.jpg,3840,2088,F:\CODE\JianChanChan\scripts\..\docs\qa_runs\a1b\bulk\img_0555.jpg
11,556,20260912_090902_977b2686_auto_00052117_20260912092753622,20260912_090902_977b2686,jpg,F:\CODE\JianChanChan\src\ChanSight.Cli\bin\Debug\net8.0-windows10.0.22621.0\datasets\recordings\20260912_090902_977b2686\auto_00052117_20260912092753622.jpg,3840,2088,F:\CODE\JianChanChan\scripts\..\docs\qa_runs\a1b\bulk\img_0556.jpg
11,557,20260912_090902_977b2686_auto_00052215_20260912092755657,20260912_090902_977b2686,jpg,F:\CODE\JianChanChan\src\ChanSight.Cli\bin\Debug\net8.0-windows10.0.22621.0\datasets\recordings\20260912_090902_977b2686\auto_00052215_20260912092755657.jpg,3840,2088,F:\CODE\JianChanChan\scripts\..\docs\qa_runs\a1b\bulk\img_0557.jpg
11,558,20260912_090902_977b2686_auto_00052312_20260912092757691,20260912_090902_977b2686,jpg,F:\CODE\JianChanChan\src\ChanSight.Cli\bin\Debug\net8.0-windows10.0.22621.0\datasets\recordings\20260912_090902_977b2686\auto_00052312_20260912092757691.jpg,3840,2088,F:\CODE\JianChanChan\scripts\..\docs\qa_runs\a1b\bulk\img_0558.jpg
11,559,20260912_090902_977b2686_auto_00052408_20260912092759705,20260912_090902_977b2686,jpg,F:\CODE\JianChanChan\src\ChanSight.Cli\bin\Debug\net8.0-windows10.0.22621.0\datasets\recordings\20260912_090902_977b2686\auto_00052408_20260912092759705.jpg,3840,2088,F:\CODE\JianChanChan\scripts\..\docs\qa_runs\a1b\bulk\img_0559.jpg
11,560,20260912_090902_977b2686_auto_00052508_20260912092801788,20260912_090902_977b2686,jpg,F:\CODE\JianChanChan\src\ChanSight.Cli\bin\Debug\net8.0-windows10.0.22621.0\datasets\recordings\20260912_090902_977b2686\auto_00052508_20260912092801788.jpg,3840,2088,F:\CODE\JianChanChan\scripts\..\docs\qa_runs\a1b\bulk\img_0560.jpg
11,561,20260912_090902_977b2686_auto_00052608_20260912092803839,20260912_090902_977b2686,jpg,F:\CODE\JianChanChan\src\ChanSight.Cli\bin\Debug\net8.0-windows10.0.22621.0\datasets\recordings\20260912_090902_977b2686\auto_00052608_20260912092803839.jpg,3840,2088,F:\CODE\JianChanChan\scripts\..\docs\qa_runs\a1b\bulk\img_0561.jpg
12,562,20260912_090902_977b2686_auto_00052702_20260912092805845,20260912_090902_977b2686,jpg,F:\CODE\JianChanChan\src\ChanSight.Cli\bin\Debug\net8.0-windows10.0.22621.0\datasets\recordings\20260912_090902_977b2686\auto_00052702_20260912092805845.jpg,3840,2088,F:\CODE\JianChanChan\scripts\..\docs\qa_runs\a1b\bulk\img_0562.jpg
12,563,20260912_090902_977b2686_auto_00052799_20260912092807860,20260912_090902_977b2686,jpg,F:\CODE\JianChanChan\src\ChanSight.Cli\bin\Debug\net8.0-windows10.0.22621.0\datasets\recordings\20260912_090902_977b2686\auto_00052799_20260912092807860.jpg,3840,2088,F:\CODE\JianChanChan\scripts\..\docs\qa_runs\a1b\bulk\img_0563.jpg
12,564,20260912_090902_977b2686_auto_00052897_20260912092809899,20260912_090902_977b2686,jpg,F:\CODE\JianChanChan\src\ChanSight.Cli\bin\Debug\net8.0-windows10.0.22621.0\datasets\recordings\20260912_090902_977b2686\auto_00052897_20260912092809899.jpg,3840,2088,F:\CODE\JianChanChan\scripts\..\docs\qa_runs\a1b\bulk\img_0564.jpg
12,565,20260912_090902_977b2686_auto_00052995_20260912092811942,20260912_090902_977b2686,jpg,F:\CODE\JianChanChan\src\ChanSight.Cli\bin\Debug\net8.0-windows10.0.22621.0\datasets\recordings\20260912_090902_977b2686\auto_00052995_20260912092811942.jpg,3840,2088,F:\CODE\JianChanChan\scripts\..\docs\qa_runs\a1b\bulk\img_0565.jpg
12,566,20260912_090902_977b2686_auto_00053089_20260912092813984,20260912_090902_977b2686,jpg,F:\CODE\JianChanChan\src\ChanSight.Cli\bin\Debug\net8.0-windows10.0.22621.0\datasets\recordings\20260912_090902_977b2686\auto_00053089_20260912092813984.jpg,3840,2088,F:\CODE\JianChanChan\scripts\..\docs\qa_runs\a1b\bulk\img_0566.jpg
12,567,20260912_090902_977b2686_auto_00053181_20260912092815992,20260912_090902_977b2686,jpg,F:\CODE\JianChanChan\src\ChanSight.Cli\bin\Debug\net8.0-windows10.0.22621.0\datasets\recordings\20260912_090902_977b2686\auto_00053181_20260912092815992.jpg,3840,2088,F:\CODE\JianChanChan\scripts\..\docs\qa_runs\a1b\bulk\img_0567.jpg
12,568,20260912_090902_977b2686_auto_00053266_20260912092818004,20260912_090902_977b2686,jpg,F:\CODE\JianChanChan\src\ChanSight.Cli\bin\Debug\net8.0-windows10.0.22621.0\datasets\recordings\20260912_090902_977b2686\auto_00053266_20260912092818004.jpg,3840,2088,F:\CODE\JianChanChan\scripts\..\docs\qa_runs\a1b\bulk\img_0568.jpg
12,569,20260912_090902_977b2686_auto_00053348_20260912092820005,20260912_090902_977b2686,jpg,F:\CODE\JianChanChan\src\ChanSight.Cli\bin\Debug\net8.0-windows10.0.22621.0\datasets\recordings\20260912_090902_977b2686\auto_00053348_20260912092820005.jpg,3840,2088,F:\CODE\JianChanChan\scripts\..\docs\qa_runs\a1b\bulk\img_0569.jpg
12,570,20260912_090902_977b2686_auto_00053428_20260912092822040,20260912_090902_977b2686,jpg,F:\CODE\JianChanChan\src\ChanSight.Cli\bin\Debug\net8.0-windows10.0.22621.0\datasets\recordings\20260912_090902_977b2686\auto_00053428_20260912092822040.jpg,3840,2088,F:\CODE\JianChanChan\scripts\..\docs\qa_runs\a1b\bulk\img_0570.jpg
12,571,20260912_090902_977b2686_auto_00053509_20260912092824053,20260912_090902_977b2686,jpg,F:\CODE\JianChanChan\src\ChanSight.Cli\bin\Debug\net8.0-windows10.0.22621.0\datasets\recordings\20260912_090902_977b2686\auto_00053509_20260912092824053.jpg,3840,2088,F:\CODE\JianChanChan\scripts\..\docs\qa_runs\a1b\bulk\img_0571.jpg
12,572,20260912_090902_977b2686_auto_00053593_20260912092826072,20260912_090902_977b2686,jpg,F:\CODE\JianChanChan\src\ChanSight.Cli\bin\Debug\net8.0-windows10.0.22621.0\datasets\recordings\20260912_090902_977b2686\auto_00053593_20260912092826072.jpg,3840,2088,F:\CODE\JianChanChan\scripts\..\docs\qa_runs\a1b\bulk\img_0572.jpg
12,573,20260912_090902_977b2686_auto_00053671_20260912092828101,20260912_090902_977b2686,jpg,F:\CODE\JianChanChan\src\ChanSight.Cli\bin\Debug\net8.0-windows10.0.22621.0\datasets\recordings\20260912_090902_977b2686\auto_00053671_20260912092828101.jpg,3840,2088,F:\CODE\JianChanChan\scripts\..\docs\qa_runs\a1b\bulk\img_0573.jpg
12,574,20260912_090902_977b2686_auto_00053753_20260912092830102,20260912_090902_977b2686,jpg,F:\CODE\JianChanChan\src\ChanSight.Cli\bin\Debug\net8.0-windows10.0.22621.0\datasets\recordings\20260912_090902_977b2686\auto_00053753_20260912092830102.jpg,3840,2088,F:\CODE\JianChanChan\scripts\..\docs\qa_runs\a1b\bulk\img_0574.jpg
12,575,20260912_090902_977b2686_auto_00053828_20260912092832189,20260912_090902_977b2686,jpg,F:\CODE\JianChanChan\src\ChanSight.Cli\bin\Debug\net8.0-windows10.0.22621.0\datasets\recordings\20260912_090902_977b2686\auto_00053828_20260912092832189.jpg,3840,2088,F:\CODE\JianChanChan\scripts\..\docs\qa_runs\a1b\bulk\img_0575.jpg
12,576,20260912_090902_977b2686_auto_00053895_20260912092834214,20260912_090902_977b2686,jpg,F:\CODE\JianChanChan\src\ChanSight.Cli\bin\Debug\net8.0-windows10.0.22621.0\datasets\recordings\20260912_090902_977b2686\auto_00053895_20260912092834214.jpg,3840,2088,F:\CODE\JianChanChan\scripts\..\docs\qa_runs\a1b\bulk\img_0576.jpg
12,577,20260912_090902_977b2686_auto_00053981_20260912092836242,20260912_090902_977b2686,jpg,F:\CODE\JianChanChan\src\ChanSight.Cli\bin\Debug\net8.0-windows10.0.22621.0\datasets\recordings\20260912_090902_977b2686\auto_00053981_20260912092836242.jpg,3840,2088,F:\CODE\JianChanChan\scripts\..\docs\qa_runs\a1b\bulk\img_0577.jpg
12,578,20260912_090902_977b2686_auto_00054080_20260912092838256,20260912_090902_977b2686,jpg,F:\CODE\JianChanChan\src\ChanSight.Cli\bin\Debug\net8.0-windows10.0.22621.0\datasets\recordings\20260912_090902_977b2686\auto_00054080_20260912092838256.jpg,3840,2088,F:\CODE\JianChanChan\scripts\..\docs\qa_runs\a1b\bulk\img_0578.jpg
12,579,20260912_090902_977b2686_auto_00054181_20260912092840296,20260912_090902_977b2686,jpg,F:\CODE\JianChanChan\src\ChanSight.Cli\bin\Debug\net8.0-windows10.0.22621.0\datasets\recordings\20260912_090902_977b2686\auto_00054181_20260912092840296.jpg,3840,2088,F:\CODE\JianChanChan\scripts\..\docs\qa_runs\a1b\bulk\img_0579.jpg
12,580,20260912_090902_977b2686_auto_00054250_20260912092842331,20260912_090902_977b2686,jpg,F:\CODE\JianChanChan\src\ChanSight.Cli\bin\Debug\net8.0-windows10.0.22621.0\datasets\recordings\20260912_090902_977b2686\auto_00054250_20260912092842331.jpg,3840,2088,F:\CODE\JianChanChan\scripts\..\docs\qa_runs\a1b\bulk\img_0580.jpg
12,581,20260912_090902_977b2686_auto_00054347_20260912092844352,20260912_090902_977b2686,jpg,F:\CODE\JianChanChan\src\ChanSight.Cli\bin\Debug\net8.0-windows10.0.22621.0\datasets\recordings\20260912_090902_977b2686\auto_00054347_20260912092844352.jpg,3840,2088,F:\CODE\JianChanChan\scripts\..\docs\qa_runs\a1b\bulk\img_0581.jpg
12,582,20260912_090902_977b2686_auto_00054441_20260912092846353,20260912_090902_977b2686,jpg,F:\CODE\JianChanChan\src\ChanSight.Cli\bin\Debug\net8.0-windows10.0.22621.0\datasets\recordings\20260912_090902_977b2686\auto_00054441_20260912092846353.jpg,3840,2088,F:\CODE\JianChanChan\scripts\..\docs\qa_runs\a1b\bulk\img_0582.jpg
12,583,20260912_090902_977b2686_auto_00054537_20260912092848361,20260912_090902_977b2686,jpg,F:\CODE\JianChanChan\src\ChanSight.Cli\bin\Debug\net8.0-windows10.0.22621.0\datasets\recordings\20260912_090902_977b2686\auto_00054537_20260912092848361.jpg,3840,2088,F:\CODE\JianChanChan\scripts\..\docs\qa_runs\a1b\bulk\img_0583.jpg
12,584,20260912_090902_977b2686_auto_00054632_20260912092850391,20260912_090902_977b2686,jpg,F:\CODE\JianChanChan\src\ChanSight.Cli\bin\Debug\net8.0-windows10.0.22621.0\datasets\recordings\20260912_090902_977b2686\auto_00054632_20260912092850391.jpg,3840,2088,F:\CODE\JianChanChan\scripts\..\docs\qa_runs\a1b\bulk\img_0584.jpg
12,585,20260912_090902_977b2686_auto_00054720_20260912092852395,20260912_090902_977b2686,jpg,F:\CODE\JianChanChan\src\ChanSight.Cli\bin\Debug\net8.0-windows10.0.22621.0\datasets\recordings\20260912_090902_977b2686\auto_00054720_20260912092852395.jpg,3840,2088,F:\CODE\JianChanChan\scripts\..\docs\qa_runs\a1b\bulk\img_0585.jpg
12,586,20260912_090902_977b2686_auto_00054815_20260912092854430,20260912_090902_977b2686,jpg,F:\CODE\JianChanChan\src\ChanSight.Cli\bin\Debug\net8.0-windows10.0.22621.0\datasets\recordings\20260912_090902_977b2686\auto_00054815_20260912092854430.jpg,3840,2088,F:\CODE\JianChanChan\scripts\..\docs\qa_runs\a1b\bulk\img_0586.jpg
12,587,20260912_090902_977b2686_auto_00054914_20260912092856438,20260912_090902_977b2686,jpg,F:\CODE\JianChanChan\src\ChanSight.Cli\bin\Debug\net8.0-windows10.0.22621.0\datasets\recordings\20260912_090902_977b2686\auto_00054914_20260912092856438.jpg,3840,2088,F:\CODE\JianChanChan\scripts\..\docs\qa_runs\a1b\bulk\img_0587.jpg
12,588,20260912_090902_977b2686_auto_00055012_20260912092858472,20260912_090902_977b2686,jpg,F:\CODE\JianChanChan\src\ChanSight.Cli\bin\Debug\net8.0-windows10.0.22621.0\datasets\recordings\20260912_090902_977b2686\auto_00055012_20260912092858472.jpg,3840,2088,F:\CODE\JianChanChan\scripts\..\docs\qa_runs\a1b\bulk\img_0588.jpg
12,589,20260912_090902_977b2686_auto_00055113_20260912092900515,20260912_090902_977b2686,jpg,F:\CODE\JianChanChan\src\ChanSight.Cli\bin\Debug\net8.0-windows10.0.22621.0\datasets\recordings\20260912_090902_977b2686\auto_00055113_20260912092900515.jpg,3840,2088,F:\CODE\JianChanChan\scripts\..\docs\qa_runs\a1b\bulk\img_0589.jpg
12,590,20260912_090902_977b2686_auto_00055213_20260912092902584,20260912_090902_977b2686,jpg,F:\CODE\JianChanChan\src\ChanSight.Cli\bin\Debug\net8.0-windows10.0.22621.0\datasets\recordings\20260912_090902_977b2686\auto_00055213_20260912092902584.jpg,3840,2088,F:\CODE\JianChanChan\scripts\..\docs\qa_runs\a1b\bulk\img_0590.jpg
12,591,20260912_090902_977b2686_auto_00055309_20260912092904652,20260912_090902_977b2686,jpg,F:\CODE\JianChanChan\src\ChanSight.Cli\bin\Debug\net8.0-windows10.0.22621.0\datasets\recordings\20260912_090902_977b2686\auto_00055309_20260912092904652.jpg,3840,2088,F:\CODE\JianChanChan\scripts\..\docs\qa_runs\a1b\bulk\img_0591.jpg
12,592,20260912_090902_977b2686_auto_00055407_20260912092906729,20260912_090902_977b2686,jpg,F:\CODE\JianChanChan\src\ChanSight.Cli\bin\Debug\net8.0-windows10.0.22621.0\datasets\recordings\20260912_090902_977b2686\auto_00055407_20260912092906729.jpg,3840,2088,F:\CODE\JianChanChan\scripts\..\docs\qa_runs\a1b\bulk\img_0592.jpg
12,593,20260912_090902_977b2686_auto_00055504_20260912092908770,20260912_090902_977b2686,jpg,F:\CODE\JianChanChan\src\ChanSight.Cli\bin\Debug\net8.0-windows10.0.22621.0\datasets\recordings\20260912_090902_977b2686\auto_00055504_20260912092908770.jpg,3840,2088,F:\CODE\JianChanChan\scripts\..\docs\qa_runs\a1b\bulk\img_0593.jpg
12,594,20260912_090902_977b2686_auto_00055598_20260912092910771,20260912_090902_977b2686,jpg,F:\CODE\JianChanChan\src\ChanSight.Cli\bin\Debug\net8.0-windows10.0.22621.0\datasets\recordings\20260912_090902_977b2686\auto_00055598_20260912092910771.jpg,3840,2088,F:\CODE\JianChanChan\scripts\..\docs\qa_runs\a1b\bulk\img_0594.jpg
12,595,20260912_090902_977b2686_auto_00055698_20260912092912807,20260912_090902_977b2686,jpg,F:\CODE\JianChanChan\src\ChanSight.Cli\bin\Debug\net8.0-windows10.0.22621.0\datasets\recordings\20260912_090902_977b2686\auto_00055698_20260912092912807.jpg,3840,2088,F:\CODE\JianChanChan\scripts\..\docs\qa_runs\a1b\bulk\img_0595.jpg
12,596,20260912_090902_977b2686_auto_00055794_20260912092914834,20260912_090902_977b2686,jpg,F:\CODE\JianChanChan\src\ChanSight.Cli\bin\Debug\net8.0-windows10.0.22621.0\datasets\recordings\20260912_090902_977b2686\auto_00055794_20260912092914834.jpg,3840,2088,F:\CODE\JianChanChan\scripts\..\docs\qa_runs\a1b\bulk\img_0596.jpg
12,597,20260912_090902_977b2686_auto_00055891_20260912092916862,20260912_090902_977b2686,jpg,F:\CODE\JianChanChan\src\ChanSight.Cli\bin\Debug\net8.0-windows10.0.22621.0\datasets\recordings\20260912_090902_977b2686\auto_00055891_20260912092916862.jpg,3840,2088,F:\CODE\JianChanChan\scripts\..\docs\qa_runs\a1b\bulk\img_0597.jpg
12,598,20260912_090902_977b2686_auto_00055992_20260912092918891,20260912_090902_977b2686,jpg,F:\CODE\JianChanChan\src\ChanSight.Cli\bin\Debug\net8.0-windows10.0.22621.0\datasets\recordings\20260912_090902_977b2686\auto_00055992_20260912092918891.jpg,3840,2088,F:\CODE\JianChanChan\scripts\..\docs\qa_runs\a1b\bulk\img_0598.jpg
12,599,20260912_090902_977b2686_auto_00056093_20260912092920913,20260912_090902_977b2686,jpg,F:\CODE\JianChanChan\src\ChanSight.Cli\bin\Debug\net8.0-windows10.0.22621.0\datasets\recordings\20260912_090902_977b2686\auto_00056093_20260912092920913.jpg,3840,2088,F:\CODE\JianChanChan\scripts\..\docs\qa_runs\a1b\bulk\img_0599.jpg
12,600,20260912_090902_977b2686_auto_00056194_20260912092922951,20260912_090902_977b2686,jpg,F:\CODE\JianChanChan\src\ChanSight.Cli\bin\Debug\net8.0-windows10.0.22621.0\datasets\recordings\20260912_090902_977b2686\auto_00056194_20260912092922951.jpg,3840,2088,F:\CODE\JianChanChan\scripts\..\docs\qa_runs\a1b\bulk\img_0600.jpg
12,601,20260912_090902_977b2686_auto_00056292_20260912092924982,20260912_090902_977b2686,jpg,F:\CODE\JianChanChan\src\ChanSight.Cli\bin\Debug\net8.0-windows10.0.22621.0\datasets\recordings\20260912_090902_977b2686\auto_00056292_20260912092924982.jpg,3840,2088,F:\CODE\JianChanChan\scripts\..\docs\qa_runs\a1b\bulk\img_0601.jpg
12,602,20260912_090902_977b2686_auto_00056382_20260912092926993,20260912_090902_977b2686,jpg,F:\CODE\JianChanChan\src\ChanSight.Cli\bin\Debug\net8.0-windows10.0.22621.0\datasets\recordings\20260912_090902_977b2686\auto_00056382_20260912092926993.jpg,3840,2088,F:\CODE\JianChanChan\scripts\..\docs\qa_runs\a1b\bulk\img_0602.jpg
12,603,20260912_090902_977b2686_auto_00056481_20260912092928997,20260912_090902_977b2686,jpg,F:\CODE\JianChanChan\src\ChanSight.Cli\bin\Debug\net8.0-windows10.0.22621.0\datasets\recordings\20260912_090902_977b2686\auto_00056481_20260912092928997.jpg,3840,2088,F:\CODE\JianChanChan\scripts\..\docs\qa_runs\a1b\bulk\img_0603.jpg
12,604,20260912_090902_977b2686_auto_00056575_20260912092931014,20260912_090902_977b2686,jpg,F:\CODE\JianChanChan\src\ChanSight.Cli\bin\Debug\net8.0-windows10.0.22621.0\datasets\recordings\20260912_090902_977b2686\auto_00056575_20260912092931014.jpg,3840,2088,F:\CODE\JianChanChan\scripts\..\docs\qa_runs\a1b\bulk\img_0604.jpg
12,605,20260912_090902_977b2686_auto_00056658_20260912092933029,20260912_090902_977b2686,jpg,F:\CODE\JianChanChan\src\ChanSight.Cli\bin\Debug\net8.0-windows10.0.22621.0\datasets\recordings\20260912_090902_977b2686\auto_00056658_20260912092933029.jpg,3840,2088,F:\CODE\JianChanChan\scripts\..\docs\qa_runs\a1b\bulk\img_0605.jpg
12,606,20260912_090902_977b2686_auto_00056753_20260912092935030,20260912_090902_977b2686,jpg,F:\CODE\JianChanChan\src\ChanSight.Cli\bin\Debug\net8.0-windows10.0.22621.0\datasets\recordings\20260912_090902_977b2686\auto_00056753_20260912092935030.jpg,3840,2088,F:\CODE\JianChanChan\scripts\..\docs\qa_runs\a1b\bulk\img_0606.jpg
12,607,20260912_090902_977b2686_auto_00056842_20260912092937042,20260912_090902_977b2686,jpg,F:\CODE\JianChanChan\src\ChanSight.Cli\bin\Debug\net8.0-windows10.0.22621.0\datasets\recordings\20260912_090902_977b2686\auto_00056842_20260912092937042.jpg,3840,2088,F:\CODE\JianChanChan\scripts\..\docs\qa_runs\a1b\bulk\img_0607.jpg
12,608,20260912_090902_977b2686_auto_00056931_20260912092939084,20260912_090902_977b2686,jpg,F:\CODE\JianChanChan\src\ChanSight.Cli\bin\Debug\net8.0-windows10.0.22621.0\datasets\recordings\20260912_090902_977b2686\auto_00056931_20260912092939084.jpg,3840,2088,F:\CODE\JianChanChan\scripts\..\docs\qa_runs\a1b\bulk\img_0608.jpg
12,609,20260912_090902_977b2686_auto_00057015_20260912092941087,20260912_090902_977b2686,jpg,F:\CODE\JianChanChan\src\ChanSight.Cli\bin\Debug\net8.0-windows10.0.22621.0\datasets\recordings\20260912_090902_977b2686\auto_00057015_20260912092941087.jpg,3840,2088,F:\CODE\JianChanChan\scripts\..\docs\qa_runs\a1b\bulk\img_0609.jpg
12,610,20260912_090902_977b2686_auto_00057101_20260912092943139,20260912_090902_977b2686,jpg,F:\CODE\JianChanChan\src\ChanSight.Cli\bin\Debug\net8.0-windows10.0.22621.0\datasets\recordings\20260912_090902_977b2686\auto_00057101_20260912092943139.jpg,3840,2088,F:\CODE\JianChanChan\scripts\..\docs\qa_runs\a1b\bulk\img_0610.jpg
12,611,20260912_090902_977b2686_auto_00057182_20260912092945141,20260912_090902_977b2686,jpg,F:\CODE\JianChanChan\src\ChanSight.Cli\bin\Debug\net8.0-windows10.0.22621.0\datasets\recordings\20260912_090902_977b2686\auto_00057182_20260912092945141.jpg,3840,2088,F:\CODE\JianChanChan\scripts\..\docs\qa_runs\a1b\bulk\img_0611.jpg
12,612,20260912_090902_977b2686_auto_00057259_20260912092947166,20260912_090902_977b2686,jpg,F:\CODE\JianChanChan\src\ChanSight.Cli\bin\Debug\net8.0-windows10.0.22621.0\datasets\recordings\20260912_090902_977b2686\auto_00057259_20260912092947166.jpg,3840,2088,F:\CODE\JianChanChan\scripts\..\docs\qa_runs\a1b\bulk\img_0612.jpg
13,613,20260912_090902_977b2686_auto_00057328_20260912092949189,20260912_090902_977b2686,jpg,F:\CODE\JianChanChan\src\ChanSight.Cli\bin\Debug\net8.0-windows10.0.22621.0\datasets\recordings\20260912_090902_977b2686\auto_00057328_20260912092949189.jpg,3840,2088,F:\CODE\JianChanChan\scripts\..\docs\qa_runs\a1b\bulk\img_0613.jpg
13,614,20260912_090902_977b2686_auto_00057407_20260912092951216,20260912_090902_977b2686,jpg,F:\CODE\JianChanChan\src\ChanSight.Cli\bin\Debug\net8.0-windows10.0.22621.0\datasets\recordings\20260912_090902_977b2686\auto_00057407_20260912092951216.jpg,3840,2088,F:\CODE\JianChanChan\scripts\..\docs\qa_runs\a1b\bulk\img_0614.jpg
13,615,20260912_090902_977b2686_auto_00057483_20260912092953293,20260912_090902_977b2686,jpg,F:\CODE\JianChanChan\src\ChanSight.Cli\bin\Debug\net8.0-windows10.0.22621.0\datasets\recordings\20260912_090902_977b2686\auto_00057483_20260912092953293.jpg,3840,2088,F:\CODE\JianChanChan\scripts\..\docs\qa_runs\a1b\bulk\img_0615.jpg
13,616,20260912_090902_977b2686_auto_00057561_20260912092955322,20260912_090902_977b2686,jpg,F:\CODE\JianChanChan\src\ChanSight.Cli\bin\Debug\net8.0-windows10.0.22621.0\datasets\recordings\20260912_090902_977b2686\auto_00057561_20260912092955322.jpg,3840,2088,F:\CODE\JianChanChan\scripts\..\docs\qa_runs\a1b\bulk\img_0616.jpg
13,617,20260912_090902_977b2686_auto_00057635_20260912092957370,20260912_090902_977b2686,jpg,F:\CODE\JianChanChan\src\ChanSight.Cli\bin\Debug\net8.0-windows10.0.22621.0\datasets\recordings\20260912_090902_977b2686\auto_00057635_20260912092957370.jpg,3840,2088,F:\CODE\JianChanChan\scripts\..\docs\qa_runs\a1b\bulk\img_0617.jpg
13,618,20260912_090902_977b2686_auto_00057713_20260912092959371,20260912_090902_977b2686,jpg,F:\CODE\JianChanChan\src\ChanSight.Cli\bin\Debug\net8.0-windows10.0.22621.0\datasets\recordings\20260912_090902_977b2686\auto_00057713_20260912092959371.jpg,3840,2088,F:\CODE\JianChanChan\scripts\..\docs\qa_runs\a1b\bulk\img_0618.jpg
13,619,20260912_090902_977b2686_auto_00057794_20260912093001392,20260912_090902_977b2686,jpg,F:\CODE\JianChanChan\src\ChanSight.Cli\bin\Debug\net8.0-windows10.0.22621.0\datasets\recordings\20260912_090902_977b2686\auto_00057794_20260912093001392.jpg,3840,2088,F:\CODE\JianChanChan\scripts\..\docs\qa_runs\a1b\bulk\img_0619.jpg
13,620,20260912_090902_977b2686_auto_00057872_20260912093003427,20260912_090902_977b2686,jpg,F:\CODE\JianChanChan\src\ChanSight.Cli\bin\Debug\net8.0-windows10.0.22621.0\datasets\recordings\20260912_090902_977b2686\auto_00057872_20260912093003427.jpg,3840,2088,F:\CODE\JianChanChan\scripts\..\docs\qa_runs\a1b\bulk\img_0620.jpg
13,621,20260912_090902_977b2686_auto_00057958_20260912093005448,20260912_090902_977b2686,jpg,F:\CODE\JianChanChan\src\ChanSight.Cli\bin\Debug\net8.0-windows10.0.22621.0\datasets\recordings\20260912_090902_977b2686\auto_00057958_20260912093005448.jpg,3840,2088,F:\CODE\JianChanChan\scripts\..\docs\qa_runs\a1b\bulk\img_0621.jpg
13,622,20260912_090902_977b2686_auto_00058031_20260912093007454,20260912_090902_977b2686,jpg,F:\CODE\JianChanChan\src\ChanSight.Cli\bin\Debug\net8.0-windows10.0.22621.0\datasets\recordings\20260912_090902_977b2686\auto_00058031_20260912093007454.jpg,3840,2088,F:\CODE\JianChanChan\scripts\..\docs\qa_runs\a1b\bulk\img_0622.jpg
13,623,20260912_090902_977b2686_auto_00058121_20260912093009496,20260912_090902_977b2686,jpg,F:\CODE\JianChanChan\src\ChanSight.Cli\bin\Debug\net8.0-windows10.0.22621.0\datasets\recordings\20260912_090902_977b2686\auto_00058121_20260912093009496.jpg,3840,2088,F:\CODE\JianChanChan\scripts\..\docs\qa_runs\a1b\bulk\img_0623.jpg
13,624,20260912_090902_977b2686_auto_00058212_20260912093011524,20260912_090902_977b2686,jpg,F:\CODE\JianChanChan\src\ChanSight.Cli\bin\Debug\net8.0-windows10.0.22621.0\datasets\recordings\20260912_090902_977b2686\auto_00058212_20260912093011524.jpg,3840,2088,F:\CODE\JianChanChan\scripts\..\docs\qa_runs\a1b\bulk\img_0624.jpg
13,625,20260912_090902_977b2686_auto_00058308_20260912093013628,20260912_090902_977b2686,jpg,F:\CODE\JianChanChan\src\ChanSight.Cli\bin\Debug\net8.0-windows10.0.22621.0\datasets\recordings\20260912_090902_977b2686\auto_00058308_20260912093013628.jpg,3840,2088,F:\CODE\JianChanChan\scripts\..\docs\qa_runs\a1b\bulk\img_0625.jpg
13,626,20260912_090902_977b2686_auto_00058404_20260912093015670,20260912_090902_977b2686,jpg,F:\CODE\JianChanChan\src\ChanSight.Cli\bin\Debug\net8.0-windows10.0.22621.0\datasets\recordings\20260912_090902_977b2686\auto_00058404_20260912093015670.jpg,3840,2088,F:\CODE\JianChanChan\scripts\..\docs\qa_runs\a1b\bulk\img_0626.jpg
13,627,20260912_090902_977b2686_auto_00058483_20260912093017676,20260912_090902_977b2686,jpg,F:\CODE\JianChanChan\src\ChanSight.Cli\bin\Debug\net8.0-windows10.0.22621.0\datasets\recordings\20260912_090902_977b2686\auto_00058483_20260912093017676.jpg,3840,2088,F:\CODE\JianChanChan\scripts\..\docs\qa_runs\a1b\bulk\img_0627.jpg
13,628,20260912_090902_977b2686_auto_00058577_20260912093019683,20260912_090902_977b2686,jpg,F:\CODE\JianChanChan\src\ChanSight.Cli\bin\Debug\net8.0-windows10.0.22621.0\datasets\recordings\20260912_090902_977b2686\auto_00058577_20260912093019683.jpg,3840,2088,F:\CODE\JianChanChan\scripts\..\docs\qa_runs\a1b\bulk\img_0628.jpg
13,629,20260912_090902_977b2686_auto_00058673_20260912093021720,20260912_090902_977b2686,jpg,F:\CODE\JianChanChan\src\ChanSight.Cli\bin\Debug\net8.0-windows10.0.22621.0\datasets\recordings\20260912_090902_977b2686\auto_00058673_20260912093021720.jpg,3840,2088,F:\CODE\JianChanChan\scripts\..\docs\qa_runs\a1b\bulk\img_0629.jpg
13,630,20260912_090902_977b2686_auto_00058766_20260912093023754,20260912_090902_977b2686,jpg,F:\CODE\JianChanChan\src\ChanSight.Cli\bin\Debug\net8.0-windows10.0.22621.0\datasets\recordings\20260912_090902_977b2686\auto_00058766_20260912093023754.jpg,3840,2088,F:\CODE\JianChanChan\scripts\..\docs\qa_runs\a1b\bulk\img_0630.jpg
13,631,20260912_090902_977b2686_auto_00058866_20260912093025789,20260912_090902_977b2686,jpg,F:\CODE\JianChanChan\src\ChanSight.Cli\bin\Debug\net8.0-windows10.0.22621.0\datasets\recordings\20260912_090902_977b2686\auto_00058866_20260912093025789.jpg,3840,2088,F:\CODE\JianChanChan\scripts\..\docs\qa_runs\a1b\bulk\img_0631.jpg
13,632,20260912_090902_977b2686_auto_00058962_20260912093027796,20260912_090902_977b2686,jpg,F:\CODE\JianChanChan\src\ChanSight.Cli\bin\Debug\net8.0-windows10.0.22621.0\datasets\recordings\20260912_090902_977b2686\auto_00058962_20260912093027796.jpg,3840,2088,F:\CODE\JianChanChan\scripts\..\docs\qa_runs\a1b\bulk\img_0632.jpg
13,633,20260912_090902_977b2686_auto_00059059_20260912093029803,20260912_090902_977b2686,jpg,F:\CODE\JianChanChan\src\ChanSight.Cli\bin\Debug\net8.0-windows10.0.22621.0\datasets\recordings\20260912_090902_977b2686\auto_00059059_20260912093029803.jpg,3840,2088,F:\CODE\JianChanChan\scripts\..\docs\qa_runs\a1b\bulk\img_0633.jpg
13,634,20260912_090902_977b2686_auto_00059155_20260912093031824,20260912_090902_977b2686,jpg,F:\CODE\JianChanChan\src\ChanSight.Cli\bin\Debug\net8.0-windows10.0.22621.0\datasets\recordings\20260912_090902_977b2686\auto_00059155_20260912093031824.jpg,3840,2088,F:\CODE\JianChanChan\scripts\..\docs\qa_runs\a1b\bulk\img_0634.jpg
13,635,20260912_090902_977b2686_auto_00059253_20260912093033838,20260912_090902_977b2686,jpg,F:\CODE\JianChanChan\src\ChanSight.Cli\bin\Debug\net8.0-windows10.0.22621.0\datasets\recordings\20260912_090902_977b2686\auto_00059253_20260912093033838.jpg,3840,2088,F:\CODE\JianChanChan\scripts\..\docs\qa_runs\a1b\bulk\img_0635.jpg
13,636,20260912_090902_977b2686_auto_00059352_20260912093035860,20260912_090902_977b2686,jpg,F:\CODE\JianChanChan\src\ChanSight.Cli\bin\Debug\net8.0-windows10.0.22621.0\datasets\recordings\20260912_090902_977b2686\auto_00059352_20260912093035860.jpg,3840,2088,F:\CODE\JianChanChan\scripts\..\docs\qa_runs\a1b\bulk\img_0636.jpg
13,637,20260912_090902_977b2686_auto_00059450_20260912093037900,20260912_090902_977b2686,jpg,F:\CODE\JianChanChan\src\ChanSight.Cli\bin\Debug\net8.0-windows10.0.22621.0\datasets\recordings\20260912_090902_977b2686\auto_00059450_20260912093037900.jpg,3840,2088,F:\CODE\JianChanChan\scripts\..\docs\qa_runs\a1b\bulk\img_0637.jpg
13,638,20260912_090902_977b2686_auto_00059548_20260912093039913,20260912_090902_977b2686,jpg,F:\CODE\JianChanChan\src\ChanSight.Cli\bin\Debug\net8.0-windows10.0.22621.0\datasets\recordings\20260912_090902_977b2686\auto_00059548_20260912093039913.jpg,3840,2088,F:\CODE\JianChanChan\scripts\..\docs\qa_runs\a1b\bulk\img_0638.jpg
13,639,20260912_090902_977b2686_auto_00059644_20260912093041921,20260912_090902_977b2686,jpg,F:\CODE\JianChanChan\src\ChanSight.Cli\bin\Debug\net8.0-windows10.0.22621.0\datasets\recordings\20260912_090902_977b2686\auto_00059644_20260912093041921.jpg,3840,2088,F:\CODE\JianChanChan\scripts\..\docs\qa_runs\a1b\bulk\img_0639.jpg
13,640,20260912_090902_977b2686_auto_00059745_20260912093043950,20260912_090902_977b2686,jpg,F:\CODE\JianChanChan\src\ChanSight.Cli\bin\Debug\net8.0-windows10.0.22621.0\datasets\recordings\20260912_090902_977b2686\auto_00059745_20260912093043950.jpg,3840,2088,F:\CODE\JianChanChan\scripts\..\docs\qa_runs\a1b\bulk\img_0640.jpg
13,641,20260912_090902_977b2686_auto_00059849_20260912093045988,20260912_090902_977b2686,jpg,F:\CODE\JianChanChan\src\ChanSight.Cli\bin\Debug\net8.0-windows10.0.22621.0\datasets\recordings\20260912_090902_977b2686\auto_00059849_20260912093045988.jpg,3840,2088,F:\CODE\JianChanChan\scripts\..\docs\qa_runs\a1b\bulk\img_0641.jpg
13,642,20260912_090902_977b2686_auto_00059927_20260912093047998,20260912_090902_977b2686,jpg,F:\CODE\JianChanChan\src\ChanSight.Cli\bin\Debug\net8.0-windows10.0.22621.0\datasets\recordings\20260912_090902_977b2686\auto_00059927_20260912093047998.jpg,3840,2088,F:\CODE\JianChanChan\scripts\..\docs\qa_runs\a1b\bulk\img_0642.jpg
13,643,20260912_090902_977b2686_auto_00060029_20260912093050039,20260912_090902_977b2686,jpg,F:\CODE\JianChanChan\src\ChanSight.Cli\bin\Debug\net8.0-windows10.0.22621.0\datasets\recordings\20260912_090902_977b2686\auto_00060029_20260912093050039.jpg,3840,2088,F:\CODE\JianChanChan\scripts\..\docs\qa_runs\a1b\bulk\img_0643.jpg
13,644,20260912_090902_977b2686_auto_00060123_20260912093052042,20260912_090902_977b2686,jpg,F:\CODE\JianChanChan\src\ChanSight.Cli\bin\Debug\net8.0-windows10.0.22621.0\datasets\recordings\20260912_090902_977b2686\auto_00060123_20260912093052042.jpg,3840,2088,F:\CODE\JianChanChan\scripts\..\docs\qa_runs\a1b\bulk\img_0644.jpg
13,645,20260912_090902_977b2686_auto_00060218_20260912093054067,20260912_090902_977b2686,jpg,F:\CODE\JianChanChan\src\ChanSight.Cli\bin\Debug\net8.0-windows10.0.22621.0\datasets\recordings\20260912_090902_977b2686\auto_00060218_20260912093054067.jpg,3840,2088,F:\CODE\JianChanChan\scripts\..\docs\qa_runs\a1b\bulk\img_0645.jpg
13,646,20260912_090902_977b2686_auto_00060309_20260912093056150,20260912_090902_977b2686,jpg,F:\CODE\JianChanChan\src\ChanSight.Cli\bin\Debug\net8.0-windows10.0.22621.0\datasets\recordings\20260912_090902_977b2686\auto_00060309_20260912093056150.jpg,3840,2088,F:\CODE\JianChanChan\scripts\..\docs\qa_runs\a1b\bulk\img_0646.jpg
13,647,20260912_090902_977b2686_auto_00060400_20260912093058158,20260912_090902_977b2686,jpg,F:\CODE\JianChanChan\src\ChanSight.Cli\bin\Debug\net8.0-windows10.0.22621.0\datasets\recordings\20260912_090902_977b2686\auto_00060400_20260912093058158.jpg,3840,2088,F:\CODE\JianChanChan\scripts\..\docs\qa_runs\a1b\bulk\img_0647.jpg
13,648,20260912_090902_977b2686_auto_00060490_20260912093100166,20260912_090902_977b2686,jpg,F:\CODE\JianChanChan\src\ChanSight.Cli\bin\Debug\net8.0-windows10.0.22621.0\datasets\recordings\20260912_090902_977b2686\auto_00060490_20260912093100166.jpg,3840,2088,F:\CODE\JianChanChan\scripts\..\docs\qa_runs\a1b\bulk\img_0648.jpg
13,649,20260912_090902_977b2686_auto_00060579_20260912093102234,20260912_090902_977b2686,jpg,F:\CODE\JianChanChan\src\ChanSight.Cli\bin\Debug\net8.0-windows10.0.22621.0\datasets\recordings\20260912_090902_977b2686\auto_00060579_20260912093102234.jpg,3840,2088,F:\CODE\JianChanChan\scripts\..\docs\qa_runs\a1b\bulk\img_0649.jpg
13,650,20260912_090902_977b2686_auto_00060664_20260912093104247,20260912_090902_977b2686,jpg,F:\CODE\JianChanChan\src\ChanSight.Cli\bin\Debug\net8.0-windows10.0.22621.0\datasets\recordings\20260912_090902_977b2686\auto_00060664_20260912093104247.jpg,3840,2088,F:\CODE\JianChanChan\scripts\..\docs\qa_runs\a1b\bulk\img_0650.jpg
13,651,20260912_090902_977b2686_auto_00060742_20260912093106303,20260912_090902_977b2686,jpg,F:\CODE\JianChanChan\src\ChanSight.Cli\bin\Debug\net8.0-windows10.0.22621.0\datasets\recordings\20260912_090902_977b2686\auto_00060742_20260912093106303.jpg,3840,2088,F:\CODE\JianChanChan\scripts\..\docs\qa_runs\a1b\bulk\img_0651.jpg
13,652,20260912_090902_977b2686_auto_00060823_20260912093108332,20260912_090902_977b2686,jpg,F:\CODE\JianChanChan\src\ChanSight.Cli\bin\Debug\net8.0-windows10.0.22621.0\datasets\recordings\20260912_090902_977b2686\auto_00060823_20260912093108332.jpg,3840,2088,F:\CODE\JianChanChan\scripts\..\docs\qa_runs\a1b\bulk\img_0652.jpg
13,653,20260912_090902_977b2686_auto_00060913_20260912093110365,20260912_090902_977b2686,jpg,F:\CODE\JianChanChan\src\ChanSight.Cli\bin\Debug\net8.0-windows10.0.22621.0\datasets\recordings\20260912_090902_977b2686\auto_00060913_20260912093110365.jpg,3840,2088,F:\CODE\JianChanChan\scripts\..\docs\qa_runs\a1b\bulk\img_0653.jpg
13,654,20260912_090902_977b2686_auto_00061006_20260912093112382,20260912_090902_977b2686,jpg,F:\CODE\JianChanChan\src\ChanSight.Cli\bin\Debug\net8.0-windows10.0.22621.0\datasets\recordings\20260912_090902_977b2686\auto_00061006_20260912093112382.jpg,3840,2088,F:\CODE\JianChanChan\scripts\..\docs\qa_runs\a1b\bulk\img_0654.jpg
13,655,20260912_090902_977b2686_auto_00061097_20260912093114402,20260912_090902_977b2686,jpg,F:\CODE\JianChanChan\src\ChanSight.Cli\bin\Debug\net8.0-windows10.0.22621.0\datasets\recordings\20260912_090902_977b2686\auto_00061097_20260912093114402.jpg,3840,2088,F:\CODE\JianChanChan\scripts\..\docs\qa_runs\a1b\bulk\img_0655.jpg
13,656,20260912_090902_977b2686_auto_00061193_20260912093116408,20260912_090902_977b2686,jpg,F:\CODE\JianChanChan\src\ChanSight.Cli\bin\Debug\net8.0-windows10.0.22621.0\datasets\recordings\20260912_090902_977b2686\auto_00061193_20260912093116408.jpg,3840,2088,F:\CODE\JianChanChan\scripts\..\docs\qa_runs\a1b\bulk\img_0656.jpg
13,657,20260912_090902_977b2686_auto_00061293_20260912093118436,20260912_090902_977b2686,jpg,F:\CODE\JianChanChan\src\ChanSight.Cli\bin\Debug\net8.0-windows10.0.22621.0\datasets\recordings\20260912_090902_977b2686\auto_00061293_20260912093118436.jpg,3840,2088,F:\CODE\JianChanChan\scripts\..\docs\qa_runs\a1b\bulk\img_0657.jpg
13,658,20260912_090902_977b2686_auto_00061395_20260912093120495,20260912_090902_977b2686,jpg,F:\CODE\JianChanChan\src\ChanSight.Cli\bin\Debug\net8.0-windows10.0.22621.0\datasets\recordings\20260912_090902_977b2686\auto_00061395_20260912093120495.jpg,3840,2088,F:\CODE\JianChanChan\scripts\..\docs\qa_runs\a1b\bulk\img_0658.jpg
13,659,20260912_090902_977b2686_auto_00061500_20260912093122541,20260912_090902_977b2686,jpg,F:\CODE\JianChanChan\src\ChanSight.Cli\bin\Debug\net8.0-windows10.0.22621.0\datasets\recordings\20260912_090902_977b2686\auto_00061500_20260912093122541.jpg,3840,2088,F:\CODE\JianChanChan\scripts\..\docs\qa_runs\a1b\bulk\img_0659.jpg
13,660,20260912_090902_977b2686_auto_00061598_20260912093124558,20260912_090902_977b2686,jpg,F:\CODE\JianChanChan\src\ChanSight.Cli\bin\Debug\net8.0-windows10.0.22621.0\datasets\recordings\20260912_090902_977b2686\auto_00061598_20260912093124558.jpg,3840,2088,F:\CODE\JianChanChan\scripts\..\docs\qa_runs\a1b\bulk\img_0660.jpg
13,661,20260912_090902_977b2686_auto_00061700_20260912093126590,20260912_090902_977b2686,jpg,F:\CODE\JianChanChan\src\ChanSight.Cli\bin\Debug\net8.0-windows10.0.22621.0\datasets\recordings\20260912_090902_977b2686\auto_00061700_20260912093126590.jpg,3840,2088,F:\CODE\JianChanChan\scripts\..\docs\qa_runs\a1b\bulk\img_0661.jpg
13,662,20260912_090902_977b2686_auto_00061799_20260912093128666,20260912_090902_977b2686,jpg,F:\CODE\JianChanChan\src\ChanSight.Cli\bin\Debug\net8.0-windows10.0.22621.0\datasets\recordings\20260912_090902_977b2686\auto_00061799_20260912093128666.jpg,3840,2088,F:\CODE\JianChanChan\scripts\..\docs\qa_runs\a1b\bulk\img_0662.jpg
13,663,20260912_090902_977b2686_auto_00061898_20260912093130687,20260912_090902_977b2686,jpg,F:\CODE\JianChanChan\src\ChanSight.Cli\bin\Debug\net8.0-windows10.0.22621.0\datasets\recordings\20260912_090902_977b2686\auto_00061898_20260912093130687.jpg,3840,2088,F:\CODE\JianChanChan\scripts\..\docs\qa_runs\a1b\bulk\img_0663.jpg
14,664,20260912_090902_977b2686_auto_00061996_20260912093132702,20260912_090902_977b2686,jpg,F:\CODE\JianChanChan\src\ChanSight.Cli\bin\Debug\net8.0-windows10.0.22621.0\datasets\recordings\20260912_090902_977b2686\auto_00061996_20260912093132702.jpg,3840,2088,F:\CODE\JianChanChan\scripts\..\docs\qa_runs\a1b\bulk\img_0664.jpg
14,665,20260912_090902_977b2686_auto_00062094_20260912093134721,20260912_090902_977b2686,jpg,F:\CODE\JianChanChan\src\ChanSight.Cli\bin\Debug\net8.0-windows10.0.22621.0\datasets\recordings\20260912_090902_977b2686\auto_00062094_20260912093134721.jpg,3840,2088,F:\CODE\JianChanChan\scripts\..\docs\qa_runs\a1b\bulk\img_0665.jpg
14,666,20260912_090902_977b2686_auto_00062165_20260912093136736,20260912_090902_977b2686,jpg,F:\CODE\JianChanChan\src\ChanSight.Cli\bin\Debug\net8.0-windows10.0.22621.0\datasets\recordings\20260912_090902_977b2686\auto_00062165_20260912093136736.jpg,3840,2088,F:\CODE\JianChanChan\scripts\..\docs\qa_runs\a1b\bulk\img_0666.jpg
14,667,20260912_090902_977b2686_auto_00062263_20260912093138771,20260912_090902_977b2686,jpg,F:\CODE\JianChanChan\src\ChanSight.Cli\bin\Debug\net8.0-windows10.0.22621.0\datasets\recordings\20260912_090902_977b2686\auto_00062263_20260912093138771.jpg,3840,2088,F:\CODE\JianChanChan\scripts\..\docs\qa_runs\a1b\bulk\img_0667.jpg
14,668,20260912_090902_977b2686_auto_00062361_20260912093140814,20260912_090902_977b2686,jpg,F:\CODE\JianChanChan\src\ChanSight.Cli\bin\Debug\net8.0-windows10.0.22621.0\datasets\recordings\20260912_090902_977b2686\auto_00062361_20260912093140814.jpg,3840,2088,F:\CODE\JianChanChan\scripts\..\docs\qa_runs\a1b\bulk\img_0668.jpg
14,669,20260912_090902_977b2686_auto_00062455_20260912093142834,20260912_090902_977b2686,jpg,F:\CODE\JianChanChan\src\ChanSight.Cli\bin\Debug\net8.0-windows10.0.22621.0\datasets\recordings\20260912_090902_977b2686\auto_00062455_20260912093142834.jpg,3840,2088,F:\CODE\JianChanChan\scripts\..\docs\qa_runs\a1b\bulk\img_0669.jpg
14,670,20260912_090902_977b2686_auto_00062555_20260912093144870,20260912_090902_977b2686,jpg,F:\CODE\JianChanChan\src\ChanSight.Cli\bin\Debug\net8.0-windows10.0.22621.0\datasets\recordings\20260912_090902_977b2686\auto_00062555_20260912093144870.jpg,3840,2088,F:\CODE\JianChanChan\scripts\..\docs\qa_runs\a1b\bulk\img_0670.jpg
14,671,20260912_090902_977b2686_auto_00062652_20260912093146875,20260912_090902_977b2686,jpg,F:\CODE\JianChanChan\src\ChanSight.Cli\bin\Debug\net8.0-windows10.0.22621.0\datasets\recordings\20260912_090902_977b2686\auto_00062652_20260912093146875.jpg,3840,2088,F:\CODE\JianChanChan\scripts\..\docs\qa_runs\a1b\bulk\img_0671.jpg
14,672,20260912_090902_977b2686_auto_00062751_20260912093148913,20260912_090902_977b2686,jpg,F:\CODE\JianChanChan\src\ChanSight.Cli\bin\Debug\net8.0-windows10.0.22621.0\datasets\recordings\20260912_090902_977b2686\auto_00062751_20260912093148913.jpg,3840,2088,F:\CODE\JianChanChan\scripts\..\docs\qa_runs\a1b\bulk\img_0672.jpg
14,673,20260912_090902_977b2686_auto_00062843_20260912093150919,20260912_090902_977b2686,jpg,F:\CODE\JianChanChan\src\ChanSight.Cli\bin\Debug\net8.0-windows10.0.22621.0\datasets\recordings\20260912_090902_977b2686\auto_00062843_20260912093150919.jpg,3840,2088,F:\CODE\JianChanChan\scripts\..\docs\qa_runs\a1b\bulk\img_0673.jpg
14,674,20260912_090902_977b2686_auto_00062941_20260912093152924,20260912_090902_977b2686,jpg,F:\CODE\JianChanChan\src\ChanSight.Cli\bin\Debug\net8.0-windows10.0.22621.0\datasets\recordings\20260912_090902_977b2686\auto_00062941_20260912093152924.jpg,3840,2088,F:\CODE\JianChanChan\scripts\..\docs\qa_runs\a1b\bulk\img_0674.jpg
14,675,20260912_090902_977b2686_auto_00063037_20260912093154939,20260912_090902_977b2686,jpg,F:\CODE\JianChanChan\src\ChanSight.Cli\bin\Debug\net8.0-windows10.0.22621.0\datasets\recordings\20260912_090902_977b2686\auto_00063037_20260912093154939.jpg,3840,2088,F:\CODE\JianChanChan\scripts\..\docs\qa_runs\a1b\bulk\img_0675.jpg
14,676,20260912_090902_977b2686_auto_00063139_20260912093156953,20260912_090902_977b2686,jpg,F:\CODE\JianChanChan\src\ChanSight.Cli\bin\Debug\net8.0-windows10.0.22621.0\datasets\recordings\20260912_090902_977b2686\auto_00063139_20260912093156953.jpg,3840,2088,F:\CODE\JianChanChan\scripts\..\docs\qa_runs\a1b\bulk\img_0676.jpg
14,677,20260912_090902_977b2686_auto_00063215_20260912093158953,20260912_090902_977b2686,jpg,F:\CODE\JianChanChan\src\ChanSight.Cli\bin\Debug\net8.0-windows10.0.22621.0\datasets\recordings\20260912_090902_977b2686\auto_00063215_20260912093158953.jpg,3840,2088,F:\CODE\JianChanChan\scripts\..\docs\qa_runs\a1b\bulk\img_0677.jpg
14,678,20260912_090902_977b2686_auto_00063295_20260912093200967,20260912_090902_977b2686,jpg,F:\CODE\JianChanChan\src\ChanSight.Cli\bin\Debug\net8.0-windows10.0.22621.0\datasets\recordings\20260912_090902_977b2686\auto_00063295_20260912093200967.jpg,3840,2088,F:\CODE\JianChanChan\scripts\..\docs\qa_runs\a1b\bulk\img_0678.jpg
14,679,20260912_090902_977b2686_auto_00063374_20260912093202995,20260912_090902_977b2686,jpg,F:\CODE\JianChanChan\src\ChanSight.Cli\bin\Debug\net8.0-windows10.0.22621.0\datasets\recordings\20260912_090902_977b2686\auto_00063374_20260912093202995.jpg,3840,2088,F:\CODE\JianChanChan\scripts\..\docs\qa_runs\a1b\bulk\img_0679.jpg
14,680,20260912_090902_977b2686_auto_00063474_20260912093205028,20260912_090902_977b2686,jpg,F:\CODE\JianChanChan\src\ChanSight.Cli\bin\Debug\net8.0-windows10.0.22621.0\datasets\recordings\20260912_090902_977b2686\auto_00063474_20260912093205028.jpg,3840,2088,F:\CODE\JianChanChan\scripts\..\docs\qa_runs\a1b\bulk\img_0680.jpg
14,681,20260912_090902_977b2686_auto_00063577_20260912093207063,20260912_090902_977b2686,jpg,F:\CODE\JianChanChan\src\ChanSight.Cli\bin\Debug\net8.0-windows10.0.22621.0\datasets\recordings\20260912_090902_977b2686\auto_00063577_20260912093207063.jpg,3840,2088,F:\CODE\JianChanChan\scripts\..\docs\qa_runs\a1b\bulk\img_0681.jpg
14,682,20260912_090902_977b2686_auto_00063654_20260912093209122,20260912_090902_977b2686,jpg,F:\CODE\JianChanChan\src\ChanSight.Cli\bin\Debug\net8.0-windows10.0.22621.0\datasets\recordings\20260912_090902_977b2686\auto_00063654_20260912093209122.jpg,3840,2088,F:\CODE\JianChanChan\scripts\..\docs\qa_runs\a1b\bulk\img_0682.jpg
14,683,20260912_090902_977b2686_auto_00063737_20260912093211344,20260912_090902_977b2686,jpg,F:\CODE\JianChanChan\src\ChanSight.Cli\bin\Debug\net8.0-windows10.0.22621.0\datasets\recordings\20260912_090902_977b2686\auto_00063737_20260912093211344.jpg,3840,2088,F:\CODE\JianChanChan\scripts\..\docs\qa_runs\a1b\bulk\img_0683.jpg
14,684,20260912_090902_977b2686_auto_00063824_20260912093213384,20260912_090902_977b2686,jpg,F:\CODE\JianChanChan\src\ChanSight.Cli\bin\Debug\net8.0-windows10.0.22621.0\datasets\recordings\20260912_090902_977b2686\auto_00063824_20260912093213384.jpg,3840,2088,F:\CODE\JianChanChan\scripts\..\docs\qa_runs\a1b\bulk\img_0684.jpg
14,685,20260912_090902_977b2686_auto_00063913_20260912093215405,20260912_090902_977b2686,jpg,F:\CODE\JianChanChan\src\ChanSight.Cli\bin\Debug\net8.0-windows10.0.22621.0\datasets\recordings\20260912_090902_977b2686\auto_00063913_20260912093215405.jpg,3840,2088,F:\CODE\JianChanChan\scripts\..\docs\qa_runs\a1b\bulk\img_0685.jpg
14,686,20260912_090902_977b2686_auto_00064011_20260912093217406,20260912_090902_977b2686,jpg,F:\CODE\JianChanChan\src\ChanSight.Cli\bin\Debug\net8.0-windows10.0.22621.0\datasets\recordings\20260912_090902_977b2686\auto_00064011_20260912093217406.jpg,3840,2088,F:\CODE\JianChanChan\scripts\..\docs\qa_runs\a1b\bulk\img_0686.jpg
14,687,20260912_090902_977b2686_auto_00064110_20260912093219421,20260912_090902_977b2686,jpg,F:\CODE\JianChanChan\src\ChanSight.Cli\bin\Debug\net8.0-windows10.0.22621.0\datasets\recordings\20260912_090902_977b2686\auto_00064110_20260912093219421.jpg,3840,2088,F:\CODE\JianChanChan\scripts\..\docs\qa_runs\a1b\bulk\img_0687.jpg
14,688,20260912_090902_977b2686_auto_00064209_20260912093221426,20260912_090902_977b2686,jpg,F:\CODE\JianChanChan\src\ChanSight.Cli\bin\Debug\net8.0-windows10.0.22621.0\datasets\recordings\20260912_090902_977b2686\auto_00064209_20260912093221426.jpg,3840,2088,F:\CODE\JianChanChan\scripts\..\docs\qa_runs\a1b\bulk\img_0688.jpg
14,689,20260912_090902_977b2686_auto_00064305_20260912093223440,20260912_090902_977b2686,jpg,F:\CODE\JianChanChan\src\ChanSight.Cli\bin\Debug\net8.0-windows10.0.22621.0\datasets\recordings\20260912_090902_977b2686\auto_00064305_20260912093223440.jpg,3840,2088,F:\CODE\JianChanChan\scripts\..\docs\qa_runs\a1b\bulk\img_0689.jpg
14,690,20260912_090902_977b2686_auto_00064402_20260912093225454,20260912_090902_977b2686,jpg,F:\CODE\JianChanChan\src\ChanSight.Cli\bin\Debug\net8.0-windows10.0.22621.0\datasets\recordings\20260912_090902_977b2686\auto_00064402_20260912093225454.jpg,3840,2088,F:\CODE\JianChanChan\scripts\..\docs\qa_runs\a1b\bulk\img_0690.jpg
14,691,20260912_090902_977b2686_auto_00064505_20260912093227495,20260912_090902_977b2686,jpg,F:\CODE\JianChanChan\src\ChanSight.Cli\bin\Debug\net8.0-windows10.0.22621.0\datasets\recordings\20260912_090902_977b2686\auto_00064505_20260912093227495.jpg,3840,2088,F:\CODE\JianChanChan\scripts\..\docs\qa_runs\a1b\bulk\img_0691.jpg
14,692,20260912_090902_977b2686_auto_00064606_20260912093229517,20260912_090902_977b2686,jpg,F:\CODE\JianChanChan\src\ChanSight.Cli\bin\Debug\net8.0-windows10.0.22621.0\datasets\recordings\20260912_090902_977b2686\auto_00064606_20260912093229517.jpg,3840,2088,F:\CODE\JianChanChan\scripts\..\docs\qa_runs\a1b\bulk\img_0692.jpg
14,693,20260912_090902_977b2686_auto_00064707_20260912093231543,20260912_090902_977b2686,jpg,F:\CODE\JianChanChan\src\ChanSight.Cli\bin\Debug\net8.0-windows10.0.22621.0\datasets\recordings\20260912_090902_977b2686\auto_00064707_20260912093231543.jpg,3840,2088,F:\CODE\JianChanChan\scripts\..\docs\qa_runs\a1b\bulk\img_0693.jpg
14,694,20260912_090902_977b2686_auto_00064810_20260912093233570,20260912_090902_977b2686,jpg,F:\CODE\JianChanChan\src\ChanSight.Cli\bin\Debug\net8.0-windows10.0.22621.0\datasets\recordings\20260912_090902_977b2686\auto_00064810_20260912093233570.jpg,3840,2088,F:\CODE\JianChanChan\scripts\..\docs\qa_runs\a1b\bulk\img_0694.jpg
14,695,20260912_090902_977b2686_auto_00064905_20260912093235613,20260912_090902_977b2686,jpg,F:\CODE\JianChanChan\src\ChanSight.Cli\bin\Debug\net8.0-windows10.0.22621.0\datasets\recordings\20260912_090902_977b2686\auto_00064905_20260912093235613.jpg,3840,2088,F:\CODE\JianChanChan\scripts\..\docs\qa_runs\a1b\bulk\img_0695.jpg
14,696,20260912_090902_977b2686_auto_00065000_20260912093237656,20260912_090902_977b2686,jpg,F:\CODE\JianChanChan\src\ChanSight.Cli\bin\Debug\net8.0-windows10.0.22621.0\datasets\recordings\20260912_090902_977b2686\auto_00065000_20260912093237656.jpg,3840,2088,F:\CODE\JianChanChan\scripts\..\docs\qa_runs\a1b\bulk\img_0696.jpg
14,697,20260912_090902_977b2686_auto_00065099_20260912093239676,20260912_090902_977b2686,jpg,F:\CODE\JianChanChan\src\ChanSight.Cli\bin\Debug\net8.0-windows10.0.22621.0\datasets\recordings\20260912_090902_977b2686\auto_00065099_20260912093239676.jpg,3840,2088,F:\CODE\JianChanChan\scripts\..\docs\qa_runs\a1b\bulk\img_0697.jpg
14,698,20260912_090902_977b2686_auto_00065178_20260912093241718,20260912_090902_977b2686,jpg,F:\CODE\JianChanChan\src\ChanSight.Cli\bin\Debug\net8.0-windows10.0.22621.0\datasets\recordings\20260912_090902_977b2686\auto_00065178_20260912093241718.jpg,3840,2088,F:\CODE\JianChanChan\scripts\..\docs\qa_runs\a1b\bulk\img_0698.jpg
14,699,20260912_090902_977b2686_auto_00065274_20260912093243775,20260912_090902_977b2686,jpg,F:\CODE\JianChanChan\src\ChanSight.Cli\bin\Debug\net8.0-windows10.0.22621.0\datasets\recordings\20260912_090902_977b2686\auto_00065274_20260912093243775.jpg,3840,2088,F:\CODE\JianChanChan\scripts\..\docs\qa_runs\a1b\bulk\img_0699.jpg
14,700,20260912_090902_977b2686_auto_00065371_20260912093245814,20260912_090902_977b2686,jpg,F:\CODE\JianChanChan\src\ChanSight.Cli\bin\Debug\net8.0-windows10.0.22621.0\datasets\recordings\20260912_090902_977b2686\auto_00065371_20260912093245814.jpg,3840,2088,F:\CODE\JianChanChan\scripts\..\docs\qa_runs\a1b\bulk\img_0700.jpg
14,701,20260912_090902_977b2686_auto_00065468_20260912093247838,20260912_090902_977b2686,jpg,F:\CODE\JianChanChan\src\ChanSight.Cli\bin\Debug\net8.0-windows10.0.22621.0\datasets\recordings\20260912_090902_977b2686\auto_00065468_20260912093247838.jpg,3840,2088,F:\CODE\JianChanChan\scripts\..\docs\qa_runs\a1b\bulk\img_0701.jpg
14,702,20260912_090902_977b2686_auto_00065563_20260912093249871,20260912_090902_977b2686,jpg,F:\CODE\JianChanChan\src\ChanSight.Cli\bin\Debug\net8.0-windows10.0.22621.0\datasets\recordings\20260912_090902_977b2686\auto_00065563_20260912093249871.jpg,3840,2088,F:\CODE\JianChanChan\scripts\..\docs\qa_runs\a1b\bulk\img_0702.jpg
14,703,20260912_090902_977b2686_auto_00065656_20260912093251913,20260912_090902_977b2686,jpg,F:\CODE\JianChanChan\src\ChanSight.Cli\bin\Debug\net8.0-windows10.0.22621.0\datasets\recordings\20260912_090902_977b2686\auto_00065656_20260912093251913.jpg,3840,2088,F:\CODE\JianChanChan\scripts\..\docs\qa_runs\a1b\bulk\img_0703.jpg
14,704,20260912_090902_977b2686_auto_00065746_20260912093253914,20260912_090902_977b2686,jpg,F:\CODE\JianChanChan\src\ChanSight.Cli\bin\Debug\net8.0-windows10.0.22621.0\datasets\recordings\20260912_090902_977b2686\auto_00065746_20260912093253914.jpg,3840,2088,F:\CODE\JianChanChan\scripts\..\docs\qa_runs\a1b\bulk\img_0704.jpg
14,705,20260912_090902_977b2686_auto_00065836_20260912093255921,20260912_090902_977b2686,jpg,F:\CODE\JianChanChan\src\ChanSight.Cli\bin\Debug\net8.0-windows10.0.22621.0\datasets\recordings\20260912_090902_977b2686\auto_00065836_20260912093255921.jpg,3840,2088,F:\CODE\JianChanChan\scripts\..\docs\qa_runs\a1b\bulk\img_0705.jpg
14,706,20260912_090902_977b2686_auto_00065918_20260912093257971,20260912_090902_977b2686,jpg,F:\CODE\JianChanChan\src\ChanSight.Cli\bin\Debug\net8.0-windows10.0.22621.0\datasets\recordings\20260912_090902_977b2686\auto_00065918_20260912093257971.jpg,3840,2088,F:\CODE\JianChanChan\scripts\..\docs\qa_runs\a1b\bulk\img_0706.jpg
14,707,20260912_090902_977b2686_auto_00066005_20260912093259998,20260912_090902_977b2686,jpg,F:\CODE\JianChanChan\src\ChanSight.Cli\bin\Debug\net8.0-windows10.0.22621.0\datasets\recordings\20260912_090902_977b2686\auto_00066005_20260912093259998.jpg,3840,2088,F:\CODE\JianChanChan\scripts\..\docs\qa_runs\a1b\bulk\img_0707.jpg
14,708,20260912_090902_977b2686_auto_00066102_20260912093302040,20260912_090902_977b2686,jpg,F:\CODE\JianChanChan\src\ChanSight.Cli\bin\Debug\net8.0-windows10.0.22621.0\datasets\recordings\20260912_090902_977b2686\auto_00066102_20260912093302040.jpg,3840,2088,F:\CODE\JianChanChan\scripts\..\docs\qa_runs\a1b\bulk\img_0708.jpg
14,709,20260912_090902_977b2686_auto_00066179_20260912093304073,20260912_090902_977b2686,jpg,F:\CODE\JianChanChan\src\ChanSight.Cli\bin\Debug\net8.0-windows10.0.22621.0\datasets\recordings\20260912_090902_977b2686\auto_00066179_20260912093304073.jpg,3840,2088,F:\CODE\JianChanChan\scripts\..\docs\qa_runs\a1b\bulk\img_0709.jpg
14,710,20260912_090902_977b2686_auto_00066260_20260912093306092,20260912_090902_977b2686,jpg,F:\CODE\JianChanChan\src\ChanSight.Cli\bin\Debug\net8.0-windows10.0.22621.0\datasets\recordings\20260912_090902_977b2686\auto_00066260_20260912093306092.jpg,3840,2088,F:\CODE\JianChanChan\scripts\..\docs\qa_runs\a1b\bulk\img_0710.jpg
14,711,20260912_090902_977b2686_auto_00066343_20260912093308102,20260912_090902_977b2686,jpg,F:\CODE\JianChanChan\src\ChanSight.Cli\bin\Debug\net8.0-windows10.0.22621.0\datasets\recordings\20260912_090902_977b2686\auto_00066343_20260912093308102.jpg,3840,2088,F:\CODE\JianChanChan\scripts\..\docs\qa_runs\a1b\bulk\img_0711.jpg
14,712,20260912_090902_977b2686_auto_00066424_20260912093310157,20260912_090902_977b2686,jpg,F:\CODE\JianChanChan\src\ChanSight.Cli\bin\Debug\net8.0-windows10.0.22621.0\datasets\recordings\20260912_090902_977b2686\auto_00066424_20260912093310157.jpg,3840,2088,F:\CODE\JianChanChan\scripts\..\docs\qa_runs\a1b\bulk\img_0712.jpg
14,713,20260912_090902_977b2686_auto_00066521_20260912093312212,20260912_090902_977b2686,jpg,F:\CODE\JianChanChan\src\ChanSight.Cli\bin\Debug\net8.0-windows10.0.22621.0\datasets\recordings\20260912_090902_977b2686\auto_00066521_20260912093312212.jpg,3840,2088,F:\CODE\JianChanChan\scripts\..\docs\qa_runs\a1b\bulk\img_0713.jpg
14,714,20260912_090902_977b2686_auto_00066621_20260912093314219,20260912_090902_977b2686,jpg,F:\CODE\JianChanChan\src\ChanSight.Cli\bin\Debug\net8.0-windows10.0.22621.0\datasets\recordings\20260912_090902_977b2686\auto_00066621_20260912093314219.jpg,3840,2088,F:\CODE\JianChanChan\scripts\..\docs\qa_runs\a1b\bulk\img_0714.jpg
15,715,20260912_090902_977b2686_auto_00066722_20260912093316255,20260912_090902_977b2686,jpg,F:\CODE\JianChanChan\src\ChanSight.Cli\bin\Debug\net8.0-windows10.0.22621.0\datasets\recordings\20260912_090902_977b2686\auto_00066722_20260912093316255.jpg,3840,2088,F:\CODE\JianChanChan\scripts\..\docs\qa_runs\a1b\bulk\img_0715.jpg
15,716,20260912_090902_977b2686_auto_00066823_20260912093318311,20260912_090902_977b2686,jpg,F:\CODE\JianChanChan\src\ChanSight.Cli\bin\Debug\net8.0-windows10.0.22621.0\datasets\recordings\20260912_090902_977b2686\auto_00066823_20260912093318311.jpg,3840,2088,F:\CODE\JianChanChan\scripts\..\docs\qa_runs\a1b\bulk\img_0716.jpg
15,717,20260912_090902_977b2686_auto_00066917_20260912093320318,20260912_090902_977b2686,jpg,F:\CODE\JianChanChan\src\ChanSight.Cli\bin\Debug\net8.0-windows10.0.22621.0\datasets\recordings\20260912_090902_977b2686\auto_00066917_20260912093320318.jpg,3840,2088,F:\CODE\JianChanChan\scripts\..\docs\qa_runs\a1b\bulk\img_0717.jpg
15,718,20260912_090902_977b2686_auto_00067021_20260912093322394,20260912_090902_977b2686,jpg,F:\CODE\JianChanChan\src\ChanSight.Cli\bin\Debug\net8.0-windows10.0.22621.0\datasets\recordings\20260912_090902_977b2686\auto_00067021_20260912093322394.jpg,3840,2088,F:\CODE\JianChanChan\scripts\..\docs\qa_runs\a1b\bulk\img_0718.jpg
15,719,20260912_090902_977b2686_auto_00067110_20260912093324396,20260912_090902_977b2686,jpg,F:\CODE\JianChanChan\src\ChanSight.Cli\bin\Debug\net8.0-windows10.0.22621.0\datasets\recordings\20260912_090902_977b2686\auto_00067110_20260912093324396.jpg,3840,2088,F:\CODE\JianChanChan\scripts\..\docs\qa_runs\a1b\bulk\img_0719.jpg
15,720,20260912_090902_977b2686_auto_00067211_20260912093326485,20260912_090902_977b2686,jpg,F:\CODE\JianChanChan\src\ChanSight.Cli\bin\Debug\net8.0-windows10.0.22621.0\datasets\recordings\20260912_090902_977b2686\auto_00067211_20260912093326485.jpg,3840,2088,F:\CODE\JianChanChan\scripts\..\docs\qa_runs\a1b\bulk\img_0720.jpg
15,721,20260912_090902_977b2686_auto_00067286_20260912093328497,20260912_090902_977b2686,jpg,F:\CODE\JianChanChan\src\ChanSight.Cli\bin\Debug\net8.0-windows10.0.22621.0\datasets\recordings\20260912_090902_977b2686\auto_00067286_20260912093328497.jpg,3840,2088,F:\CODE\JianChanChan\scripts\..\docs\qa_runs\a1b\bulk\img_0721.jpg
15,722,20260912_090902_977b2686_auto_00067372_20260912093330498,20260912_090902_977b2686,jpg,F:\CODE\JianChanChan\src\ChanSight.Cli\bin\Debug\net8.0-windows10.0.22621.0\datasets\recordings\20260912_090902_977b2686\auto_00067372_20260912093330498.jpg,3840,2088,F:\CODE\JianChanChan\scripts\..\docs\qa_runs\a1b\bulk\img_0722.jpg
15,723,20260912_090902_977b2686_auto_00067470_20260912093332519,20260912_090902_977b2686,jpg,F:\CODE\JianChanChan\src\ChanSight.Cli\bin\Debug\net8.0-windows10.0.22621.0\datasets\recordings\20260912_090902_977b2686\auto_00067470_20260912093332519.jpg,3840,2088,F:\CODE\JianChanChan\scripts\..\docs\qa_runs\a1b\bulk\img_0723.jpg
15,724,20260912_090902_977b2686_auto_00067567_20260912093334567,20260912_090902_977b2686,jpg,F:\CODE\JianChanChan\src\ChanSight.Cli\bin\Debug\net8.0-windows10.0.22621.0\datasets\recordings\20260912_090902_977b2686\auto_00067567_20260912093334567.jpg,3840,2088,F:\CODE\JianChanChan\scripts\..\docs\qa_runs\a1b\bulk\img_0724.jpg
15,725,20260912_090902_977b2686_auto_00067666_20260912093336604,20260912_090902_977b2686,jpg,F:\CODE\JianChanChan\src\ChanSight.Cli\bin\Debug\net8.0-windows10.0.22621.0\datasets\recordings\20260912_090902_977b2686\auto_00067666_20260912093336604.jpg,3840,2088,F:\CODE\JianChanChan\scripts\..\docs\qa_runs\a1b\bulk\img_0725.jpg
15,726,20260912_090902_977b2686_auto_00067762_20260912093338646,20260912_090902_977b2686,jpg,F:\CODE\JianChanChan\src\ChanSight.Cli\bin\Debug\net8.0-windows10.0.22621.0\datasets\recordings\20260912_090902_977b2686\auto_00067762_20260912093338646.jpg,3840,2088,F:\CODE\JianChanChan\scripts\..\docs\qa_runs\a1b\bulk\img_0726.jpg
15,727,20260912_090902_977b2686_auto_00067863_20260912093340711,20260912_090902_977b2686,jpg,F:\CODE\JianChanChan\src\ChanSight.Cli\bin\Debug\net8.0-windows10.0.22621.0\datasets\recordings\20260912_090902_977b2686\auto_00067863_20260912093340711.jpg,3840,2088,F:\CODE\JianChanChan\scripts\..\docs\qa_runs\a1b\bulk\img_0727.jpg
15,728,20260912_090902_977b2686_auto_00067964_20260912093342763,20260912_090902_977b2686,jpg,F:\CODE\JianChanChan\src\ChanSight.Cli\bin\Debug\net8.0-windows10.0.22621.0\datasets\recordings\20260912_090902_977b2686\auto_00067964_20260912093342763.jpg,3840,2088,F:\CODE\JianChanChan\scripts\..\docs\qa_runs\a1b\bulk\img_0728.jpg
15,729,20260912_090902_977b2686_auto_00068062_20260912093344777,20260912_090902_977b2686,jpg,F:\CODE\JianChanChan\src\ChanSight.Cli\bin\Debug\net8.0-windows10.0.22621.0\datasets\recordings\20260912_090902_977b2686\auto_00068062_20260912093344777.jpg,3840,2088,F:\CODE\JianChanChan\scripts\..\docs\qa_runs\a1b\bulk\img_0729.jpg
15,730,20260912_090902_977b2686_auto_00068161_20260912093346792,20260912_090902_977b2686,jpg,F:\CODE\JianChanChan\src\ChanSight.Cli\bin\Debug\net8.0-windows10.0.22621.0\datasets\recordings\20260912_090902_977b2686\auto_00068161_20260912093346792.jpg,3840,2088,F:\CODE\JianChanChan\scripts\..\docs\qa_runs\a1b\bulk\img_0730.jpg
15,731,20260912_090902_977b2686_auto_00068263_20260912093348821,20260912_090902_977b2686,jpg,F:\CODE\JianChanChan\src\ChanSight.Cli\bin\Debug\net8.0-windows10.0.22621.0\datasets\recordings\20260912_090902_977b2686\auto_00068263_20260912093348821.jpg,3840,2088,F:\CODE\JianChanChan\scripts\..\docs\qa_runs\a1b\bulk\img_0731.jpg
15,732,20260912_090902_977b2686_auto_00068361_20260912093350868,20260912_090902_977b2686,jpg,F:\CODE\JianChanChan\src\ChanSight.Cli\bin\Debug\net8.0-windows10.0.22621.0\datasets\recordings\20260912_090902_977b2686\auto_00068361_20260912093350868.jpg,3840,2088,F:\CODE\JianChanChan\scripts\..\docs\qa_runs\a1b\bulk\img_0732.jpg
15,733,20260912_090902_977b2686_auto_00068455_20260912093352888,20260912_090902_977b2686,jpg,F:\CODE\JianChanChan\src\ChanSight.Cli\bin\Debug\net8.0-windows10.0.22621.0\datasets\recordings\20260912_090902_977b2686\auto_00068455_20260912093352888.jpg,3840,2088,F:\CODE\JianChanChan\scripts\..\docs\qa_runs\a1b\bulk\img_0733.jpg
15,734,20260912_090902_977b2686_auto_00068552_20260912093354897,20260912_090902_977b2686,jpg,F:\CODE\JianChanChan\src\ChanSight.Cli\bin\Debug\net8.0-windows10.0.22621.0\datasets\recordings\20260912_090902_977b2686\auto_00068552_20260912093354897.jpg,3840,2088,F:\CODE\JianChanChan\scripts\..\docs\qa_runs\a1b\bulk\img_0734.jpg
15,735,20260912_090902_977b2686_auto_00068650_20260912093356902,20260912_090902_977b2686,jpg,F:\CODE\JianChanChan\src\ChanSight.Cli\bin\Debug\net8.0-windows10.0.22621.0\datasets\recordings\20260912_090902_977b2686\auto_00068650_20260912093356902.jpg,3840,2088,F:\CODE\JianChanChan\scripts\..\docs\qa_runs\a1b\bulk\img_0735.jpg
15,736,20260912_090902_977b2686_auto_00068748_20260912093358938,20260912_090902_977b2686,jpg,F:\CODE\JianChanChan\src\ChanSight.Cli\bin\Debug\net8.0-windows10.0.22621.0\datasets\recordings\20260912_090902_977b2686\auto_00068748_20260912093358938.jpg,3840,2088,F:\CODE\JianChanChan\scripts\..\docs\qa_runs\a1b\bulk\img_0736.jpg
15,737,20260912_090902_977b2686_auto_00068848_20260912093400957,20260912_090902_977b2686,jpg,F:\CODE\JianChanChan\src\ChanSight.Cli\bin\Debug\net8.0-windows10.0.22621.0\datasets\recordings\20260912_090902_977b2686\auto_00068848_20260912093400957.jpg,3840,2088,F:\CODE\JianChanChan\scripts\..\docs\qa_runs\a1b\bulk\img_0737.jpg
15,738,20260912_090902_977b2686_auto_00068941_20260912093402964,20260912_090902_977b2686,jpg,F:\CODE\JianChanChan\src\ChanSight.Cli\bin\Debug\net8.0-windows10.0.22621.0\datasets\recordings\20260912_090902_977b2686\auto_00068941_20260912093402964.jpg,3840,2088,F:\CODE\JianChanChan\scripts\..\docs\qa_runs\a1b\bulk\img_0738.jpg
15,739,20260912_090902_977b2686_auto_00069036_20260912093404988,20260912_090902_977b2686,jpg,F:\CODE\JianChanChan\src\ChanSight.Cli\bin\Debug\net8.0-windows10.0.22621.0\datasets\recordings\20260912_090902_977b2686\auto_00069036_20260912093404988.jpg,3840,2088,F:\CODE\JianChanChan\scripts\..\docs\qa_runs\a1b\bulk\img_0739.jpg
15,740,20260912_090902_977b2686_auto_00069124_20260912093407014,20260912_090902_977b2686,jpg,F:\CODE\JianChanChan\src\ChanSight.Cli\bin\Debug\net8.0-windows10.0.22621.0\datasets\recordings\20260912_090902_977b2686\auto_00069124_20260912093407014.jpg,3840,2088,F:\CODE\JianChanChan\scripts\..\docs\qa_runs\a1b\bulk\img_0740.jpg
15,741,20260912_090902_977b2686_auto_00069202_20260912093409022,20260912_090902_977b2686,jpg,F:\CODE\JianChanChan\src\ChanSight.Cli\bin\Debug\net8.0-windows10.0.22621.0\datasets\recordings\20260912_090902_977b2686\auto_00069202_20260912093409022.jpg,3840,2088,F:\CODE\JianChanChan\scripts\..\docs\qa_runs\a1b\bulk\img_0741.jpg
15,742,20260912_090902_977b2686_auto_00069281_20260912093411066,20260912_090902_977b2686,jpg,F:\CODE\JianChanChan\src\ChanSight.Cli\bin\Debug\net8.0-windows10.0.22621.0\datasets\recordings\20260912_090902_977b2686\auto_00069281_20260912093411066.jpg,3840,2088,F:\CODE\JianChanChan\scripts\..\docs\qa_runs\a1b\bulk\img_0742.jpg
15,743,20260912_090902_977b2686_auto_00069361_20260912093413090,20260912_090902_977b2686,jpg,F:\CODE\JianChanChan\src\ChanSight.Cli\bin\Debug\net8.0-windows10.0.22621.0\datasets\recordings\20260912_090902_977b2686\auto_00069361_20260912093413090.jpg,3840,2088,F:\CODE\JianChanChan\scripts\..\docs\qa_runs\a1b\bulk\img_0743.jpg
15,744,20260912_090902_977b2686_auto_00069445_20260912093415125,20260912_090902_977b2686,jpg,F:\CODE\JianChanChan\src\ChanSight.Cli\bin\Debug\net8.0-windows10.0.22621.0\datasets\recordings\20260912_090902_977b2686\auto_00069445_20260912093415125.jpg,3840,2088,F:\CODE\JianChanChan\scripts\..\docs\qa_runs\a1b\bulk\img_0744.jpg
15,745,20260912_090902_977b2686_auto_00069525_20260912093417125,20260912_090902_977b2686,jpg,F:\CODE\JianChanChan\src\ChanSight.Cli\bin\Debug\net8.0-windows10.0.22621.0\datasets\recordings\20260912_090902_977b2686\auto_00069525_20260912093417125.jpg,3840,2088,F:\CODE\JianChanChan\scripts\..\docs\qa_runs\a1b\bulk\img_0745.jpg
15,746,20260912_090902_977b2686_auto_00069607_20260912093419138,20260912_090902_977b2686,jpg,F:\CODE\JianChanChan\src\ChanSight.Cli\bin\Debug\net8.0-windows10.0.22621.0\datasets\recordings\20260912_090902_977b2686\auto_00069607_20260912093419138.jpg,3840,2088,F:\CODE\JianChanChan\scripts\..\docs\qa_runs\a1b\bulk\img_0746.jpg
15,747,20260912_090902_977b2686_auto_00069691_20260912093421161,20260912_090902_977b2686,jpg,F:\CODE\JianChanChan\src\ChanSight.Cli\bin\Debug\net8.0-windows10.0.22621.0\datasets\recordings\20260912_090902_977b2686\auto_00069691_20260912093421161.jpg,3840,2088,F:\CODE\JianChanChan\scripts\..\docs\qa_runs\a1b\bulk\img_0747.jpg
15,748,20260912_090902_977b2686_auto_00069761_20260912093423173,20260912_090902_977b2686,jpg,F:\CODE\JianChanChan\src\ChanSight.Cli\bin\Debug\net8.0-windows10.0.22621.0\datasets\recordings\20260912_090902_977b2686\auto_00069761_20260912093423173.jpg,3840,2088,F:\CODE\JianChanChan\scripts\..\docs\qa_runs\a1b\bulk\img_0748.jpg
15,749,20260912_090902_977b2686_auto_00069837_20260912093425190,20260912_090902_977b2686,jpg,F:\CODE\JianChanChan\src\ChanSight.Cli\bin\Debug\net8.0-windows10.0.22621.0\datasets\recordings\20260912_090902_977b2686\auto_00069837_20260912093425190.jpg,3840,2088,F:\CODE\JianChanChan\scripts\..\docs\qa_runs\a1b\bulk\img_0749.jpg
15,750,20260912_090902_977b2686_auto_00069934_20260912093427239,20260912_090902_977b2686,jpg,F:\CODE\JianChanChan\src\ChanSight.Cli\bin\Debug\net8.0-windows10.0.22621.0\datasets\recordings\20260912_090902_977b2686\auto_00069934_20260912093427239.jpg,3840,2088,F:\CODE\JianChanChan\scripts\..\docs\qa_runs\a1b\bulk\img_0750.jpg
15,751,20260912_090902_977b2686_auto_00070028_20260912093429271,20260912_090902_977b2686,jpg,F:\CODE\JianChanChan\src\ChanSight.Cli\bin\Debug\net8.0-windows10.0.22621.0\datasets\recordings\20260912_090902_977b2686\auto_00070028_20260912093429271.jpg,3840,2088,F:\CODE\JianChanChan\scripts\..\docs\qa_runs\a1b\bulk\img_0751.jpg
15,752,20260912_090902_977b2686_auto_00070132_20260912093431299,20260912_090902_977b2686,jpg,F:\CODE\JianChanChan\src\ChanSight.Cli\bin\Debug\net8.0-windows10.0.22621.0\datasets\recordings\20260912_090902_977b2686\auto_00070132_20260912093431299.jpg,3840,2088,F:\CODE\JianChanChan\scripts\..\docs\qa_runs\a1b\bulk\img_0752.jpg
15,753,20260912_090902_977b2686_auto_00070237_20260912093433364,20260912_090902_977b2686,jpg,F:\CODE\JianChanChan\src\ChanSight.Cli\bin\Debug\net8.0-windows10.0.22621.0\datasets\recordings\20260912_090902_977b2686\auto_00070237_20260912093433364.jpg,3840,2088,F:\CODE\JianChanChan\scripts\..\docs\qa_runs\a1b\bulk\img_0753.jpg
15,754,20260912_090902_977b2686_auto_00070337_20260912093435391,20260912_090902_977b2686,jpg,F:\CODE\JianChanChan\src\ChanSight.Cli\bin\Debug\net8.0-windows10.0.22621.0\datasets\recordings\20260912_090902_977b2686\auto_00070337_20260912093435391.jpg,3840,2088,F:\CODE\JianChanChan\scripts\..\docs\qa_runs\a1b\bulk\img_0754.jpg
15,755,20260912_090902_977b2686_auto_00070437_20260912093437426,20260912_090902_977b2686,jpg,F:\CODE\JianChanChan\src\ChanSight.Cli\bin\Debug\net8.0-windows10.0.22621.0\datasets\recordings\20260912_090902_977b2686\auto_00070437_20260912093437426.jpg,3840,2088,F:\CODE\JianChanChan\scripts\..\docs\qa_runs\a1b\bulk\img_0755.jpg
15,756,20260912_090902_977b2686_auto_00070531_20260912093439454,20260912_090902_977b2686,jpg,F:\CODE\JianChanChan\src\ChanSight.Cli\bin\Debug\net8.0-windows10.0.22621.0\datasets\recordings\20260912_090902_977b2686\auto_00070531_20260912093439454.jpg,3840,2088,F:\CODE\JianChanChan\scripts\..\docs\qa_runs\a1b\bulk\img_0756.jpg
15,757,20260912_090902_977b2686_auto_00070629_20260912093441466,20260912_090902_977b2686,jpg,F:\CODE\JianChanChan\src\ChanSight.Cli\bin\Debug\net8.0-windows10.0.22621.0\datasets\recordings\20260912_090902_977b2686\auto_00070629_20260912093441466.jpg,3840,2088,F:\CODE\JianChanChan\scripts\..\docs\qa_runs\a1b\bulk\img_0757.jpg
15,758,20260912_090902_977b2686_auto_00070703_20260912093443476,20260912_090902_977b2686,jpg,F:\CODE\JianChanChan\src\ChanSight.Cli\bin\Debug\net8.0-windows10.0.22621.0\datasets\recordings\20260912_090902_977b2686\auto_00070703_20260912093443476.jpg,3840,2088,F:\CODE\JianChanChan\scripts\..\docs\qa_runs\a1b\bulk\img_0758.jpg
15,759,20260912_090902_977b2686_auto_00070793_20260912093445503,20260912_090902_977b2686,jpg,F:\CODE\JianChanChan\src\ChanSight.Cli\bin\Debug\net8.0-windows10.0.22621.0\datasets\recordings\20260912_090902_977b2686\auto_00070793_20260912093445503.jpg,3840,2088,F:\CODE\JianChanChan\scripts\..\docs\qa_runs\a1b\bulk\img_0759.jpg
15,760,20260912_090902_977b2686_auto_00070894_20260912093447538,20260912_090902_977b2686,jpg,F:\CODE\JianChanChan\src\ChanSight.Cli\bin\Debug\net8.0-windows10.0.22621.0\datasets\recordings\20260912_090902_977b2686\auto_00070894_20260912093447538.jpg,3840,2088,F:\CODE\JianChanChan\scripts\..\docs\qa_runs\a1b\bulk\img_0760.jpg
15,761,20260912_090902_977b2686_auto_00070996_20260912093449608,20260912_090902_977b2686,jpg,F:\CODE\JianChanChan\src\ChanSight.Cli\bin\Debug\net8.0-windows10.0.22621.0\datasets\recordings\20260912_090902_977b2686\auto_00070996_20260912093449608.jpg,3840,2088,F:\CODE\JianChanChan\scripts\..\docs\qa_runs\a1b\bulk\img_0761.jpg
15,762,20260912_090902_977b2686_auto_00071095_20260912093451629,20260912_090902_977b2686,jpg,F:\CODE\JianChanChan\src\ChanSight.Cli\bin\Debug\net8.0-windows10.0.22621.0\datasets\recordings\20260912_090902_977b2686\auto_00071095_20260912093451629.jpg,3840,2088,F:\CODE\JianChanChan\scripts\..\docs\qa_runs\a1b\bulk\img_0762.jpg
15,763,20260912_090902_977b2686_auto_00071196_20260912093453656,20260912_090902_977b2686,jpg,F:\CODE\JianChanChan\src\ChanSight.Cli\bin\Debug\net8.0-windows10.0.22621.0\datasets\recordings\20260912_090902_977b2686\auto_00071196_20260912093453656.jpg,3840,2088,F:\CODE\JianChanChan\scripts\..\docs\qa_runs\a1b\bulk\img_0763.jpg
15,764,20260912_090902_977b2686_auto_00071298_20260912093455717,20260912_090902_977b2686,jpg,F:\CODE\JianChanChan\src\ChanSight.Cli\bin\Debug\net8.0-windows10.0.22621.0\datasets\recordings\20260912_090902_977b2686\auto_00071298_20260912093455717.jpg,3840,2088,F:\CODE\JianChanChan\scripts\..\docs\qa_runs\a1b\bulk\img_0764.jpg
15,765,20260912_090902_977b2686_auto_00071396_20260912093457725,20260912_090902_977b2686,jpg,F:\CODE\JianChanChan\src\ChanSight.Cli\bin\Debug\net8.0-windows10.0.22621.0\datasets\recordings\20260912_090902_977b2686\auto_00071396_20260912093457725.jpg,3840,2088,F:\CODE\JianChanChan\scripts\..\docs\qa_runs\a1b\bulk\img_0765.jpg
16,766,20260912_090902_977b2686_auto_00071494_20260912093459760,20260912_090902_977b2686,jpg,F:\CODE\JianChanChan\src\ChanSight.Cli\bin\Debug\net8.0-windows10.0.22621.0\datasets\recordings\20260912_090902_977b2686\auto_00071494_20260912093459760.jpg,3840,2088,F:\CODE\JianChanChan\scripts\..\docs\qa_runs\a1b\bulk\img_0766.jpg
16,767,20260912_090902_977b2686_auto_00071593_20260912093501772,20260912_090902_977b2686,jpg,F:\CODE\JianChanChan\src\ChanSight.Cli\bin\Debug\net8.0-windows10.0.22621.0\datasets\recordings\20260912_090902_977b2686\auto_00071593_20260912093501772.jpg,3840,2088,F:\CODE\JianChanChan\scripts\..\docs\qa_runs\a1b\bulk\img_0767.jpg
16,768,20260912_090902_977b2686_auto_00071683_20260912093503789,20260912_090902_977b2686,jpg,F:\CODE\JianChanChan\src\ChanSight.Cli\bin\Debug\net8.0-windows10.0.22621.0\datasets\recordings\20260912_090902_977b2686\auto_00071683_20260912093503789.jpg,3840,2088,F:\CODE\JianChanChan\scripts\..\docs\qa_runs\a1b\bulk\img_0768.jpg
16,769,20260912_090902_977b2686_auto_00071780_20260912093505808,20260912_090902_977b2686,jpg,F:\CODE\JianChanChan\src\ChanSight.Cli\bin\Debug\net8.0-windows10.0.22621.0\datasets\recordings\20260912_090902_977b2686\auto_00071780_20260912093505808.jpg,3840,2088,F:\CODE\JianChanChan\scripts\..\docs\qa_runs\a1b\bulk\img_0769.jpg
16,770,20260912_090902_977b2686_auto_00071874_20260912093507856,20260912_090902_977b2686,jpg,F:\CODE\JianChanChan\src\ChanSight.Cli\bin\Debug\net8.0-windows10.0.22621.0\datasets\recordings\20260912_090902_977b2686\auto_00071874_20260912093507856.jpg,3840,2088,F:\CODE\JianChanChan\scripts\..\docs\qa_runs\a1b\bulk\img_0770.jpg
16,771,20260912_090902_977b2686_auto_00071972_20260912093509886,20260912_090902_977b2686,jpg,F:\CODE\JianChanChan\src\ChanSight.Cli\bin\Debug\net8.0-windows10.0.22621.0\datasets\recordings\20260912_090902_977b2686\auto_00071972_20260912093509886.jpg,3840,2088,F:\CODE\JianChanChan\scripts\..\docs\qa_runs\a1b\bulk\img_0771.jpg
16,772,20260912_090902_977b2686_auto_00072071_20260912093511973,20260912_090902_977b2686,jpg,F:\CODE\JianChanChan\src\ChanSight.Cli\bin\Debug\net8.0-windows10.0.22621.0\datasets\recordings\20260912_090902_977b2686\auto_00072071_20260912093511973.jpg,3840,2088,F:\CODE\JianChanChan\scripts\..\docs\qa_runs\a1b\bulk\img_0772.jpg
16,773,20260912_090902_977b2686_auto_00072172_20260912093514031,20260912_090902_977b2686,jpg,F:\CODE\JianChanChan\src\ChanSight.Cli\bin\Debug\net8.0-windows10.0.22621.0\datasets\recordings\20260912_090902_977b2686\auto_00072172_20260912093514031.jpg,3840,2088,F:\CODE\JianChanChan\scripts\..\docs\qa_runs\a1b\bulk\img_0773.jpg
16,774,20260912_090902_977b2686_auto_00072270_20260912093516065,20260912_090902_977b2686,jpg,F:\CODE\JianChanChan\src\ChanSight.Cli\bin\Debug\net8.0-windows10.0.22621.0\datasets\recordings\20260912_090902_977b2686\auto_00072270_20260912093516065.jpg,3840,2088,F:\CODE\JianChanChan\scripts\..\docs\qa_runs\a1b\bulk\img_0774.jpg
16,775,20260912_090902_977b2686_auto_00072363_20260912093518121,20260912_090902_977b2686,jpg,F:\CODE\JianChanChan\src\ChanSight.Cli\bin\Debug\net8.0-windows10.0.22621.0\datasets\recordings\20260912_090902_977b2686\auto_00072363_20260912093518121.jpg,3840,2088,F:\CODE\JianChanChan\scripts\..\docs\qa_runs\a1b\bulk\img_0775.jpg
16,776,20260912_090902_977b2686_auto_00072454_20260912093520191,20260912_090902_977b2686,jpg,F:\CODE\JianChanChan\src\ChanSight.Cli\bin\Debug\net8.0-windows10.0.22621.0\datasets\recordings\20260912_090902_977b2686\auto_00072454_20260912093520191.jpg,3840,2088,F:\CODE\JianChanChan\scripts\..\docs\qa_runs\a1b\bulk\img_0776.jpg
16,777,20260912_090902_977b2686_auto_00072525_20260912093522227,20260912_090902_977b2686,jpg,F:\CODE\JianChanChan\src\ChanSight.Cli\bin\Debug\net8.0-windows10.0.22621.0\datasets\recordings\20260912_090902_977b2686\auto_00072525_20260912093522227.jpg,3840,2088,F:\CODE\JianChanChan\scripts\..\docs\qa_runs\a1b\bulk\img_0777.jpg
16,778,20260912_090902_977b2686_auto_00072622_20260912093524234,20260912_090902_977b2686,jpg,F:\CODE\JianChanChan\src\ChanSight.Cli\bin\Debug\net8.0-windows10.0.22621.0\datasets\recordings\20260912_090902_977b2686\auto_00072622_20260912093524234.jpg,3840,2088,F:\CODE\JianChanChan\scripts\..\docs\qa_runs\a1b\bulk\img_0778.jpg
16,779,20260912_090902_977b2686_auto_00072720_20260912093526246,20260912_090902_977b2686,jpg,F:\CODE\JianChanChan\src\ChanSight.Cli\bin\Debug\net8.0-windows10.0.22621.0\datasets\recordings\20260912_090902_977b2686\auto_00072720_20260912093526246.jpg,3840,2088,F:\CODE\JianChanChan\scripts\..\docs\qa_runs\a1b\bulk\img_0779.jpg
16,780,20260912_090902_977b2686_auto_00072819_20260912093528304,20260912_090902_977b2686,jpg,F:\CODE\JianChanChan\src\ChanSight.Cli\bin\Debug\net8.0-windows10.0.22621.0\datasets\recordings\20260912_090902_977b2686\auto_00072819_20260912093528304.jpg,3840,2088,F:\CODE\JianChanChan\scripts\..\docs\qa_runs\a1b\bulk\img_0780.jpg
16,781,20260912_090902_977b2686_auto_00072919_20260912093530378,20260912_090902_977b2686,jpg,F:\CODE\JianChanChan\src\ChanSight.Cli\bin\Debug\net8.0-windows10.0.22621.0\datasets\recordings\20260912_090902_977b2686\auto_00072919_20260912093530378.jpg,3840,2088,F:\CODE\JianChanChan\scripts\..\docs\qa_runs\a1b\bulk\img_0781.jpg
16,782,20260912_090902_977b2686_auto_00073016_20260912093532379,20260912_090902_977b2686,jpg,F:\CODE\JianChanChan\src\ChanSight.Cli\bin\Debug\net8.0-windows10.0.22621.0\datasets\recordings\20260912_090902_977b2686\auto_00073016_20260912093532379.jpg,3840,2088,F:\CODE\JianChanChan\scripts\..\docs\qa_runs\a1b\bulk\img_0782.jpg
16,783,20260912_090902_977b2686_auto_00073114_20260912093534401,20260912_090902_977b2686,jpg,F:\CODE\JianChanChan\src\ChanSight.Cli\bin\Debug\net8.0-windows10.0.22621.0\datasets\recordings\20260912_090902_977b2686\auto_00073114_20260912093534401.jpg,3840,2088,F:\CODE\JianChanChan\scripts\..\docs\qa_runs\a1b\bulk\img_0783.jpg
16,784,20260912_090902_977b2686_auto_00073211_20260912093536415,20260912_090902_977b2686,jpg,F:\CODE\JianChanChan\src\ChanSight.Cli\bin\Debug\net8.0-windows10.0.22621.0\datasets\recordings\20260912_090902_977b2686\auto_00073211_20260912093536415.jpg,3840,2088,F:\CODE\JianChanChan\scripts\..\docs\qa_runs\a1b\bulk\img_0784.jpg
16,785,20260912_090902_977b2686_auto_00073311_20260912093538455,20260912_090902_977b2686,jpg,F:\CODE\JianChanChan\src\ChanSight.Cli\bin\Debug\net8.0-windows10.0.22621.0\datasets\recordings\20260912_090902_977b2686\auto_00073311_20260912093538455.jpg,3840,2088,F:\CODE\JianChanChan\scripts\..\docs\qa_runs\a1b\bulk\img_0785.jpg
16,786,20260912_090902_977b2686_auto_00073413_20260912093540480,20260912_090902_977b2686,jpg,F:\CODE\JianChanChan\src\ChanSight.Cli\bin\Debug\net8.0-windows10.0.22621.0\datasets\recordings\20260912_090902_977b2686\auto_00073413_20260912093540480.jpg,3840,2088,F:\CODE\JianChanChan\scripts\..\docs\qa_runs\a1b\bulk\img_0786.jpg
16,787,20260912_090902_977b2686_auto_00073509_20260912093542504,20260912_090902_977b2686,jpg,F:\CODE\JianChanChan\src\ChanSight.Cli\bin\Debug\net8.0-windows10.0.22621.0\datasets\recordings\20260912_090902_977b2686\auto_00073509_20260912093542504.jpg,3840,2088,F:\CODE\JianChanChan\scripts\..\docs\qa_runs\a1b\bulk\img_0787.jpg
16,788,20260912_090902_977b2686_auto_00073606_20260912093544513,20260912_090902_977b2686,jpg,F:\CODE\JianChanChan\src\ChanSight.Cli\bin\Debug\net8.0-windows10.0.22621.0\datasets\recordings\20260912_090902_977b2686\auto_00073606_20260912093544513.jpg,3840,2088,F:\CODE\JianChanChan\scripts\..\docs\qa_runs\a1b\bulk\img_0788.jpg
16,789,20260912_090902_977b2686_auto_00073702_20260912093546527,20260912_090902_977b2686,jpg,F:\CODE\JianChanChan\src\ChanSight.Cli\bin\Debug\net8.0-windows10.0.22621.0\datasets\recordings\20260912_090902_977b2686\auto_00073702_20260912093546527.jpg,3840,2088,F:\CODE\JianChanChan\scripts\..\docs\qa_runs\a1b\bulk\img_0789.jpg
16,790,20260912_090902_977b2686_auto_00073799_20260912093548532,20260912_090902_977b2686,jpg,F:\CODE\JianChanChan\src\ChanSight.Cli\bin\Debug\net8.0-windows10.0.22621.0\datasets\recordings\20260912_090902_977b2686\auto_00073799_20260912093548532.jpg,3840,2088,F:\CODE\JianChanChan\scripts\..\docs\qa_runs\a1b\bulk\img_0790.jpg
16,791,20260912_090902_977b2686_auto_00073898_20260912093550534,20260912_090902_977b2686,jpg,F:\CODE\JianChanChan\src\ChanSight.Cli\bin\Debug\net8.0-windows10.0.22621.0\datasets\recordings\20260912_090902_977b2686\auto_00073898_20260912093550534.jpg,3840,2088,F:\CODE\JianChanChan\scripts\..\docs\qa_runs\a1b\bulk\img_0791.jpg
16,792,20260912_090902_977b2686_auto_00073970_20260912093552561,20260912_090902_977b2686,jpg,F:\CODE\JianChanChan\src\ChanSight.Cli\bin\Debug\net8.0-windows10.0.22621.0\datasets\recordings\20260912_090902_977b2686\auto_00073970_20260912093552561.jpg,3840,2088,F:\CODE\JianChanChan\scripts\..\docs\qa_runs\a1b\bulk\img_0792.jpg
16,793,20260912_090902_977b2686_auto_00074073_20260912093554631,20260912_090902_977b2686,jpg,F:\CODE\JianChanChan\src\ChanSight.Cli\bin\Debug\net8.0-windows10.0.22621.0\datasets\recordings\20260912_090902_977b2686\auto_00074073_20260912093554631.jpg,3840,2088,F:\CODE\JianChanChan\scripts\..\docs\qa_runs\a1b\bulk\img_0793.jpg
16,794,20260912_090902_977b2686_auto_00074172_20260912093556687,20260912_090902_977b2686,jpg,F:\CODE\JianChanChan\src\ChanSight.Cli\bin\Debug\net8.0-windows10.0.22621.0\datasets\recordings\20260912_090902_977b2686\auto_00074172_20260912093556687.jpg,3840,2088,F:\CODE\JianChanChan\scripts\..\docs\qa_runs\a1b\bulk\img_0794.jpg
16,795,20260912_090902_977b2686_auto_00074262_20260912093558696,20260912_090902_977b2686,jpg,F:\CODE\JianChanChan\src\ChanSight.Cli\bin\Debug\net8.0-windows10.0.22621.0\datasets\recordings\20260912_090902_977b2686\auto_00074262_20260912093558696.jpg,3840,2088,F:\CODE\JianChanChan\scripts\..\docs\qa_runs\a1b\bulk\img_0795.jpg
16,796,20260912_090902_977b2686_auto_00074355_20260912093600721,20260912_090902_977b2686,jpg,F:\CODE\JianChanChan\src\ChanSight.Cli\bin\Debug\net8.0-windows10.0.22621.0\datasets\recordings\20260912_090902_977b2686\auto_00074355_20260912093600721.jpg,3840,2088,F:\CODE\JianChanChan\scripts\..\docs\qa_runs\a1b\bulk\img_0796.jpg
16,797,20260912_090902_977b2686_auto_00074441_20260912093602734,20260912_090902_977b2686,jpg,F:\CODE\JianChanChan\src\ChanSight.Cli\bin\Debug\net8.0-windows10.0.22621.0\datasets\recordings\20260912_090902_977b2686\auto_00074441_20260912093602734.jpg,3840,2088,F:\CODE\JianChanChan\scripts\..\docs\qa_runs\a1b\bulk\img_0797.jpg
16,798,20260912_090902_977b2686_auto_00074522_20260912093604770,20260912_090902_977b2686,jpg,F:\CODE\JianChanChan\src\ChanSight.Cli\bin\Debug\net8.0-windows10.0.22621.0\datasets\recordings\20260912_090902_977b2686\auto_00074522_20260912093604770.jpg,3840,2088,F:\CODE\JianChanChan\scripts\..\docs\qa_runs\a1b\bulk\img_0798.jpg
16,799,20260912_090902_977b2686_auto_00074607_20260912093606777,20260912_090902_977b2686,jpg,F:\CODE\JianChanChan\src\ChanSight.Cli\bin\Debug\net8.0-windows10.0.22621.0\datasets\recordings\20260912_090902_977b2686\auto_00074607_20260912093606777.jpg,3840,2088,F:\CODE\JianChanChan\scripts\..\docs\qa_runs\a1b\bulk\img_0799.jpg
16,800,20260912_090902_977b2686_auto_00074699_20260912093608811,20260912_090902_977b2686,jpg,F:\CODE\JianChanChan\src\ChanSight.Cli\bin\Debug\net8.0-windows10.0.22621.0\datasets\recordings\20260912_090902_977b2686\auto_00074699_20260912093608811.jpg,3840,2088,F:\CODE\JianChanChan\scripts\..\docs\qa_runs\a1b\bulk\img_0800.jpg
16,801,20260912_090902_977b2686_auto_00074785_20260912093610818,20260912_090902_977b2686,jpg,F:\CODE\JianChanChan\src\ChanSight.Cli\bin\Debug\net8.0-windows10.0.22621.0\datasets\recordings\20260912_090902_977b2686\auto_00074785_20260912093610818.jpg,3840,2088,F:\CODE\JianChanChan\scripts\..\docs\qa_runs\a1b\bulk\img_0801.jpg
16,802,20260912_090902_977b2686_auto_00074875_20260912093612846,20260912_090902_977b2686,jpg,F:\CODE\JianChanChan\src\ChanSight.Cli\bin\Debug\net8.0-windows10.0.22621.0\datasets\recordings\20260912_090902_977b2686\auto_00074875_20260912093612846.jpg,3840,2088,F:\CODE\JianChanChan\scripts\..\docs\qa_runs\a1b\bulk\img_0802.jpg
16,803,20260912_090902_977b2686_auto_00074960_20260912093614880,20260912_090902_977b2686,jpg,F:\CODE\JianChanChan\src\ChanSight.Cli\bin\Debug\net8.0-windows10.0.22621.0\datasets\recordings\20260912_090902_977b2686\auto_00074960_20260912093614880.jpg,3840,2088,F:\CODE\JianChanChan\scripts\..\docs\qa_runs\a1b\bulk\img_0803.jpg
16,804,20260912_090902_977b2686_auto_00075046_20260912093616908,20260912_090902_977b2686,jpg,F:\CODE\JianChanChan\src\ChanSight.Cli\bin\Debug\net8.0-windows10.0.22621.0\datasets\recordings\20260912_090902_977b2686\auto_00075046_20260912093616908.jpg,3840,2088,F:\CODE\JianChanChan\scripts\..\docs\qa_runs\a1b\bulk\img_0804.jpg
16,805,20260912_090902_977b2686_auto_00075142_20260912093618930,20260912_090902_977b2686,jpg,F:\CODE\JianChanChan\src\ChanSight.Cli\bin\Debug\net8.0-windows10.0.22621.0\datasets\recordings\20260912_090902_977b2686\auto_00075142_20260912093618930.jpg,3840,2088,F:\CODE\JianChanChan\scripts\..\docs\qa_runs\a1b\bulk\img_0805.jpg
16,806,20260912_090902_977b2686_auto_00075235_20260912093620944,20260912_090902_977b2686,jpg,F:\CODE\JianChanChan\src\ChanSight.Cli\bin\Debug\net8.0-windows10.0.22621.0\datasets\recordings\20260912_090902_977b2686\auto_00075235_20260912093620944.jpg,3840,2088,F:\CODE\JianChanChan\scripts\..\docs\qa_runs\a1b\bulk\img_0806.jpg
16,807,20260912_090902_977b2686_auto_00075337_20260912093623006,20260912_090902_977b2686,jpg,F:\CODE\JianChanChan\src\ChanSight.Cli\bin\Debug\net8.0-windows10.0.22621.0\datasets\recordings\20260912_090902_977b2686\auto_00075337_20260912093623006.jpg,3840,2088,F:\CODE\JianChanChan\scripts\..\docs\qa_runs\a1b\bulk\img_0807.jpg
16,808,20260912_090902_977b2686_auto_00075430_20260912093625027,20260912_090902_977b2686,jpg,F:\CODE\JianChanChan\src\ChanSight.Cli\bin\Debug\net8.0-windows10.0.22621.0\datasets\recordings\20260912_090902_977b2686\auto_00075430_20260912093625027.jpg,3840,2088,F:\CODE\JianChanChan\scripts\..\docs\qa_runs\a1b\bulk\img_0808.jpg
16,809,20260912_090902_977b2686_auto_00075532_20260912093627062,20260912_090902_977b2686,jpg,F:\CODE\JianChanChan\src\ChanSight.Cli\bin\Debug\net8.0-windows10.0.22621.0\datasets\recordings\20260912_090902_977b2686\auto_00075532_20260912093627062.jpg,3840,2088,F:\CODE\JianChanChan\scripts\..\docs\qa_runs\a1b\bulk\img_0809.jpg
16,810,20260912_090902_977b2686_auto_00075634_20260912093629097,20260912_090902_977b2686,jpg,F:\CODE\JianChanChan\src\ChanSight.Cli\bin\Debug\net8.0-windows10.0.22621.0\datasets\recordings\20260912_090902_977b2686\auto_00075634_20260912093629097.jpg,3840,2088,F:\CODE\JianChanChan\scripts\..\docs\qa_runs\a1b\bulk\img_0810.jpg
16,811,20260912_090902_977b2686_auto_00075736_20260912093631125,20260912_090902_977b2686,jpg,F:\CODE\JianChanChan\src\ChanSight.Cli\bin\Debug\net8.0-windows10.0.22621.0\datasets\recordings\20260912_090902_977b2686\auto_00075736_20260912093631125.jpg,3840,2088,F:\CODE\JianChanChan\scripts\..\docs\qa_runs\a1b\bulk\img_0811.jpg
16,812,20260912_090902_977b2686_auto_00075822_20260912093633131,20260912_090902_977b2686,jpg,F:\CODE\JianChanChan\src\ChanSight.Cli\bin\Debug\net8.0-windows10.0.22621.0\datasets\recordings\20260912_090902_977b2686\auto_00075822_20260912093633131.jpg,3840,2088,F:\CODE\JianChanChan\scripts\..\docs\qa_runs\a1b\bulk\img_0812.jpg
16,813,20260912_090902_977b2686_auto_00075919_20260912093635154,20260912_090902_977b2686,jpg,F:\CODE\JianChanChan\src\ChanSight.Cli\bin\Debug\net8.0-windows10.0.22621.0\datasets\recordings\20260912_090902_977b2686\auto_00075919_20260912093635154.jpg,3840,2088,F:\CODE\JianChanChan\scripts\..\docs\qa_runs\a1b\bulk\img_0813.jpg
16,814,20260912_090902_977b2686_auto_00076023_20260912093637222,20260912_090902_977b2686,jpg,F:\CODE\JianChanChan\src\ChanSight.Cli\bin\Debug\net8.0-windows10.0.22621.0\datasets\recordings\20260912_090902_977b2686\auto_00076023_20260912093637222.jpg,3840,2088,F:\CODE\JianChanChan\scripts\..\docs\qa_runs\a1b\bulk\img_0814.jpg
16,815,20260912_090902_977b2686_auto_00076079_20260912093639291,20260912_090902_977b2686,jpg,F:\CODE\JianChanChan\src\ChanSight.Cli\bin\Debug\net8.0-windows10.0.22621.0\datasets\recordings\20260912_090902_977b2686\auto_00076079_20260912093639291.jpg,3840,2088,F:\CODE\JianChanChan\scripts\..\docs\qa_runs\a1b\bulk\img_0815.jpg
16,816,20260912_090902_977b2686_auto_00076118_20260912093641393,20260912_090902_977b2686,jpg,F:\CODE\JianChanChan\src\ChanSight.Cli\bin\Debug\net8.0-windows10.0.22621.0\datasets\recordings\20260912_090902_977b2686\auto_00076118_20260912093641393.jpg,3840,2088,F:\CODE\JianChanChan\scripts\..\docs\qa_runs\a1b\bulk\img_0816.jpg
17,817,20260912_090902_977b2686_auto_00076139_20260912093643784,20260912_090902_977b2686,jpg,F:\CODE\JianChanChan\src\ChanSight.Cli\bin\Debug\net8.0-windows10.0.22621.0\datasets\recordings\20260912_090902_977b2686\auto_00076139_20260912093643784.jpg,3840,2088,F:\CODE\JianChanChan\scripts\..\docs\qa_runs\a1b\bulk\img_0817.jpg
17,818,20260912_090902_977b2686_auto_00076189_20260912093645847,20260912_090902_977b2686,jpg,F:\CODE\JianChanChan\src\ChanSight.Cli\bin\Debug\net8.0-windows10.0.22621.0\datasets\recordings\20260912_090902_977b2686\auto_00076189_20260912093645847.jpg,3840,2088,F:\CODE\JianChanChan\scripts\..\docs\qa_runs\a1b\bulk\img_0818.jpg
17,819,20260912_090902_977b2686_auto_00076289_20260912093647905,20260912_090902_977b2686,jpg,F:\CODE\JianChanChan\src\ChanSight.Cli\bin\Debug\net8.0-windows10.0.22621.0\datasets\recordings\20260912_090902_977b2686\auto_00076289_20260912093647905.jpg,3840,2088,F:\CODE\JianChanChan\scripts\..\docs\qa_runs\a1b\bulk\img_0819.jpg
17,820,20260912_090902_977b2686_auto_00076387_20260912093649918,20260912_090902_977b2686,jpg,F:\CODE\JianChanChan\src\ChanSight.Cli\bin\Debug\net8.0-windows10.0.22621.0\datasets\recordings\20260912_090902_977b2686\auto_00076387_20260912093649918.jpg,3840,2088,F:\CODE\JianChanChan\scripts\..\docs\qa_runs\a1b\bulk\img_0820.jpg
